/*
SQLyog Ultimate v13.1.1 (64 bit)
MySQL - 10.1.38-MariaDB : Database - samaktadb
*********************************************************************
*/

/*!40101 SET NAMES utf8 */;

/*!40101 SET SQL_MODE=''*/;

/*!40014 SET @OLD_UNIQUE_CHECKS=@@UNIQUE_CHECKS, UNIQUE_CHECKS=0 */;
/*!40014 SET @OLD_FOREIGN_KEY_CHECKS=@@FOREIGN_KEY_CHECKS, FOREIGN_KEY_CHECKS=0 */;
/*!40101 SET @OLD_SQL_MODE=@@SQL_MODE, SQL_MODE='NO_AUTO_VALUE_ON_ZERO' */;
/*!40111 SET @OLD_SQL_NOTES=@@SQL_NOTES, SQL_NOTES=0 */;
CREATE DATABASE /*!32312 IF NOT EXISTS*/`samaktadb` /*!40100 DEFAULT CHARACTER SET latin1 */;

USE `samaktadb`;

/*Data for the table `admin` */

insert  into `admin`(`id_admin`,`nama_admin`,`username`,`password_admin`,`level_admin`,`path_foto_admin`,`status_admin`) values 
(1,'Super Administrator','superadmin','$2y$10$XzBxbRQQ5WTkJwPlcKRDRe7XiuMwwn7JIuWzH1Vprq6OyrvASa0Pe','ADR',NULL,'A'),
(2,'Admin Biasa','admin','$2y$10$XzBxbRQQ5WTkJwPlcKRDRe7XiuMwwn7JIuWzH1Vprq6OyrvASa0Pe','ADM',NULL,'A'),
(3,'Manager','manager','$2y$10$1Hcf8IaRaliRFiOHiFm/oeP3oeMCPu1V6RdUwTTXlt3u/DQOH9Kia','MNG',NULL,'A'),
(4,'Syafira','syafira','$2y$10$PmH8.vEiftOY2WehvgxFfe5JmbBH4UCWYcjGf327.p4HNUPxQze4i','ADM',NULL,'A'),
(5,'putri','putri','$2y$10$hpIXKPDleyz59XbhbTEH1Onca.UHIPHZrnhnRxbgilnJ9lx87dI3e','ADM',NULL,'A'),
(6,'efriyansyah','ryan.efriyansyah','$2y$10$ud2JdPihrd4SyTrttPbk1eVzzqZ1POomtSZ4jvuD6yuQsNsFLkFo2','ADR','Foto_admin-6-1568261147243.jpg','A');

/*Data for the table `bidang_usaha` */

insert  into `bidang_usaha`(`id_bidang_usaha`,`nama_bidang_usaha`,`status_bidang_usaha`) values 
(1,'Financial Service','A'),
(2,'Contruction','A'),
(3,'Manufacturing','A'),
(0,'-','A');

/*Data for the table `city` */

insert  into `city`(`city_id`,`province_id`,`city_name`) values 
('1101','11','KABUPATEN SIMEULUE'),
('1102','11','KABUPATEN ACEH SINGKIL'),
('1103','11','KABUPATEN ACEH SELATAN'),
('1104','11','KABUPATEN ACEH TENGGARA'),
('1105','11','KABUPATEN ACEH TIMUR'),
('1106','11','KABUPATEN ACEH TENGAH'),
('1107','11','KABUPATEN ACEH BARAT'),
('1108','11','KABUPATEN ACEH BESAR'),
('1109','11','KABUPATEN PIDIE'),
('1110','11','KABUPATEN BIREUEN'),
('1111','11','KABUPATEN ACEH UTARA'),
('1112','11','KABUPATEN ACEH BARAT DAYA'),
('1113','11','KABUPATEN GAYO LUES'),
('1114','11','KABUPATEN ACEH TAMIANG'),
('1115','11','KABUPATEN NAGAN RAYA'),
('1116','11','KABUPATEN ACEH JAYA'),
('1117','11','KABUPATEN BENER MERIAH'),
('1118','11','KABUPATEN PIDIE JAYA'),
('1171','11','KOTA BANDA ACEH'),
('1172','11','KOTA SABANG'),
('1173','11','KOTA LANGSA'),
('1174','11','KOTA LHOKSEUMAWE'),
('1175','11','KOTA SUBULUSSALAM'),
('1201','12','KABUPATEN NIAS'),
('1202','12','KABUPATEN MANDAILING NATAL'),
('1203','12','KABUPATEN TAPANULI SELATAN'),
('1204','12','KABUPATEN TAPANULI TENGAH'),
('1205','12','KABUPATEN TAPANULI UTARA'),
('1206','12','KABUPATEN TOBA SAMOSIR'),
('1207','12','KABUPATEN LABUHAN BATU'),
('1208','12','KABUPATEN ASAHAN'),
('1209','12','KABUPATEN SIMALUNGUN'),
('1210','12','KABUPATEN DAIRI'),
('1211','12','KABUPATEN KARO'),
('1212','12','KABUPATEN DELI SERDANG'),
('1213','12','KABUPATEN LANGKAT'),
('1214','12','KABUPATEN NIAS SELATAN'),
('1215','12','KABUPATEN HUMBANG HASUNDUTAN'),
('1216','12','KABUPATEN PAKPAK BHARAT'),
('1217','12','KABUPATEN SAMOSIR'),
('1218','12','KABUPATEN SERDANG BEDAGAI'),
('1219','12','KABUPATEN BATU BARA'),
('1220','12','KABUPATEN PADANG LAWAS UTARA'),
('1221','12','KABUPATEN PADANG LAWAS'),
('1222','12','KABUPATEN LABUHAN BATU SELATAN'),
('1223','12','KABUPATEN LABUHAN BATU UTARA'),
('1224','12','KABUPATEN NIAS UTARA'),
('1225','12','KABUPATEN NIAS BARAT'),
('1271','12','KOTA SIBOLGA'),
('1272','12','KOTA TANJUNG BALAI'),
('1273','12','KOTA PEMATANG SIANTAR'),
('1274','12','KOTA TEBING TINGGI'),
('1275','12','KOTA MEDAN'),
('1276','12','KOTA BINJAI'),
('1277','12','KOTA PADANGSIDIMPUAN'),
('1278','12','KOTA GUNUNGSITOLI'),
('1301','13','KABUPATEN KEPULAUAN MENTAWAI'),
('1302','13','KABUPATEN PESISIR SELATAN'),
('1303','13','KABUPATEN SOLOK'),
('1304','13','KABUPATEN SIJUNJUNG'),
('1305','13','KABUPATEN TANAH DATAR'),
('1306','13','KABUPATEN PADANG PARIAMAN'),
('1307','13','KABUPATEN AGAM'),
('1308','13','KABUPATEN LIMA PULUH KOTA'),
('1309','13','KABUPATEN PASAMAN'),
('1310','13','KABUPATEN SOLOK SELATAN'),
('1311','13','KABUPATEN DHARMASRAYA'),
('1312','13','KABUPATEN PASAMAN BARAT'),
('1371','13','KOTA PADANG'),
('1372','13','KOTA SOLOK'),
('1373','13','KOTA SAWAH LUNTO'),
('1374','13','KOTA PADANG PANJANG'),
('1375','13','KOTA BUKITTINGGI'),
('1376','13','KOTA PAYAKUMBUH'),
('1377','13','KOTA PARIAMAN'),
('1401','14','KABUPATEN KUANTAN SINGINGI'),
('1402','14','KABUPATEN INDRAGIRI HULU'),
('1403','14','KABUPATEN INDRAGIRI HILIR'),
('1404','14','KABUPATEN PELALAWAN'),
('1405','14','KABUPATEN S I A K'),
('1406','14','KABUPATEN KAMPAR'),
('1407','14','KABUPATEN ROKAN HULU'),
('1408','14','KABUPATEN BENGKALIS'),
('1409','14','KABUPATEN ROKAN HILIR'),
('1410','14','KABUPATEN KEPULAUAN MERANTI'),
('1471','14','KOTA PEKANBARU'),
('1473','14','KOTA D U M A I'),
('1501','15','KABUPATEN KERINCI'),
('1502','15','KABUPATEN MERANGIN'),
('1503','15','KABUPATEN SAROLANGUN'),
('1504','15','KABUPATEN BATANG HARI'),
('1505','15','KABUPATEN MUARO JAMBI'),
('1506','15','KABUPATEN TANJUNG JABUNG TIMUR'),
('1507','15','KABUPATEN TANJUNG JABUNG BARAT'),
('1508','15','KABUPATEN TEBO'),
('1509','15','KABUPATEN BUNGO'),
('1571','15','KOTA JAMBI'),
('1572','15','KOTA SUNGAI PENUH'),
('1601','16','KABUPATEN OGAN KOMERING ULU'),
('1602','16','KABUPATEN OGAN KOMERING ILIR'),
('1603','16','KABUPATEN MUARA ENIM'),
('1604','16','KABUPATEN LAHAT'),
('1605','16','KABUPATEN MUSI RAWAS'),
('1606','16','KABUPATEN MUSI BANYUASIN'),
('1607','16','KABUPATEN BANYU ASIN'),
('1608','16','KABUPATEN OGAN KOMERING ULU SELATAN'),
('1609','16','KABUPATEN OGAN KOMERING ULU TIMUR'),
('1610','16','KABUPATEN OGAN ILIR'),
('1611','16','KABUPATEN EMPAT LAWANG'),
('1612','16','KABUPATEN PENUKAL ABAB LEMATANG ILIR'),
('1613','16','KABUPATEN MUSI RAWAS UTARA'),
('1671','16','KOTA PALEMBANG'),
('1672','16','KOTA PRABUMULIH'),
('1673','16','KOTA PAGAR ALAM'),
('1674','16','KOTA LUBUKLINGGAU'),
('1701','17','KABUPATEN BENGKULU SELATAN'),
('1702','17','KABUPATEN REJANG LEBONG'),
('1703','17','KABUPATEN BENGKULU UTARA'),
('1704','17','KABUPATEN KAUR'),
('1705','17','KABUPATEN SELUMA'),
('1706','17','KABUPATEN MUKOMUKO'),
('1707','17','KABUPATEN LEBONG'),
('1708','17','KABUPATEN KEPAHIANG'),
('1709','17','KABUPATEN BENGKULU TENGAH'),
('1771','17','KOTA BENGKULU'),
('1801','18','KABUPATEN LAMPUNG BARAT'),
('1802','18','KABUPATEN TANGGAMUS'),
('1803','18','KABUPATEN LAMPUNG SELATAN'),
('1804','18','KABUPATEN LAMPUNG TIMUR'),
('1805','18','KABUPATEN LAMPUNG TENGAH'),
('1806','18','KABUPATEN LAMPUNG UTARA'),
('1807','18','KABUPATEN WAY KANAN'),
('1808','18','KABUPATEN TULANGBAWANG'),
('1809','18','KABUPATEN PESAWARAN'),
('1810','18','KABUPATEN PRINGSEWU'),
('1811','18','KABUPATEN MESUJI'),
('1812','18','KABUPATEN TULANG BAWANG BARAT'),
('1813','18','KABUPATEN PESISIR BARAT'),
('1871','18','KOTA BANDAR LAMPUNG'),
('1872','18','KOTA METRO'),
('1901','19','KABUPATEN BANGKA'),
('1902','19','KABUPATEN BELITUNG'),
('1903','19','KABUPATEN BANGKA BARAT'),
('1904','19','KABUPATEN BANGKA TENGAH'),
('1905','19','KABUPATEN BANGKA SELATAN'),
('1906','19','KABUPATEN BELITUNG TIMUR'),
('1971','19','KOTA PANGKAL PINANG'),
('2101','21','KABUPATEN KARIMUN'),
('2102','21','KABUPATEN BINTAN'),
('2103','21','KABUPATEN NATUNA'),
('2104','21','KABUPATEN LINGGA'),
('2105','21','KABUPATEN KEPULAUAN ANAMBAS'),
('2171','21','KOTA BATAM'),
('2172','21','KOTA TANJUNG PINANG'),
('3101','31','KABUPATEN KEPULAUAN SERIBU'),
('3171','31','KOTA JAKARTA SELATAN'),
('3172','31','KOTA JAKARTA TIMUR'),
('3173','31','KOTA JAKARTA PUSAT'),
('3174','31','KOTA JAKARTA BARAT'),
('3175','31','KOTA JAKARTA UTARA'),
('3201','32','KABUPATEN BOGOR'),
('3202','32','KABUPATEN SUKABUMI'),
('3203','32','KABUPATEN CIANJUR'),
('3204','32','KABUPATEN BANDUNG'),
('3205','32','KABUPATEN GARUT'),
('3206','32','KABUPATEN TASIKMALAYA'),
('3207','32','KABUPATEN CIAMIS'),
('3208','32','KABUPATEN KUNINGAN'),
('3209','32','KABUPATEN CIREBON'),
('3210','32','KABUPATEN MAJALENGKA'),
('3211','32','KABUPATEN SUMEDANG'),
('3212','32','KABUPATEN INDRAMAYU'),
('3213','32','KABUPATEN SUBANG'),
('3214','32','KABUPATEN PURWAKARTA'),
('3215','32','KABUPATEN KARAWANG'),
('3216','32','KABUPATEN BEKASI'),
('3217','32','KABUPATEN BANDUNG BARAT'),
('3218','32','KABUPATEN PANGANDARAN'),
('3271','32','KOTA BOGOR'),
('3272','32','KOTA SUKABUMI'),
('3273','32','KOTA BANDUNG'),
('3274','32','KOTA CIREBON'),
('3275','32','KOTA BEKASI'),
('3276','32','KOTA DEPOK'),
('3277','32','KOTA CIMAHI'),
('3278','32','KOTA TASIKMALAYA'),
('3279','32','KOTA BANJAR'),
('3301','33','KABUPATEN CILACAP'),
('3302','33','KABUPATEN BANYUMAS'),
('3303','33','KABUPATEN PURBALINGGA'),
('3304','33','KABUPATEN BANJARNEGARA'),
('3305','33','KABUPATEN KEBUMEN'),
('3306','33','KABUPATEN PURWOREJO'),
('3307','33','KABUPATEN WONOSOBO'),
('3308','33','KABUPATEN MAGELANG'),
('3309','33','KABUPATEN BOYOLALI'),
('3310','33','KABUPATEN KLATEN'),
('3311','33','KABUPATEN SUKOHARJO'),
('3312','33','KABUPATEN WONOGIRI'),
('3313','33','KABUPATEN KARANGANYAR'),
('3314','33','KABUPATEN SRAGEN'),
('3315','33','KABUPATEN GROBOGAN'),
('3316','33','KABUPATEN BLORA'),
('3317','33','KABUPATEN REMBANG'),
('3318','33','KABUPATEN PATI'),
('3319','33','KABUPATEN KUDUS'),
('3320','33','KABUPATEN JEPARA'),
('3321','33','KABUPATEN DEMAK'),
('3322','33','KABUPATEN SEMARANG'),
('3323','33','KABUPATEN TEMANGGUNG'),
('3324','33','KABUPATEN KENDAL'),
('3325','33','KABUPATEN BATANG'),
('3326','33','KABUPATEN PEKALONGAN'),
('3327','33','KABUPATEN PEMALANG'),
('3328','33','KABUPATEN TEGAL'),
('3329','33','KABUPATEN BREBES'),
('3371','33','KOTA MAGELANG'),
('3372','33','KOTA SURAKARTA'),
('3373','33','KOTA SALATIGA'),
('3374','33','KOTA SEMARANG'),
('3375','33','KOTA PEKALONGAN'),
('3376','33','KOTA TEGAL'),
('3401','34','KABUPATEN KULON PROGO'),
('3402','34','KABUPATEN BANTUL'),
('3403','34','KABUPATEN GUNUNG KIDUL'),
('3404','34','KABUPATEN SLEMAN'),
('3471','34','KOTA YOGYAKARTA'),
('3501','35','KABUPATEN PACITAN'),
('3502','35','KABUPATEN PONOROGO'),
('3503','35','KABUPATEN TRENGGALEK'),
('3504','35','KABUPATEN TULUNGAGUNG'),
('3505','35','KABUPATEN BLITAR'),
('3506','35','KABUPATEN KEDIRI'),
('3507','35','KABUPATEN MALANG'),
('3508','35','KABUPATEN LUMAJANG'),
('3509','35','KABUPATEN JEMBER'),
('3510','35','KABUPATEN BANYUWANGI'),
('3511','35','KABUPATEN BONDOWOSO'),
('3512','35','KABUPATEN SITUBONDO'),
('3513','35','KABUPATEN PROBOLINGGO'),
('3514','35','KABUPATEN PASURUAN'),
('3515','35','KABUPATEN SIDOARJO'),
('3516','35','KABUPATEN MOJOKERTO'),
('3517','35','KABUPATEN JOMBANG'),
('3518','35','KABUPATEN NGANJUK'),
('3519','35','KABUPATEN MADIUN'),
('3520','35','KABUPATEN MAGETAN'),
('3521','35','KABUPATEN NGAWI'),
('3522','35','KABUPATEN BOJONEGORO'),
('3523','35','KABUPATEN TUBAN'),
('3524','35','KABUPATEN LAMONGAN'),
('3525','35','KABUPATEN GRESIK'),
('3526','35','KABUPATEN BANGKALAN'),
('3527','35','KABUPATEN SAMPANG'),
('3528','35','KABUPATEN PAMEKASAN'),
('3529','35','KABUPATEN SUMENEP'),
('3571','35','KOTA KEDIRI'),
('3572','35','KOTA BLITAR'),
('3573','35','KOTA MALANG'),
('3574','35','KOTA PROBOLINGGO'),
('3575','35','KOTA PASURUAN'),
('3576','35','KOTA MOJOKERTO'),
('3577','35','KOTA MADIUN'),
('3578','35','KOTA SURABAYA'),
('3579','35','KOTA BATU'),
('3601','36','KABUPATEN PANDEGLANG'),
('3602','36','KABUPATEN LEBAK'),
('3603','36','KABUPATEN TANGERANG'),
('3604','36','KABUPATEN SERANG'),
('3671','36','KOTA TANGERANG'),
('3672','36','KOTA CILEGON'),
('3673','36','KOTA SERANG'),
('3674','36','KOTA TANGERANG SELATAN'),
('5101','51','KABUPATEN JEMBRANA'),
('5102','51','KABUPATEN TABANAN'),
('5103','51','KABUPATEN BADUNG'),
('5104','51','KABUPATEN GIANYAR'),
('5105','51','KABUPATEN KLUNGKUNG'),
('5106','51','KABUPATEN BANGLI'),
('5107','51','KABUPATEN KARANG ASEM'),
('5108','51','KABUPATEN BULELENG'),
('5171','51','KOTA DENPASAR'),
('5201','52','KABUPATEN LOMBOK BARAT'),
('5202','52','KABUPATEN LOMBOK TENGAH'),
('5203','52','KABUPATEN LOMBOK TIMUR'),
('5204','52','KABUPATEN SUMBAWA'),
('5205','52','KABUPATEN DOMPU'),
('5206','52','KABUPATEN BIMA'),
('5207','52','KABUPATEN SUMBAWA BARAT'),
('5208','52','KABUPATEN LOMBOK UTARA'),
('5271','52','KOTA MATARAM'),
('5272','52','KOTA BIMA'),
('5301','53','KABUPATEN SUMBA BARAT'),
('5302','53','KABUPATEN SUMBA TIMUR'),
('5303','53','KABUPATEN KUPANG'),
('5304','53','KABUPATEN TIMOR TENGAH SELATAN'),
('5305','53','KABUPATEN TIMOR TENGAH UTARA'),
('5306','53','KABUPATEN BELU'),
('5307','53','KABUPATEN ALOR'),
('5308','53','KABUPATEN LEMBATA'),
('5309','53','KABUPATEN FLORES TIMUR'),
('5310','53','KABUPATEN SIKKA'),
('5311','53','KABUPATEN ENDE'),
('5312','53','KABUPATEN NGADA'),
('5313','53','KABUPATEN MANGGARAI'),
('5314','53','KABUPATEN ROTE NDAO'),
('5315','53','KABUPATEN MANGGARAI BARAT'),
('5316','53','KABUPATEN SUMBA TENGAH'),
('5317','53','KABUPATEN SUMBA BARAT DAYA'),
('5318','53','KABUPATEN NAGEKEO'),
('5319','53','KABUPATEN MANGGARAI TIMUR'),
('5320','53','KABUPATEN SABU RAIJUA'),
('5321','53','KABUPATEN MALAKA'),
('5371','53','KOTA KUPANG'),
('6101','61','KABUPATEN SAMBAS'),
('6102','61','KABUPATEN BENGKAYANG'),
('6103','61','KABUPATEN LANDAK'),
('6104','61','KABUPATEN MEMPAWAH'),
('6105','61','KABUPATEN SANGGAU'),
('6106','61','KABUPATEN KETAPANG'),
('6107','61','KABUPATEN SINTANG'),
('6108','61','KABUPATEN KAPUAS HULU'),
('6109','61','KABUPATEN SEKADAU'),
('6110','61','KABUPATEN MELAWI'),
('6111','61','KABUPATEN KAYONG UTARA'),
('6112','61','KABUPATEN KUBU RAYA'),
('6171','61','KOTA PONTIANAK'),
('6172','61','KOTA SINGKAWANG'),
('6201','62','KABUPATEN KOTAWARINGIN BARAT'),
('6202','62','KABUPATEN KOTAWARINGIN TIMUR'),
('6203','62','KABUPATEN KAPUAS'),
('6204','62','KABUPATEN BARITO SELATAN'),
('6205','62','KABUPATEN BARITO UTARA'),
('6206','62','KABUPATEN SUKAMARA'),
('6207','62','KABUPATEN LAMANDAU'),
('6208','62','KABUPATEN SERUYAN'),
('6209','62','KABUPATEN KATINGAN'),
('6210','62','KABUPATEN PULANG PISAU'),
('6211','62','KABUPATEN GUNUNG MAS'),
('6212','62','KABUPATEN BARITO TIMUR'),
('6213','62','KABUPATEN MURUNG RAYA'),
('6271','62','KOTA PALANGKA RAYA'),
('6301','63','KABUPATEN TANAH LAUT'),
('6302','63','KABUPATEN KOTA BARU'),
('6303','63','KABUPATEN BANJAR'),
('6304','63','KABUPATEN BARITO KUALA'),
('6305','63','KABUPATEN TAPIN'),
('6306','63','KABUPATEN HULU SUNGAI SELATAN'),
('6307','63','KABUPATEN HULU SUNGAI TENGAH'),
('6308','63','KABUPATEN HULU SUNGAI UTARA'),
('6309','63','KABUPATEN TABALONG'),
('6310','63','KABUPATEN TANAH BUMBU'),
('6311','63','KABUPATEN BALANGAN'),
('6371','63','KOTA BANJARMASIN'),
('6372','63','KOTA BANJAR BARU'),
('6401','64','KABUPATEN PASER'),
('6402','64','KABUPATEN KUTAI BARAT'),
('6403','64','KABUPATEN KUTAI KARTANEGARA'),
('6404','64','KABUPATEN KUTAI TIMUR'),
('6405','64','KABUPATEN BERAU'),
('6409','64','KABUPATEN PENAJAM PASER UTARA'),
('6411','64','KABUPATEN MAHAKAM HULU'),
('6471','64','KOTA BALIKPAPAN'),
('6472','64','KOTA SAMARINDA'),
('6474','64','KOTA BONTANG'),
('6501','65','KABUPATEN MALINAU'),
('6502','65','KABUPATEN BULUNGAN'),
('6503','65','KABUPATEN TANA TIDUNG'),
('6504','65','KABUPATEN NUNUKAN'),
('6571','65','KOTA TARAKAN'),
('7101','71','KABUPATEN BOLAANG MONGONDOW'),
('7102','71','KABUPATEN MINAHASA'),
('7103','71','KABUPATEN KEPULAUAN SANGIHE'),
('7104','71','KABUPATEN KEPULAUAN TALAUD'),
('7105','71','KABUPATEN MINAHASA SELATAN'),
('7106','71','KABUPATEN MINAHASA UTARA'),
('7107','71','KABUPATEN BOLAANG MONGONDOW UTARA'),
('7108','71','KABUPATEN SIAU TAGULANDANG BIARO'),
('7109','71','KABUPATEN MINAHASA TENGGARA'),
('7110','71','KABUPATEN BOLAANG MONGONDOW SELATAN'),
('7111','71','KABUPATEN BOLAANG MONGONDOW TIMUR'),
('7171','71','KOTA MANADO'),
('7172','71','KOTA BITUNG'),
('7173','71','KOTA TOMOHON'),
('7174','71','KOTA KOTAMOBAGU'),
('7201','72','KABUPATEN BANGGAI KEPULAUAN'),
('7202','72','KABUPATEN BANGGAI'),
('7203','72','KABUPATEN MOROWALI'),
('7204','72','KABUPATEN POSO'),
('7205','72','KABUPATEN DONGGALA'),
('7206','72','KABUPATEN TOLI-TOLI'),
('7207','72','KABUPATEN BUOL'),
('7208','72','KABUPATEN PARIGI MOUTONG'),
('7209','72','KABUPATEN TOJO UNA-UNA'),
('7210','72','KABUPATEN SIGI'),
('7211','72','KABUPATEN BANGGAI LAUT'),
('7212','72','KABUPATEN MOROWALI UTARA'),
('7271','72','KOTA PALU'),
('7301','73','KABUPATEN KEPULAUAN SELAYAR'),
('7302','73','KABUPATEN BULUKUMBA'),
('7303','73','KABUPATEN BANTAENG'),
('7304','73','KABUPATEN JENEPONTO'),
('7305','73','KABUPATEN TAKALAR'),
('7306','73','KABUPATEN GOWA'),
('7307','73','KABUPATEN SINJAI'),
('7308','73','KABUPATEN MAROS'),
('7309','73','KABUPATEN PANGKAJENE DAN KEPULAUAN'),
('7310','73','KABUPATEN BARRU'),
('7311','73','KABUPATEN BONE'),
('7312','73','KABUPATEN SOPPENG'),
('7313','73','KABUPATEN WAJO'),
('7314','73','KABUPATEN SIDENRENG RAPPANG'),
('7315','73','KABUPATEN PINRANG'),
('7316','73','KABUPATEN ENREKANG'),
('7317','73','KABUPATEN LUWU'),
('7318','73','KABUPATEN TANA TORAJA'),
('7322','73','KABUPATEN LUWU UTARA'),
('7325','73','KABUPATEN LUWU TIMUR'),
('7326','73','KABUPATEN TORAJA UTARA'),
('7371','73','KOTA MAKASSAR'),
('7372','73','KOTA PAREPARE'),
('7373','73','KOTA PALOPO'),
('7401','74','KABUPATEN BUTON'),
('7402','74','KABUPATEN MUNA'),
('7403','74','KABUPATEN KONAWE'),
('7404','74','KABUPATEN KOLAKA'),
('7405','74','KABUPATEN KONAWE SELATAN'),
('7406','74','KABUPATEN BOMBANA'),
('7407','74','KABUPATEN WAKATOBI'),
('7408','74','KABUPATEN KOLAKA UTARA'),
('7409','74','KABUPATEN BUTON UTARA'),
('7410','74','KABUPATEN KONAWE UTARA'),
('7411','74','KABUPATEN KOLAKA TIMUR'),
('7412','74','KABUPATEN KONAWE KEPULAUAN'),
('7413','74','KABUPATEN MUNA BARAT'),
('7414','74','KABUPATEN BUTON TENGAH'),
('7415','74','KABUPATEN BUTON SELATAN'),
('7471','74','KOTA KENDARI'),
('7472','74','KOTA BAUBAU'),
('7501','75','KABUPATEN BOALEMO'),
('7502','75','KABUPATEN GORONTALO'),
('7503','75','KABUPATEN POHUWATO'),
('7504','75','KABUPATEN BONE BOLANGO'),
('7505','75','KABUPATEN GORONTALO UTARA'),
('7571','75','KOTA GORONTALO'),
('7601','76','KABUPATEN MAJENE'),
('7602','76','KABUPATEN POLEWALI MANDAR'),
('7603','76','KABUPATEN MAMASA'),
('7604','76','KABUPATEN MAMUJU'),
('7605','76','KABUPATEN PASANGKAYU'),
('7606','76','KABUPATEN MAMUJU TENGAH'),
('8101','81','KABUPATEN MALUKU TENGGARA BARAT'),
('8102','81','KABUPATEN MALUKU TENGGARA'),
('8103','81','KABUPATEN MALUKU TENGAH'),
('8104','81','KABUPATEN BURU'),
('8105','81','KABUPATEN KEPULAUAN ARU'),
('8106','81','KABUPATEN SERAM BAGIAN BARAT'),
('8107','81','KABUPATEN SERAM BAGIAN TIMUR'),
('8108','81','KABUPATEN MALUKU BARAT DAYA'),
('8109','81','KABUPATEN BURU SELATAN'),
('8171','81','KOTA AMBON'),
('8172','81','KOTA TUAL'),
('8201','82','KABUPATEN HALMAHERA BARAT'),
('8202','82','KABUPATEN HALMAHERA TENGAH'),
('8203','82','KABUPATEN KEPULAUAN SULA'),
('8204','82','KABUPATEN HALMAHERA SELATAN'),
('8205','82','KABUPATEN HALMAHERA UTARA'),
('8206','82','KABUPATEN HALMAHERA TIMUR'),
('8207','82','KABUPATEN PULAU MOROTAI'),
('8208','82','KABUPATEN PULAU TALIABU'),
('8271','82','KOTA TERNATE'),
('8272','82','KOTA TIDORE KEPULAUAN'),
('9101','91','KABUPATEN FAKFAK'),
('9102','91','KABUPATEN KAIMANA'),
('9103','91','KABUPATEN TELUK WONDAMA'),
('9104','91','KABUPATEN TELUK BINTUNI'),
('9105','91','KABUPATEN MANOKWARI'),
('9106','91','KABUPATEN SORONG SELATAN'),
('9107','91','KABUPATEN SORONG'),
('9108','91','KABUPATEN RAJA AMPAT'),
('9109','91','KABUPATEN TAMBRAUW'),
('9110','91','KABUPATEN MAYBRAT'),
('9111','91','KABUPATEN MANOKWARI SELATAN'),
('9112','91','KABUPATEN PEGUNUNGAN ARFAK'),
('9171','91','KOTA SORONG'),
('9401','94','KABUPATEN MERAUKE'),
('9402','94','KABUPATEN JAYAWIJAYA'),
('9403','94','KABUPATEN JAYAPURA'),
('9404','94','KABUPATEN NABIRE'),
('9408','94','KABUPATEN KEPULAUAN YAPEN'),
('9409','94','KABUPATEN BIAK NUMFOR'),
('9410','94','KABUPATEN PANIAI'),
('9411','94','KABUPATEN PUNCAK JAYA'),
('9412','94','KABUPATEN MIMIKA'),
('9413','94','KABUPATEN BOVEN DIGOEL'),
('9414','94','KABUPATEN MAPPI'),
('9415','94','KABUPATEN ASMAT'),
('9416','94','KABUPATEN YAHUKIMO'),
('9417','94','KABUPATEN PEGUNUNGAN BINTANG'),
('9418','94','KABUPATEN TOLIKARA'),
('9419','94','KABUPATEN SARMI'),
('9420','94','KABUPATEN KEEROM'),
('9426','94','KABUPATEN WAROPEN'),
('9427','94','KABUPATEN SUPIORI'),
('9428','94','KABUPATEN MAMBERAMO RAYA'),
('9429','94','KABUPATEN NDUGA'),
('9430','94','KABUPATEN LANNY JAYA'),
('9431','94','KABUPATEN MAMBERAMO TENGAH'),
('9432','94','KABUPATEN YALIMO'),
('9433','94','KABUPATEN PUNCAK'),
('9434','94','KABUPATEN DOGIYAI'),
('9435','94','KABUPATEN INTAN JAYA'),
('9436','94','KABUPATEN DEIYAI'),
('9471','94','KOTA JAYAPURA');

/*Data for the table `customer` */

insert  into `customer`(`id_customer`,`id_tipe_customer`,`nama_customer`,`npwp_customer`,`alamat_customer`,`city_id`,`kode_pos_customer`,`telp_customer`,`email_customer`,`website_customer`,`id_bidang_usaha`,`pic_customer`,`telp_pic_customer`,`id_sales`,`path_foto_customer`,`status_customer`) values 
(1,4,'PT Karawang Bukit Golf','0','Jalan Tol Jakarta-Cikampek KM 47 (Pintu Tol Karawang Barat) Telukjambe Timur â€“ Karawang','3215','41361','267644730','Alex.Leksmana@sinarmasland.com','http://karawangbukitgolf.com',0,'Haris Surya','81268274245',3,NULL,'A'),
(2,3,'PT Trans Bumi Serbaraja','','BSD Green Office Park 9 Wing A, 3rd Floor, Zone 3D, BSD City','3603','15345','','','',0,'Andre Suganda','021-50368368',3,'','A'),
(3,4,'PT Bumi Serpong Damai','','Gedung Sinar Mas Land Plaza, Grand Boulevard Kav. 1, BSD Green Office Park, BSD City','3603','15345','021-50368368','','',0,'Denny Ponomban','021-50368368',1,'','A'),
(4,4,'PT Pura Delta Lestari, Tbk','','Kantor Pemasaran Kota Deltamas, Jl. Tol Jakarta Cikampek km. 37, Cikarang Pusat','3275','17530','','','',0,'','021-89971188',3,'','A'),
(5,2,'PT Global Komunikasi Mandiri','','Gedung Ranuza, Jl. Timor No 10, Gondangdia','3173','10350','','','',0,'','',1,'','A'),
(6,4,'PT Putra Alvita Pratama','','Jl. Celebration Boulevard Kav. I, Grand Wisata','3275','17510','','','',0,'','',3,'','A'),
(7,2,'PT Itomas Kembangan Perdana','','Pulau Melintang A No. 20 RT006/011 Kembangan Utara','3174','','','','',0,'','',3,'','A'),
(8,2,'PT Konsulindo Informatika Perdana','','Gedung Menteng Raya 21 Lobby Floor, Jl. Menteng Raya No. 21','3173','10340','','','',0,'Rahmat Sabirin','021-39836647',1,'','A'),
(9,2,'PT Tokyuland','','The Plaza Office Tower Lt. 19, Jl. MH. Thamrin Kav. 28-30','3173','10350','','','',0,'Medwin','021-29920109',3,'','A'),
(10,2,'PPPRS Akasa Apartement','','Jl. Lengkong Timur no 3, Lengkong Gudang Timur','3603','15310','','','',0,'','',3,'','A'),
(11,2,'PT Bumi Megah Graha Asri','','Gedung My Republic Plaza Lt. 3B Jl. Grand Boulevard BSD City','3603','','','','',0,'','',3,'','A'),
(12,4,'PT Bumi Parama Wisesa','','Gedung Sinar Mas Land Plaza, Grand Boulevard, BSD Green Office Park, BSD City','3603','15345','','','',0,'','',3,'','A'),
(13,4,'PT BSD Diamond Development','','Gedung My Republic Plaza Jl. Grand Boulevard, BSD Green Office Park, BSD City','3603','','','','',0,'','',3,'','A'),
(14,3,'PT Indonesia International Expo','','Indonesia Convention Exhibition, Lt. 1, Jl. BSD Grand Boulevard','3603','15339','021-29714600','','',0,'Ari Wibowo','0812 46490736',3,'','A'),
(15,4,'PT Panahome Deltamas Indonesia','','Kota Deltamas (Marketing Gallery SAVASA) Greenland Square Blok BA No. 1A, Ds. Sukamahi, Cikarang Pusat','3275','17530','','','',0,'Rudy Tjahjadi','021-89915888',3,'','A'),
(16,3,'PT Duta Cakra Pesona','','Jl. Jendral Sudirman Kav. 21, Setiabudi','3171','12930','021-2301441','','',0,'','',1,'','A'),
(17,3,'PT Duta Semesta Mas','','Jl. Raya Tanjung Barat No. 163 RT012/004','3171','12530','021-29580080','','',0,'','',1,'','A'),
(18,4,'PT Duta Pertiwi Tbk (DUTI)','',' ITC Fatmawati P1 Floor, Jl. RS Fatmawati No. 39','3171','12150','021-72790888','itc.fatmawati@sinarmasland.com','',0,'','',1,'','A'),
(20,3,'PT. Keikyu Itomas Indonesia','','Southgate Residance Jl.Tanjung Barat No.163 ','3171','','','','',0,'','',3,'','A'),
(21,2,'PT. Bumi Megah Graha Utama','75.121.048.5-452.000','Green Office Park 6 Lantai 3B Zona 9 & 10 Jl.Grand Boulevard, BSD City, Sampora Cisauk ','3603','15345','','','',0,'','',3,'','A'),
(22,2,'PT. Bumi Persada Permai ','','Komp. Ruko PTC Jl. R. Soekamto Blok 1 No.63 8 ilir ilir Timur II','1671','','021-30407800/02','','',0,'','',1,'','A'),
(23,2,'PT. Rimba Hutani Mas','','Jl. Marsda Iswahyudi No.01 Talang Bakung','1571','38135','021-30407800/02','','',0,'','',1,'','A'),
(24,2,'PT. Arara Abadi','01.302.104.3-411.000','Jl. Desa Bunut Perawang Rt/Rw 003/008 Tualang Siak ','1405','28771','0761-92453','','',0,'','',1,'','A'),
(25,2,'PT. Bumi Mekar Hijau','02.275.223.2-308.000','Jl. R. Soekamto Ruko PTC Blok I No. 63 Lt. III ','1671','','0711-364175','','',0,'','',1,'','A'),
(26,2,'PT. SBA Wood Industries','01.461.925.8-308.000','Jl. R. Soekamto Ruko PTC Blok I No. 65 Lt. 1 8 ilir, ilir timur II ','1671','','021-30407800','','',0,'','',1,'','A'),
(27,4,'PT AFP Dwi Lestari','','Jl. Hang Leklu, Nongsa P.O BOX 616 Batam, Indonesia','1908','29431','778761219','','',0,'Roni Faslah','',1,'','A'),
(28,1,'PT Eka Mas Republik','','My Republic Plaza, GOP 6 Building, First Floor Wing A. Jl. Grand Boulevard, BSD Green Office Park BSD City, South Tangerang 15345, Indonesia.','3603','15345','02180625558','','',0,'','',1,'','A'),
(29,1,'PT Jakarta Sinar Intertrade','','Gedung Jakarta Internasional Trade Center Lt.8, Jl. Mangga Dua Raya Jakarta','3173','','','','',0,'','',1,'','A'),
(30,4,'BKS Binamaju Multikarsa','','Jl Abdul Wahab Siamin RC-36, Surabaya','3578','','','','',0,'','',1,'','A'),
(31,4,'PT Sarana Papan Eka Sejati','','Jl. Pacet Kp. Panggung RT 24/10 Sukanagalih, Pacet - Cianjur','3203','','','','',0,'','',1,'','A'),
(32,4,'PT Sinarmas Wisesa','','Kota Balikpapan, Kalimantan Timur','6471','','','','',0,'','',1,'','A'),
(33,1,'PT Phinisindo Zamrud Nusantara','','Jl. Margonda Raya No.56 ','3276','','0217775333','','',0,'','',1,'','A'),
(34,1,'PT Perwita Marga Sakti','','Jl. Prof Dr. Satrio Setiabudi Jakarta','3173','','02157933877','','',0,'','',1,'','A'),
(35,1,'PT Matra Olah Cipta','','Jl. Letjen Soopeno ','3173','','','','',0,'','',1,'','A'),
(36,2,'PT Bumi Andalas Permai','','Jl. Jend. Basuki Rachmat No.82, Ario Kemuning, Kec. Kemuning, Kota Palembang, Sumatera Selatan 30151','1671','30151','','','',0,'','',1,'','A'),
(37,2,'PT Bumi Persada Permai','','Jl. R. Sukamto Ruko Palembang Trade Centre\r\nBlok I No. 63 Kel. Delapan Ilir,Kec. Ilir Timur,\r\nPalembang – Sumatera selatan.','1671','','','','',0,'','',1,'','A'),
(38,3,'PT Itomas Kembangan Perdana','','Tower C Green Suite CG1, Jl. Lingkar Luar Barat Kav. 88, Kembangan Jakarta Barat 11610','3174','11610','','','',0,'','',3,'','A'),
(39,2,'Heritage Factory Outlet','','','','','','','',0,'','',4,'','A'),
(41,2,'PT Sinarwijaya Ekapratista','','','','','','','',0,'','',1,'','A'),
(42,4,'PT Mekanusa Cipta','114 013620034 033 000','Kota Wisata Jl Transyogi KM.6 Cibubur, Bogor, Indonesia 16820','3201','16820','08811383031','herman@sinarmasland.com','',0,'Herman','08811383031',3,NULL,'A'),
(43,2,'PT Midea Planet Indonesia','','','','','','','',0,'','',1,'','A'),
(44,2,'PT Citra Sinar Global','','','','','','','',0,'','',1,'','A'),
(45,2,'PT Multi Bangun Persada','02.401.886.3-943.000','Jalan Heliconia II Blok H3 No. 3 Jelupang, Kota tangerang Selatan, Banten','3674','0','0215382809','bangunpersadamulti@gmail.com','',0,'Adrian','0215382809',4,NULL,'A'),
(46,2,'PT Unilever Indonesia Tbk','35231. 010017010 054 000','Grha Unilever - Jl. BSD Boulevard Barat Green Office Park Kavling 3, BSD City, Tangerang – 15345','3671','15345','0','','',0,'','',1,NULL,'A');

/*Data for the table `district` */

insert  into `district`(`district_id`,`city_id`,`district_name`) values 
(1,'1101','TEUPAH SELATAN'),
(2,'1101','SIMEULUE TIMUR'),
(3,'1101','TEUPAH BARAT'),
(4,'1101','TEUPAH TENGAH'),
(5,'1101','SIMEULUE TENGAH'),
(6,'1101','TELUK DALAM'),
(7,'1101','SIMEULUE CUT'),
(8,'1101','SALANG'),
(9,'1101','SIMEULUE BARAT'),
(10,'1101','ALAFAN'),
(11,'1102','PULAU BANYAK'),
(12,'1102','PULAU BANYAK BARAT'),
(13,'1102','SINGKIL'),
(14,'1102','SINGKIL UTARA'),
(15,'1102','KUALA BARU'),
(16,'1102','SIMPANG KANAN'),
(17,'1102','GUNUNG MERIAH'),
(18,'1102','DANAU PARIS'),
(19,'1102','SURO'),
(20,'1102','SINGKOHOR'),
(21,'1102','KOTA BAHARU'),
(22,'1103','TRUMON'),
(23,'1103','TRUMON TIMUR'),
(24,'1103','TRUMON TENGAH'),
(25,'1103','BAKONGAN'),
(26,'1103','BAKONGAN TIMUR'),
(27,'1103','KOTA BAHAGIA'),
(28,'1103','KLUET SELATAN'),
(29,'1103','KLUET TIMUR'),
(30,'1103','KLUET UTARA'),
(31,'1103','PASIE RAJA'),
(32,'1103','KLUET TENGAH'),
(33,'1103','TAPAK TUAN'),
(34,'1103','SAMA DUA'),
(35,'1103','SAWANG'),
(36,'1103','MEUKEK'),
(37,'1103','LABUHAN HAJI'),
(38,'1103','LABUHAN HAJI TIMUR'),
(39,'1103','LABUHAN HAJI BARAT'),
(40,'1104','LAWE ALAS'),
(41,'1104','BABUL RAHMAH'),
(42,'1104','TANOH ALAS'),
(43,'1104','LAWE SIGALA-GALA'),
(44,'1104','BABUL MAKMUR'),
(45,'1104','SEMADAM'),
(46,'1104','LAUSER'),
(47,'1104','BAMBEL'),
(48,'1104','BUKIT TUSAM'),
(49,'1104','LAWE SUMUR'),
(50,'1104','BABUSSALAM'),
(51,'1104','LAWE BULAN'),
(52,'1104','BADAR'),
(53,'1104','DARUL HASANAH'),
(54,'1104','KETAMBE'),
(55,'1104','DELENG POKHKISEN'),
(56,'1105','SERBA JADI'),
(57,'1105','SIMPANG JERNIH'),
(58,'1105','PEUNARON'),
(59,'1105','BIREM BAYEUN'),
(60,'1105','RANTAU SELAMAT'),
(61,'1105','SUNGAI RAYA'),
(62,'1105','PEUREULAK'),
(63,'1105','PEUREULAK TIMUR'),
(64,'1105','PEUREULAK BARAT'),
(65,'1105','RANTO PEUREULAK'),
(66,'1105','IDI RAYEUK'),
(67,'1105','PEUDAWA'),
(68,'1105','BANDA ALAM'),
(69,'1105','IDI TUNONG'),
(70,'1105','DARUL IHSAN'),
(71,'1105','IDI TIMUR'),
(72,'1105','DARUL AMAN'),
(73,'1105','NURUSSALAM'),
(74,'1105','DARUL FALAH'),
(75,'1105','JULOK'),
(76,'1105','INDRA MAKMUR'),
(77,'1105','PANTE BIDARI'),
(78,'1105','SIMPANG ULIM'),
(79,'1105','MADAT'),
(80,'1106','LINGE'),
(81,'1106','ATU LINTANG'),
(82,'1106','JAGONG JEGET'),
(83,'1106','BINTANG'),
(84,'1106','LUT TAWAR'),
(85,'1106','KEBAYAKAN'),
(86,'1106','PEGASING'),
(87,'1106','BIES'),
(88,'1106','BEBESEN'),
(89,'1106','KUTE PANANG'),
(90,'1106','SILIH NARA'),
(91,'1106','KETOL'),
(92,'1106','CELALA'),
(93,'1106','RUSIP ANTARA'),
(94,'1107','JOHAN PAHLAWAN'),
(95,'1107','SAMATIGA'),
(96,'1107','BUBON'),
(97,'1107','ARONGAN LAMBALEK'),
(98,'1107','WOYLA'),
(99,'1107','WOYLA BARAT'),
(100,'1107','WOYLA TIMUR'),
(101,'1107','KAWAY XVI'),
(102,'1107','MEUREUBO'),
(103,'1107','PANTAI CEUREMEN'),
(104,'1107','PANTON REU'),
(105,'1107','SUNGAI MAS'),
(106,'1108','LHOONG'),
(107,'1108','LHOKNGA'),
(108,'1108','LEUPUNG'),
(109,'1108','INDRAPURI'),
(110,'1108','KUTA COT GLIE'),
(111,'1108','SEULIMEUM'),
(112,'1108','KOTA JANTHO'),
(113,'1108','LEMBAH SEULAWAH'),
(114,'1108','MESJID RAYA'),
(115,'1108','DARUSSALAM'),
(116,'1108','BAITUSSALAM'),
(117,'1108','KUTA BARO'),
(118,'1108','MONTASIK'),
(119,'1108','BLANG BINTANG'),
(120,'1108','INGIN JAYA'),
(121,'1108','KRUENG BARONA JAYA'),
(122,'1108','SUKA MAKMUR'),
(123,'1108','KUTA MALAKA'),
(124,'1108','SIMPANG TIGA'),
(125,'1108','DARUL IMARAH'),
(126,'1108','DARUL KAMAL'),
(127,'1108','PEUKAN BADA'),
(128,'1108','PULO ACEH'),
(129,'1109','GEUMPANG'),
(130,'1109','MANE'),
(131,'1109','GLUMPANG TIGA'),
(132,'1109','GLUMPANG BARO'),
(133,'1109','MUTIARA'),
(134,'1109','MUTIARA TIMUR'),
(135,'1109','TIRO/TRUSEB'),
(136,'1109','TANGSE'),
(137,'1109','KEUMALA'),
(138,'1109','TITEUE'),
(139,'1109','SAKTI'),
(140,'1109','MILA'),
(141,'1109','PADANG TIJI'),
(142,'1109','DELIMA'),
(143,'1109','GRONG GRONG'),
(144,'1109','INDRAJAYA'),
(145,'1109','PEUKAN BARO'),
(146,'1109','KEMBANG TANJONG'),
(147,'1109','SIMPANG TIGA'),
(148,'1109','KOTA SIGLI'),
(149,'1109','PIDIE'),
(150,'1109','BATEE'),
(151,'1109','MUARA TIGA'),
(152,'1110','SAMALANGA'),
(153,'1110','SIMPANG MAMPLAM'),
(154,'1110','PANDRAH'),
(155,'1110','JEUNIEB'),
(156,'1110','PEULIMBANG'),
(157,'1110','PEUDADA'),
(158,'1110','JULI'),
(159,'1110','JEUMPA'),
(160,'1110','KOTA JUANG'),
(161,'1110','KUALA'),
(162,'1110','JANGKA'),
(163,'1110','PEUSANGAN'),
(164,'1110','PEUSANGAN SELATAN'),
(165,'1110','PEUSANGAN SIBLAH KRUENG'),
(166,'1110','MAKMUR'),
(167,'1110','GANDA PURA'),
(168,'1110','KUTA BLANG'),
(169,'1111','SAWANG'),
(170,'1111','NISAM'),
(171,'1111','NISAM ANTARA'),
(172,'1111','BANDA BARO'),
(173,'1111','KUTA MAKMUR'),
(174,'1111','SIMPANG KERAMAT'),
(175,'1111','SYAMTALIRA BAYU'),
(176,'1111','GEUREUDONG PASE'),
(177,'1111','MEURAH MULIA'),
(178,'1111','MATANGKULI'),
(179,'1111','PAYA BAKONG'),
(180,'1111','PIRAK TIMU'),
(181,'1111','COT GIREK'),
(182,'1111','TANAH JAMBO AYE'),
(183,'1111','LANGKAHAN'),
(184,'1111','SEUNUDDON'),
(185,'1111','BAKTIYA'),
(186,'1111','BAKTIYA BARAT'),
(187,'1111','LHOKSUKON'),
(188,'1111','TANAH LUAS'),
(189,'1111','NIBONG'),
(190,'1111','SAMUDERA'),
(191,'1111','SYAMTALIRA ARON'),
(192,'1111','TANAH PASIR'),
(193,'1111','LAPANG'),
(194,'1111','MUARA BATU'),
(195,'1111','DEWANTARA'),
(196,'1112','MANGGENG'),
(197,'1112','LEMBAH SABIL'),
(198,'1112','TANGAN-TANGAN'),
(199,'1112','SETIA'),
(200,'1112','BLANG PIDIE'),
(201,'1112','JEUMPA'),
(202,'1112','SUSOH'),
(203,'1112','KUALA BATEE'),
(204,'1112','BABAH ROT'),
(205,'1113','KUTA PANJANG'),
(206,'1113','BLANG JERANGO'),
(207,'1113','BLANGKEJEREN'),
(208,'1113','PUTRI BETUNG'),
(209,'1113','DABUN GELANG'),
(210,'1113','BLANG PEGAYON'),
(211,'1113','PINING'),
(212,'1113','RIKIT GAIB'),
(213,'1113','PANTAN CUACA'),
(214,'1113','TERANGUN'),
(215,'1113','TRIPE JAYA'),
(216,'1114','TAMIANG HULU'),
(217,'1114','BANDAR PUSAKA'),
(218,'1114','KEJURUAN MUDA'),
(219,'1114','TENGGULUN'),
(220,'1114','RANTAU'),
(221,'1114','KOTA KUALA SIMPANG'),
(222,'1114','SERUWAY'),
(223,'1114','BENDAHARA'),
(224,'1114','BANDA MULIA'),
(225,'1114','KARANG BARU'),
(226,'1114','SEKERAK'),
(227,'1114','MANYAK PAYED'),
(228,'1115','DARUL MAKMUR'),
(229,'1115','TRIPA MAKMUR'),
(230,'1115','KUALA'),
(231,'1115','KUALA PESISIR'),
(232,'1115','TADU RAYA'),
(233,'1115','BEUTONG'),
(234,'1115','BEUTONG ATEUH BANGGALANG'),
(235,'1115','SEUNAGAN'),
(236,'1115','SUKA MAKMUE'),
(237,'1115','SEUNAGAN TIMUR'),
(238,'1116','TEUNOM'),
(239,'1116','PASIE RAYA'),
(240,'1116','PANGA'),
(241,'1116','KRUENG SABEE'),
(242,'1116','SETIA BAKTI'),
(243,'1116','SAMPOINIET'),
(244,'1116','DARUL HIKMAH'),
(245,'1116','JAYA'),
(246,'1116','INDRA JAYA'),
(247,'1117','TIMANG GAJAH'),
(248,'1117','GAJAH PUTIH'),
(249,'1117','PINTU RIME GAYO'),
(250,'1117','BUKIT'),
(251,'1117','WIH PESAM'),
(252,'1117','BANDAR'),
(253,'1117','BENER KELIPAH'),
(254,'1117','SYIAH UTAMA'),
(255,'1117','MESIDAH'),
(256,'1117','PERMATA'),
(257,'1118','MEUREUDU'),
(258,'1118','MEURAH DUA'),
(259,'1118','BANDAR DUA'),
(260,'1118','JANGKA BUYA'),
(261,'1118','ULIM'),
(262,'1118','TRIENGGADENG'),
(263,'1118','PANTERAJA'),
(264,'1118','BANDAR BARU'),
(265,'1171','MEURAXA'),
(266,'1171','JAYA BARU'),
(267,'1171','BANDA RAYA'),
(268,'1171','BAITURRAHMAN'),
(269,'1171','LUENG BATA'),
(270,'1171','KUTA ALAM'),
(271,'1171','KUTA RAJA'),
(272,'1171','SYIAH KUALA'),
(273,'1171','ULEE KARENG'),
(274,'1172','SUKAJAYA'),
(275,'1172','SUKAKARYA'),
(276,'1173','LANGSA TIMUR'),
(277,'1173','LANGSA LAMA'),
(278,'1173','LANGSA BARAT'),
(279,'1173','LANGSA BARO'),
(280,'1173','LANGSA KOTA'),
(281,'1174','BLANG MANGAT'),
(282,'1174','MUARA DUA'),
(283,'1174','MUARA SATU'),
(284,'1174','BANDA SAKTI'),
(285,'1175','SIMPANG KIRI'),
(286,'1175','PENANGGALAN'),
(287,'1175','RUNDENG'),
(288,'1175','SULTAN DAULAT'),
(289,'1175','LONGKIB'),
(290,'1201','IDANO GAWO'),
(291,'1201','BAWOLATO'),
(292,'1201','ULUGAWO'),
(293,'1201','GIDO'),
(294,'1201','SOGAEADU'),
(295,'1201','MA U'),
(296,'1201','SOMOLO - MOLO'),
(297,'1201','HILIDUHO'),
(298,'1201','HILI SERANGKAI'),
(299,'1201','BOTOMUZOI'),
(300,'1202','BATAHAN'),
(301,'1202','SINUNUKAN'),
(302,'1202','BATANG NATAL'),
(303,'1202','LINGGA BAYU'),
(304,'1202','RANTO BAEK'),
(305,'1202','KOTANOPAN'),
(306,'1202','ULU PUNGKUT'),
(307,'1202','TAMBANGAN'),
(308,'1202','LEMBAH SORIK MARAPI'),
(309,'1202','PUNCAK SORIK MARAPI'),
(310,'1202','MUARA SIPONGI'),
(311,'1202','PAKANTAN'),
(312,'1202','PANYABUNGAN'),
(313,'1202','PANYABUNGAN SELATAN'),
(314,'1202','PANYABUNGAN BARAT'),
(315,'1202','PANYABUNGAN UTARA'),
(316,'1202','PANYABUNGAN TIMUR'),
(317,'1202','HUTA BARGOT'),
(318,'1202','NATAL'),
(319,'1202','MUARA BATANG GADIS'),
(320,'1202','SIABU'),
(321,'1202','BUKIT MALINTANG'),
(322,'1202','NAGA JUANG'),
(323,'1203','BATANG ANGKOLA'),
(324,'1203','SAYUR MATINGGI'),
(325,'1203','TANO TOMBANGAN ANGKOLA'),
(326,'1203','ANGKOLA TIMUR'),
(327,'1203','ANGKOLA SELATAN'),
(328,'1203','ANGKOLA  BARAT'),
(329,'1203','ANGKOLA SANGKUNUR'),
(330,'1203','BATANG TORU'),
(331,'1203','MARANCAR'),
(332,'1203','MUARA BATANG TORU'),
(333,'1203','SIPIROK'),
(334,'1203','ARSE'),
(335,'1203','SAIPAR DOLOK HOLE'),
(336,'1203','AEK BILAH'),
(337,'1204','PINANG SORI'),
(338,'1204','BADIRI'),
(339,'1204','SIBABANGUN'),
(340,'1204','LUMUT'),
(341,'1204','SUKABANGUN'),
(342,'1204','PANDAN'),
(343,'1204','TUKKA'),
(344,'1204','SARUDIK'),
(345,'1204','TAPIAN NAULI'),
(346,'1204','SITAHUIS'),
(347,'1204','KOLANG'),
(348,'1204','SORKAM'),
(349,'1204','SORKAM BARAT'),
(350,'1204','PASARIBU TOBING'),
(351,'1204','BARUS'),
(352,'1204','SOSOR GADONG'),
(353,'1204','ANDAM DEWI'),
(354,'1204','BARUS UTARA'),
(355,'1204','MANDUAMAS'),
(356,'1204','SIRANDORUNG'),
(357,'1205','PARMONANGAN'),
(358,'1205','ADIANKOTING'),
(359,'1205','SIPOHOLON'),
(360,'1205','TARUTUNG'),
(361,'1205','SIATAS BARITA'),
(362,'1205','PAHAE JULU'),
(363,'1205','PAHAE JAE'),
(364,'1205','PURBATUA'),
(365,'1205','SIMANGUMBAN'),
(366,'1205','PANGARIBUAN'),
(367,'1205','GAROGA'),
(368,'1205','SIPAHUTAR'),
(369,'1205','SIBORONGBORONG'),
(370,'1205','PAGARAN'),
(371,'1205','MUARA'),
(372,'1206','BALIGE'),
(373,'1206','TAMPAHAN'),
(374,'1206','LAGUBOTI'),
(375,'1206','HABINSARAN'),
(376,'1206','BORBOR'),
(377,'1206','NASSAU'),
(378,'1206','SILAEN'),
(379,'1206','SIGUMPAR'),
(380,'1206','PORSEA'),
(381,'1206','PINTU POHAN MERANTI'),
(382,'1206','SIANTAR NARUMONDA'),
(383,'1206','PARMAKSIAN'),
(384,'1206','LUMBAN JULU'),
(385,'1206','ULUAN'),
(386,'1206','AJIBATA'),
(387,'1206','BONATUA LUNASI'),
(388,'1207','BILAH HULU'),
(389,'1207','PANGKATAN'),
(390,'1207','BILAH BARAT'),
(391,'1207','BILAH HILIR'),
(392,'1207','PANAI HULU'),
(393,'1207','PANAI TENGAH'),
(394,'1207','PANAI HILIR'),
(395,'1207','RANTAU SELATAN'),
(396,'1207','RANTAU UTARA'),
(397,'1208','BANDAR PASIR MANDOGE'),
(398,'1208','BANDAR PULAU'),
(399,'1208','AEK SONGSONGAN'),
(400,'1208','RAHUNING'),
(401,'1208','PULAU RAKYAT'),
(402,'1208','AEK KUASAN'),
(403,'1208','AEK LEDONG'),
(404,'1208','SEI KEPAYANG'),
(405,'1208','SEI KEPAYANG BARAT'),
(406,'1208','SEI KEPAYANG TIMUR'),
(407,'1208','TANJUNG BALAI'),
(408,'1208','SIMPANG EMPAT'),
(409,'1208','TELUK DALAM'),
(410,'1208','AIR BATU'),
(411,'1208','SEI DADAP'),
(412,'1208','BUNTU PANE'),
(413,'1208','TINGGI RAJA'),
(414,'1208','SETIA JANJI'),
(415,'1208','MERANTI'),
(416,'1208','PULO BANDRING'),
(417,'1208','RAWANG PANCA ARGA'),
(418,'1208','AIR JOMAN'),
(419,'1208','SILAU LAUT'),
(420,'1208','KISARAN BARAT'),
(421,'1208','KISARAN TIMUR'),
(422,'1209','SILIMAKUTA'),
(423,'1209','PEMATANG SILIMAHUTA'),
(424,'1209','PURBA'),
(425,'1209','HARANGGAOL HORISON'),
(426,'1209','DOLOK PARDAMEAN'),
(427,'1209','SIDAMANIK'),
(428,'1209','PEMATANG SIDAMANIK'),
(429,'1209','GIRSANG SIPANGAN BOLON'),
(430,'1209','TANAH JAWA'),
(431,'1209','HATONDUHAN'),
(432,'1209','DOLOK PANRIBUAN'),
(433,'1209','JORLANG HATARAN'),
(434,'1209','PANEI'),
(435,'1209','PANOMBEAN PANEI'),
(436,'1209','RAYA'),
(437,'1209','DOLOK SILAU'),
(438,'1209','SILAU KAHEAN'),
(439,'1209','RAYA KAHEAN'),
(440,'1209','TAPIAN DOLOK'),
(441,'1209','DOLOK BATU NANGGAR'),
(442,'1209','SIANTAR'),
(443,'1209','GUNUNG MALELA'),
(444,'1209','GUNUNG MALIGAS'),
(445,'1209','HUTABAYU RAJA'),
(446,'1209','JAWA MARAJA BAH JAMBI'),
(447,'1209','PEMATANG BANDAR'),
(448,'1209','BANDAR HULUAN'),
(449,'1209','BANDAR'),
(450,'1209','BANDAR MASILAM'),
(451,'1209','BOSAR MALIGAS'),
(452,'1209','UJUNG PADANG'),
(453,'1210','SIDIKALANG'),
(454,'1210','BERAMPU'),
(455,'1210','SITINJO'),
(456,'1210','PARBULUAN'),
(457,'1210','SUMBUL'),
(458,'1210','SILAHI SABUNGAN'),
(459,'1210','SILIMA PUNGGA-PUNGGA'),
(460,'1210','LAE PARIRA'),
(461,'1210','SIEMPAT NEMPU'),
(462,'1210','SIEMPAT NEMPU HULU'),
(463,'1210','SIEMPAT NEMPU HILIR'),
(464,'1210','TIGA LINGGA'),
(465,'1210','GUNUNG SITEMBER'),
(466,'1210','PEGAGAN HILIR'),
(467,'1210','TANAH PINEM'),
(468,'1211','MARDINGDING'),
(469,'1211','LAUBALENG'),
(470,'1211','TIGA BINANGA'),
(471,'1211','JUHAR'),
(472,'1211','MUNTE'),
(473,'1211','KUTA BULUH'),
(474,'1211','PAYUNG'),
(475,'1211','TIGANDERKET'),
(476,'1211','SIMPANG EMPAT'),
(477,'1211','NAMAN TERAN'),
(478,'1211','MERDEKA'),
(479,'1211','KABANJAHE'),
(480,'1211','BERASTAGI'),
(481,'1211','TIGAPANAH'),
(482,'1211','DOLAT RAYAT'),
(483,'1211','MEREK'),
(484,'1211','BARUSJAHE'),
(485,'1212','GUNUNG MERIAH'),
(486,'1212','SINEMBAH TANJUNG MUDA HULU'),
(487,'1212','SIBOLANGIT'),
(488,'1212','KUTALIMBARU'),
(489,'1212','PANCUR BATU'),
(490,'1212','NAMO RAMBE'),
(491,'1212','BIRU-BIRU'),
(492,'1212','SINEMBAH TANJUNG MUDA HILIR'),
(493,'1212','BANGUN PURBA'),
(494,'1212','GALANG'),
(495,'1212','TANJUNG MORAWA'),
(496,'1212','PATUMBAK'),
(497,'1212','DELI TUA'),
(498,'1212','SUNGGAL'),
(499,'1212','HAMPARAN PERAK'),
(500,'1212','LABUHAN DELI'),
(501,'1212','PERCUT SEI TUAN'),
(502,'1212','BATANG KUIS'),
(503,'1212','PANTAI LABU'),
(504,'1212','BERINGIN'),
(505,'1212','LUBUK PAKAM'),
(506,'1212','PAGAR MERBAU'),
(507,'1213','BOHOROK'),
(508,'1213','SIRAPIT'),
(509,'1213','SALAPIAN'),
(510,'1213','KUTAMBARU'),
(511,'1213','SEI BINGAI'),
(512,'1213','KUALA'),
(513,'1213','SELESAI'),
(514,'1213','BINJAI'),
(515,'1213','STABAT'),
(516,'1213','WAMPU'),
(517,'1213','BATANG SERANGAN'),
(518,'1213','SAWIT SEBERANG'),
(519,'1213','PADANG TUALANG'),
(520,'1213','HINAI'),
(521,'1213','SECANGGANG'),
(522,'1213','TANJUNG PURA'),
(523,'1213','GEBANG'),
(524,'1213','BABALAN'),
(525,'1213','SEI LEPAN'),
(526,'1213','BRANDAN BARAT'),
(527,'1213','BESITANG'),
(528,'1213','PANGKALAN SUSU'),
(529,'1213','PEMATANG JAYA'),
(530,'1214','HIBALA'),
(531,'1214','TANAH MASA'),
(532,'1214','PULAU-PULAU BATU'),
(533,'1214','PULAU-PULAU BATU TIMUR'),
(534,'1214','SIMUK'),
(535,'1214','PULAU-PULAU BATU BARAT'),
(536,'1214','PULAU-PULAU BATU UTARA'),
(537,'1214','TELUK DALAM'),
(538,'1214','FANAYAMA'),
(539,'1214','TOMA'),
(540,'1214','MANIAMOLO'),
(541,'1214','MAZINO'),
(542,'1214','LUAHAGUNDRE MANIAMOLO'),
(543,'1214','ONOLALU'),
(544,'1214','AMANDRAYA'),
(545,'1214','ARAMO'),
(546,'1214','ULUSUSUA'),
(547,'1214','LAHUSA'),
(548,'1214','SIDUAORI'),
(549,'1214','SOMAMBAWA'),
(550,'1214','GOMO'),
(551,'1214','SUSUA'),
(552,'1214','MAZO'),
(553,'1214','UMBUNASI'),
(554,'1214','IDANOTAE'),
(555,'1214','ULUIDANOTAE'),
(556,'1214','BORONADU'),
(557,'1214','LOLOMATUA'),
(558,'1214','ULUNOYO'),
(559,'1214','HURUNA'),
(560,'1214','LOLOWA\'U'),
(561,'1214','HILIMEGAI'),
(562,'1214','OOU'),
(563,'1214','ONOHAZUMBA'),
(564,'1214','HILISALAWAAHE'),
(565,'1215','PAKKAT'),
(566,'1215','ONAN GANJANG'),
(567,'1215','SIJAMA POLANG'),
(568,'1215','DOLOK SANGGUL'),
(569,'1215','LINTONG NIHUTA'),
(570,'1215','PARANGINAN'),
(571,'1215','BAKTI RAJA'),
(572,'1215','POLLUNG'),
(573,'1215','PARLILITAN'),
(574,'1215','TARA BINTANG'),
(575,'1216','SALAK'),
(576,'1216','SITELLU TALI URANG JEHE'),
(577,'1216','PAGINDAR'),
(578,'1216','SITELLU TALI URANG JULU'),
(579,'1216','PERGETTENG-GETTENG SENGKUT'),
(580,'1216','KERAJAAN'),
(581,'1216','TINADA'),
(582,'1216','SIEMPAT RUBE'),
(583,'1217','SIANJUR MULA MULA'),
(584,'1217','HARIAN'),
(585,'1217','SITIO-TIO'),
(586,'1217','ONAN RUNGGU'),
(587,'1217','NAINGGOLAN'),
(588,'1217','PALIPI'),
(589,'1217','RONGGUR NIHUTA'),
(590,'1217','PANGURURAN'),
(591,'1217','SIMANINDO'),
(592,'1218','KOTARIH'),
(593,'1218','SILINDA'),
(594,'1218','BINTANG BAYU'),
(595,'1218','DOLOK MASIHUL'),
(596,'1218','SERBAJADI'),
(597,'1218','SIPISPIS'),
(598,'1218','DOLOK MERAWAN'),
(599,'1218','TEBINGTINGGI'),
(600,'1218','TEBING SYAHBANDAR'),
(601,'1218','BANDAR KHALIPAH'),
(602,'1218','TANJUNG BERINGIN'),
(603,'1218','SEI RAMPAH'),
(604,'1218','SEI BAMBAN'),
(605,'1218','TELUK MENGKUDU'),
(606,'1218','PERBAUNGAN'),
(607,'1218','PEGAJAHAN'),
(608,'1218','PANTAI CERMIN'),
(609,'1219','SEI BALAI'),
(610,'1219','TANJUNG TIRAM'),
(611,'1219','TALAWI'),
(612,'1219','LIMAPULUH'),
(613,'1219','AIR PUTIH'),
(614,'1219','SEI SUKA'),
(615,'1219','MEDANG DERAS'),
(616,'1220','BATANG ONANG'),
(617,'1220','PADANG BOLAK JULU'),
(618,'1220','PORTIBI'),
(619,'1220','PADANG BOLAK'),
(620,'1220','SIMANGAMBAT'),
(621,'1220','HALONGONAN'),
(622,'1220','DOLOK'),
(623,'1220','DOLOK SIGOMPULON'),
(624,'1220','HULU SIHAPAS'),
(625,'1221','SOSOPAN'),
(626,'1221','ULU BARUMUN'),
(627,'1221','BARUMUN'),
(628,'1221','BARUMUN SELATAN'),
(629,'1221','LUBUK BARUMUN'),
(630,'1221','SOSA'),
(631,'1221','BATANG LUBU SUTAM'),
(632,'1221','HUTA RAJA TINGGI'),
(633,'1221','HURISTAK'),
(634,'1221','BARUMUN TENGAH'),
(635,'1221','AEK NABARA BARUMUN'),
(636,'1221','SIHAPAS BARUMUN'),
(637,'1222','SUNGAI KANAN'),
(638,'1222','TORGAMBA'),
(639,'1222','KOTA PINANG'),
(640,'1222','SILANGKITANG'),
(641,'1222','KAMPUNG RAKYAT'),
(642,'1223','NA IX-X'),
(643,'1223','MARBAU'),
(644,'1223','AEK KUO'),
(645,'1223','AEK NATAS'),
(646,'1223','KUALUH SELATAN'),
(647,'1223','KUALUH HILIR'),
(648,'1223','KUALUH HULU'),
(649,'1223','KUALUH LEIDONG'),
(650,'1224','TUGALA OYO'),
(651,'1224','ALASA'),
(652,'1224','ALASA TALU MUZOI'),
(653,'1224','NAMOHALU ESIWA'),
(654,'1224','SITOLU ORI'),
(655,'1224','TUHEMBERUA'),
(656,'1224','SAWO'),
(657,'1224','LOTU'),
(658,'1224','LAHEWA TIMUR'),
(659,'1224','AFULU'),
(660,'1224','LAHEWA'),
(661,'1225','SIROMBU'),
(662,'1225','LAHOMI'),
(663,'1225','ULU MORO O'),
(664,'1225','LOLOFITU MOI'),
(665,'1225','MANDREHE UTARA'),
(666,'1225','MANDREHE'),
(667,'1225','MANDREHE BARAT'),
(668,'1225','MORO O'),
(669,'1271','SIBOLGA UTARA'),
(670,'1271','SIBOLGA KOTA'),
(671,'1271','SIBOLGA SELATAN'),
(672,'1271','SIBOLGA SAMBAS'),
(673,'1272','DATUK BANDAR'),
(674,'1272','DATUK BANDAR TIMUR'),
(675,'1272','TANJUNG BALAI SELATAN'),
(676,'1272','TANJUNG BALAI UTARA'),
(677,'1272','SEI TUALANG RASO'),
(678,'1272','TELUK NIBUNG'),
(679,'1273','SIANTAR MARIHAT'),
(680,'1273','SIANTAR MARIMBUN'),
(681,'1273','SIANTAR SELATAN'),
(682,'1273','SIANTAR BARAT'),
(683,'1273','SIANTAR UTARA'),
(684,'1273','SIANTAR TIMUR'),
(685,'1273','SIANTAR MARTOBA'),
(686,'1273','SIANTAR SITALASARI'),
(687,'1274','PADANG HULU'),
(688,'1274','TEBING TINGGI KOTA'),
(689,'1274','RAMBUTAN'),
(690,'1274','BAJENIS'),
(691,'1274','PADANG HILIR'),
(692,'1275','MEDAN TUNTUNGAN'),
(693,'1275','MEDAN JOHOR'),
(694,'1275','MEDAN AMPLAS'),
(695,'1275','MEDAN DENAI'),
(696,'1275','MEDAN AREA'),
(697,'1275','MEDAN KOTA'),
(698,'1275','MEDAN MAIMUN'),
(699,'1275','MEDAN POLONIA'),
(700,'1275','MEDAN BARU'),
(701,'1275','MEDAN SELAYANG'),
(702,'1275','MEDAN SUNGGAL'),
(703,'1275','MEDAN HELVETIA'),
(704,'1275','MEDAN PETISAH'),
(705,'1275','MEDAN BARAT'),
(706,'1275','MEDAN TIMUR'),
(707,'1275','MEDAN PERJUANGAN'),
(708,'1275','MEDAN TEMBUNG'),
(709,'1275','MEDAN DELI'),
(710,'1275','MEDAN LABUHAN'),
(711,'1275','MEDAN MARELAN'),
(712,'1275','MEDAN BELAWAN'),
(713,'1276','BINJAI SELATAN'),
(714,'1276','BINJAI KOTA'),
(715,'1276','BINJAI TIMUR'),
(716,'1276','BINJAI UTARA'),
(717,'1276','BINJAI BARAT'),
(718,'1277','PADANGSIDIMPUAN TENGGARA'),
(719,'1277','PADANGSIDIMPUAN SELATAN'),
(720,'1277','PADANGSIDIMPUAN BATUNADUA'),
(721,'1277','PADANGSIDIMPUAN UTARA'),
(722,'1277','PADANGSIDIMPUAN HUTAIMBARU'),
(723,'1277','PADANGSIDIMPUAN ANGKOLA JULU'),
(724,'1278','GUNUNGSITOLI IDANOI'),
(725,'1278','GUNUNGSITOLI SELATAN'),
(726,'1278','GUNUNGSITOLI BARAT'),
(727,'1278','GUNUNG SITOLI'),
(728,'1278','GUNUNGSITOLI ALO OA'),
(729,'1278','GUNUNGSITOLI UTARA'),
(730,'1301','PAGAI SELATAN'),
(731,'1301','SIKAKAP'),
(732,'1301','PAGAI UTARA'),
(733,'1301','SIPORA SELATAN'),
(734,'1301','SIPORA UTARA'),
(735,'1301','SIBERUT SELATAN'),
(736,'1301','SEBERUT BARAT DAYA'),
(737,'1301','SIBERUT TENGAH'),
(738,'1301','SIBERUT UTARA'),
(739,'1301','SIBERUT BARAT'),
(740,'1302','SILAUT'),
(741,'1302','LUNANG'),
(742,'1302','BASA AMPEK BALAI TAPAN'),
(743,'1302','RANAH AMPEK HULU TAPAN'),
(744,'1302','PANCUNG SOAL'),
(745,'1302','AIRPURA'),
(746,'1302','LINGGO SARI BAGANTI'),
(747,'1302','RANAH PESISIR'),
(748,'1302','LENGAYANG'),
(749,'1302','SUTERA'),
(750,'1302','BATANG KAPAS'),
(751,'1302','IV JURAI'),
(752,'1302','BAYANG'),
(753,'1302','IV  NAGARI BAYANG UTARA'),
(754,'1302','KOTO XI TARUSAN'),
(755,'1303','PANTAI CERMIN'),
(756,'1303','LEMBAH GUMANTI'),
(757,'1303','HILIRAN GUMANTI'),
(758,'1303','PAYUNG SEKAKI'),
(759,'1303','TIGO LURAH'),
(760,'1303','LEMBANG JAYA'),
(761,'1303','DANAU KEMBAR'),
(762,'1303','GUNUNG TALANG'),
(763,'1303','BUKIT SUNDI'),
(764,'1303','IX KOTO SUNGAI LASI'),
(765,'1303','KUBUNG'),
(766,'1303','X KOTO DIATAS'),
(767,'1303','X KOTO SINGKARAK'),
(768,'1303','JUNJUNG SIRIH'),
(769,'1304','KAMANG BARU'),
(770,'1304','TANJUNG GADANG'),
(771,'1304','SIJUNJUNG'),
(772,'1304','LUBUK TAROK'),
(773,'1304','IV NAGARI'),
(774,'1304','KUPITAN'),
(775,'1304','KOTO TUJUH'),
(776,'1304','SUMPUR KUDUS'),
(777,'1305','SEPULUH KOTO'),
(778,'1305','BATIPUH'),
(779,'1305','BATIPUH SELATAN'),
(780,'1305','PARIANGAN'),
(781,'1305','RAMBATAN'),
(782,'1305','LIMA KAUM'),
(783,'1305','TANJUNG EMAS'),
(784,'1305','PADANG GANTING'),
(785,'1305','LINTAU BUO'),
(786,'1305','LINTAU BUO UTARA'),
(787,'1305','SUNGAYANG'),
(788,'1305','SUNGAI TARAB'),
(789,'1305','SALIMPAUNG'),
(790,'1305','TANJUNG BARU'),
(791,'1306','BATANG ANAI'),
(792,'1306','LUBUK ALUNG'),
(793,'1306','SINTUK TOBOH GADANG'),
(794,'1306','ULAKAN TAPAKIS'),
(795,'1306','NAN SABARIS'),
(796,'1306','2 X 11 ENAM LINGKUNG'),
(797,'1306','ENAM LINGKUNG'),
(798,'1306','2 X 11 KAYU TANAM'),
(799,'1306','VII KOTO SUNGAI SARIAK'),
(800,'1306','PATAMUAN'),
(801,'1306','PADANG SAGO'),
(802,'1306','V KOTO KP DALAM'),
(803,'1306','V KOTO TIMUR'),
(804,'1306','SUNGAI LIMAU'),
(805,'1306','BATANG GASAN'),
(806,'1306','SUNGAI GERINGGING'),
(807,'1306','IV KOTO AUR MALINTANG'),
(808,'1307','TANJUNG MUTIARA'),
(809,'1307','LUBUK BASUNG'),
(810,'1307','AMPEK NAGARI'),
(811,'1307','TANJUNG RAYA'),
(812,'1307','MATUR'),
(813,'1307','IV KOTO'),
(814,'1307','MALALAK'),
(815,'1307','BANUHAMPU'),
(816,'1307','SUNGAI PUA'),
(817,'1307','AMPEK ANGKEK'),
(818,'1307','CANDUANG'),
(819,'1307','BASO'),
(820,'1307','TILATANG KAMANG'),
(821,'1307','KAMANG MAGEK'),
(822,'1307','PALEMBAYAN'),
(823,'1307','PALUPUH'),
(824,'1308','PAYAKUMBUH'),
(825,'1308','AKABILURU'),
(826,'1308','LUAK'),
(827,'1308','LAREH SAGO HALABAN'),
(828,'1308','SITUJUAH LIMO NAGARI'),
(829,'1308','HARAU'),
(830,'1308','GUGUAK'),
(831,'1308','MUNGKA'),
(832,'1308','SULIKI'),
(833,'1308','BUKIK BARISAN'),
(834,'1308','GUNUANG OMEH'),
(835,'1308','KAPUR IX'),
(836,'1308','PANGKALAN KOTO BARU'),
(837,'1309','BONJOL'),
(838,'1309','TIGO NAGARI'),
(839,'1309','SIMPANG ALAHAN MATI'),
(840,'1309','LUBUK SIKAPING'),
(841,'1309','DUA KOTO'),
(842,'1309','PANTI'),
(843,'1309','PADANG GELUGUR'),
(844,'1309','RAO'),
(845,'1309','MAPAT TUNGGUL'),
(846,'1309','MAPAT TUNGGUL SELATAN'),
(847,'1309','RAO SELATAN'),
(848,'1309','RAO UTARA'),
(849,'1310','SANGIR'),
(850,'1310','SANGIR JUJUAN'),
(851,'1310','SANGIR BALAI JANGGO'),
(852,'1310','SANGIR BATANG HARI'),
(853,'1310','SUNGAI PAGU'),
(854,'1310','PAUAH DUO'),
(855,'1310','KOTO PARIK GADANG DIATEH'),
(856,'1311','SUNGAI RUMBAI'),
(857,'1311','KOTO BESAR'),
(858,'1311','ASAM JUJUHAN'),
(859,'1311','KOTO BARU'),
(860,'1311','KOTO SALAK'),
(861,'1311','TIUMANG'),
(862,'1311','PADANG LAWEH'),
(863,'1311','SITIUNG'),
(864,'1311','TIMPEH'),
(865,'1311','PULAU PUNJUNG'),
(866,'1311','IX KOTO'),
(867,'1312','SUNGAI BEREMAS'),
(868,'1312','RANAH BATAHAN'),
(869,'1312','KOTO BALINGKA'),
(870,'1312','SUNGAI AUR'),
(871,'1312','LEMBAH MALINTANG'),
(872,'1312','GUNUNG TULEH'),
(873,'1312','TALAMAU'),
(874,'1312','PASAMAN'),
(875,'1312','LUHAK NAN DUO'),
(876,'1312','SASAK RANAH PASISIE'),
(877,'1312','KINALI'),
(878,'1371','BUNGUS TELUK KABUNG'),
(879,'1371','LUBUK KILANGAN'),
(880,'1371','LUBUK BEGALUNG'),
(881,'1371','PADANG SELATAN'),
(882,'1371','PADANG TIMUR'),
(883,'1371','PADANG BARAT'),
(884,'1371','PADANG UTARA'),
(885,'1371','NANGGALO'),
(886,'1371','KURANJI'),
(887,'1371','PAUH'),
(888,'1371','KOTO TANGAH'),
(889,'1372','LUBUK SIKARAH'),
(890,'1372','TANJUNG HARAPAN'),
(891,'1373','SILUNGKANG'),
(892,'1373','LEMBAH SEGAR'),
(893,'1373','BARANGIN'),
(894,'1373','TALAWI'),
(895,'1374','PADANG PANJANG BARAT'),
(896,'1374','PADANG PANJANG TIMUR'),
(897,'1375','GUGUK PANJANG'),
(898,'1375','MANDIANGIN KOTO SELAYAN'),
(899,'1375','AUR BIRUGO TIGO BALEH'),
(900,'1376','PAYAKUMBUH BARAT'),
(901,'1376','PAYAKUMBUH SELATAN'),
(902,'1376','PAYAKUMBUH TIMUR'),
(903,'1376','PAYAKUMBUH UTARA'),
(904,'1376','LAMPOSI TIGO NAGORI'),
(905,'1377','PARIAMAN SELATAN'),
(906,'1377','PARIAMAN TENGAH'),
(907,'1377','PARIAMAN TIMUR'),
(908,'1377','PARIAMAN UTARA'),
(909,'1401','KUANTAN MUDIK'),
(910,'1401','HULU KUANTAN'),
(911,'1401','GUNUNG TOAR'),
(912,'1401','PUCUK RANTAU'),
(913,'1401','SINGINGI'),
(914,'1401','SINGINGI HILIR'),
(915,'1401','KUANTAN TENGAH'),
(916,'1401','SENTAJO RAYA'),
(917,'1401','BENAI'),
(918,'1401','KUANTAN HILIR'),
(919,'1401','PANGEAN'),
(920,'1401','LOGAS TANAH DARAT'),
(921,'1401','KUANTAN HILIR SEBERANG'),
(922,'1401','CERENTI'),
(923,'1401','INUMAN'),
(924,'1402','PERANAP'),
(925,'1402','BATANG PERANAP'),
(926,'1402','SEBERIDA'),
(927,'1402','BATANG CENAKU'),
(928,'1402','BATANG GANSAL'),
(929,'1402','KELAYANG'),
(930,'1402','RAKIT KULIM'),
(931,'1402','PASIR PENYU'),
(932,'1402','LIRIK'),
(933,'1402','SUNGAI LALA'),
(934,'1402','LUBUK BATU JAYA'),
(935,'1402','RENGAT BARAT'),
(936,'1402','RENGAT'),
(937,'1402','KUALA CENAKU'),
(938,'1403','KERITANG'),
(939,'1403','KEMUNING'),
(940,'1403','RETEH'),
(941,'1403','SUNGAI BATANG'),
(942,'1403','ENOK'),
(943,'1403','TANAH MERAH'),
(944,'1403','KUALA INDRAGIRI'),
(945,'1403','CONCONG'),
(946,'1403','TEMBILAHAN'),
(947,'1403','TEMBILAHAN HULU'),
(948,'1403','TEMPULING'),
(949,'1403','KEMPAS'),
(950,'1403','BATANG TUAKA'),
(951,'1403','GAUNG ANAK SERKA'),
(952,'1403','GAUNG'),
(953,'1403','MANDAH'),
(954,'1403','KATEMAN'),
(955,'1403','PELANGIRAN'),
(956,'1403','TELUK BELENGKONG'),
(957,'1403','PULAU BURUNG'),
(958,'1404','LANGGAM'),
(959,'1404','PANGKALAN KERINCI'),
(960,'1404','BANDAR SEIKIJANG'),
(961,'1404','PANGKALAN KURAS'),
(962,'1404','UKUI'),
(963,'1404','PANGKALAN LESUNG'),
(964,'1404','BUNUT'),
(965,'1404','PELALAWAN'),
(966,'1404','BANDAR PETALANGAN'),
(967,'1404','KUALA KAMPAR'),
(968,'1404','KERUMUTAN'),
(969,'1404','TELUK MERANTI'),
(970,'1405','MINAS'),
(971,'1405','SUNGAI MANDAU'),
(972,'1405','KANDIS'),
(973,'1405','SIAK'),
(974,'1405','KERINCI KANAN'),
(975,'1405','TUALANG'),
(976,'1405','DAYUN'),
(977,'1405','LUBUK DALAM'),
(978,'1405','KOTO GASIB'),
(979,'1405','MEMPURA'),
(980,'1405','SUNGAI APIT'),
(981,'1405','BUNGA RAYA'),
(982,'1405','SABAK AUH'),
(983,'1405','PUSAKO'),
(984,'1406','KAMPAR KIRI'),
(985,'1406','KAMPAR KIRI HULU'),
(986,'1406','KAMPAR KIRI HILIR'),
(987,'1406','GUNUNG SAHILAN'),
(988,'1406','KAMPAR KIRI TENGAH'),
(989,'1406','XIII KOTO KAMPAR'),
(990,'1406','KOTO KAMPAR HULU'),
(991,'1406','KUOK'),
(992,'1406','SALO'),
(993,'1406','TAPUNG'),
(994,'1406','TAPUNG HULU'),
(995,'1406','TAPUNG HILIR'),
(996,'1406','BANGKINANG KOTA'),
(997,'1406','BANGKINANG'),
(998,'1406','KAMPAR'),
(999,'1406','KAMPAR TIMUR'),
(1000,'1406','RUMBIO JAYA'),
(1001,'1406','KAMPAR UTARA'),
(1002,'1406','TAMBANG'),
(1003,'1406','SIAK HULU'),
(1004,'1406','PERHENTIAN RAJA'),
(1005,'1407','ROKAN IV KOTO'),
(1006,'1407','PENDALIAN IV KOTO'),
(1007,'1407','TANDUN'),
(1008,'1407','KABUN'),
(1009,'1407','UJUNG BATU'),
(1010,'1407','RAMBAH SAMO'),
(1011,'1407','RAMBAH'),
(1012,'1407','RAMBAH HILIR'),
(1013,'1407','BANGUN PURBA'),
(1014,'1407','TAMBUSAI'),
(1015,'1407','TAMBUSAI UTARA'),
(1016,'1407','KEPENUHAN'),
(1017,'1407','KEPENUHAN HULU'),
(1018,'1407','KUNTO DARUSSALAM'),
(1019,'1407','PAGARAN TAPAH DARUSSALAM'),
(1020,'1407','BONAI DARUSSALAM'),
(1021,'1408','MANDAU'),
(1022,'1408','PINGGIR'),
(1023,'1408','BUKIT BATU'),
(1024,'1408','SIAK KECIL'),
(1025,'1408','RUPAT'),
(1026,'1408','RUPAT UTARA'),
(1027,'1408','BENGKALIS'),
(1028,'1408','BANTAN'),
(1029,'1409','TANAH PUTIH'),
(1030,'1409','PUJUD'),
(1031,'1409','TANAH PUTIH TANJUNG MELAWAN'),
(1032,'1409','RANTAU KOPAR'),
(1033,'1409','TANJUNG MEDAN'),
(1034,'1409','BAGAN SINEMBAH'),
(1035,'1409','SIMPANG KANAN'),
(1036,'1409','BAGAN SINEMBAH RAYA'),
(1037,'1409','BALAI JAYA'),
(1038,'1409','KUBU'),
(1039,'1409','PASIR LIMAU KAPAS'),
(1040,'1409','KUBU BABUSSALAM'),
(1041,'1409','BANGKO'),
(1042,'1409','SINABOI'),
(1043,'1409','BATU HAMPAR'),
(1044,'1409','PEKAITAN'),
(1045,'1409','RIMBA MELINTANG'),
(1046,'1409','BANGKO PUSAKO'),
(1047,'1410','TEBING TINGGI BARAT'),
(1048,'1410','TEBING TINGGI'),
(1049,'1410','TEBING TINGGI TIMUR'),
(1050,'1410','RANGSANG'),
(1051,'1410','RANGSANG PESISIR'),
(1052,'1410','RANGSANG BARAT'),
(1053,'1410','MERBAU'),
(1054,'1410','PULAU MERBAU'),
(1055,'1410','TASIK PUTRI PUYU'),
(1056,'1471','TAMPAN'),
(1057,'1471','PAYUNG SEKAKI'),
(1058,'1471','BUKIT RAYA'),
(1059,'1471','MARPOYAN DAMAI'),
(1060,'1471','TENAYAN RAYA'),
(1061,'1471','LIMAPULUH'),
(1062,'1471','SAIL'),
(1063,'1471','PEKANBARU KOTA'),
(1064,'1471','SUKAJADI'),
(1065,'1471','SENAPELAN'),
(1066,'1471','RUMBAI'),
(1067,'1471','RUMBAI PESISIR'),
(1068,'1473','BUKIT KAPUR'),
(1069,'1473','MEDANG KAMPAI'),
(1070,'1473','SUNGAI SEMBILAN'),
(1071,'1473','DUMAI BARAT'),
(1072,'1473','DUMAI SELATAN'),
(1073,'1473','DUMAI TIMUR'),
(1074,'1473','DUMAI KOTA'),
(1075,'1501','GUNUNG RAYA'),
(1076,'1501','BUKIT KERMAN'),
(1077,'1501','BATANG MERANGIN'),
(1078,'1501','KELILING DANAU'),
(1079,'1501','DANAU KERINCI'),
(1080,'1501','SITINJAU LAUT'),
(1081,'1501','AIR HANGAT'),
(1082,'1501','AIR HANGAT TIMUR'),
(1083,'1501','DEPATI VII'),
(1084,'1501','AIR HANGAT BARAT'),
(1085,'1501','GUNUNG KERINCI'),
(1086,'1501','SIULAK'),
(1087,'1501','SIULAK MUKAI'),
(1088,'1501','KAYU ARO'),
(1089,'1501','GUNUNG TUJUH'),
(1090,'1501','KAYU ARO BARAT'),
(1091,'1502','JANGKAT'),
(1092,'1502','SUNGAI TENANG'),
(1093,'1502','MUARA SIAU'),
(1094,'1502','LEMBAH MASURAI'),
(1095,'1502','TIANG PUMPUNG'),
(1096,'1502','PAMENANG'),
(1097,'1502','PAMENANG BARAT'),
(1098,'1502','RENAH PAMENANG'),
(1099,'1502','PAMENANG SELATAN'),
(1100,'1502','BANGKO'),
(1101,'1502','BANGKO BARAT'),
(1102,'1502','NALO TANTAN'),
(1103,'1502','BATANG MASUMAI'),
(1104,'1502','SUNGAI MANAU'),
(1105,'1502','RENAH PEMBARAP'),
(1106,'1502','PANGKALAN JAMBU'),
(1107,'1502','TABIR'),
(1108,'1502','TABIR ULU'),
(1109,'1502','TABIR SELATAN'),
(1110,'1502','TABIR ILIR'),
(1111,'1502','TABIR TIMUR'),
(1112,'1502','TABIR LINTAS'),
(1113,'1502','MARGO TABIR'),
(1114,'1502','TABIR BARAT'),
(1115,'1503','BATANG ASAI'),
(1116,'1503','LIMUN'),
(1117,'1503','CERMIN NAN GEDANG'),
(1118,'1503','PELAWAN'),
(1119,'1503','SINGKUT'),
(1120,'1503','SAROLANGUN'),
(1121,'1503','BATHIN VIII'),
(1122,'1503','PAUH'),
(1123,'1503','AIR HITAM'),
(1124,'1503','MANDIANGIN'),
(1125,'1504','MERSAM'),
(1126,'1504','MARO SEBO ULU'),
(1127,'1504','BATIN XXIV'),
(1128,'1504','MUARA TEMBESI'),
(1129,'1504','MUARA BULIAN'),
(1130,'1504','BAJUBANG'),
(1131,'1504','MARO SEBO ILIR'),
(1132,'1504','PEMAYUNG'),
(1133,'1505','MESTONG'),
(1134,'1505','SUNGAI BAHAR'),
(1135,'1505','BAHAR SELATAN'),
(1136,'1505','BAHAR UTARA'),
(1137,'1505','KUMPEH ULU'),
(1138,'1505','SUNGAI GELAM'),
(1139,'1505','KUMPEH'),
(1140,'1505','MARO SEBO'),
(1141,'1505','TAMAN RAJO'),
(1142,'1505','JAMBI LUAR KOTA'),
(1143,'1505','SEKERNAN'),
(1144,'1506','MENDAHARA'),
(1145,'1506','MENDAHARA ULU'),
(1146,'1506','GERAGAI'),
(1147,'1506','DENDANG'),
(1148,'1506','MUARA SABAK BARAT'),
(1149,'1506','MUARA SABAK TIMUR'),
(1150,'1506','KUALA JAMBI'),
(1151,'1506','RANTAU RASAU'),
(1152,'1506','BERBAK'),
(1153,'1506','NIPAH PANJANG'),
(1154,'1506','SADU'),
(1155,'1507','TUNGKAL ULU'),
(1156,'1507','MERLUNG'),
(1157,'1507','BATANG ASAM'),
(1158,'1507','TEBING TINGGI'),
(1159,'1507','RENAH MENDALUH'),
(1160,'1507','MUARA PAPALIK'),
(1161,'1507','PENGABUAN'),
(1162,'1507','SENYERANG'),
(1163,'1507','TUNGKAL ILIR'),
(1164,'1507','BRAM ITAM'),
(1165,'1507','SEBERANG KOTA'),
(1166,'1507','BETARA'),
(1167,'1507','KUALA BETARA'),
(1168,'1508','TEBO ILIR'),
(1169,'1508','MUARA TABIR'),
(1170,'1508','TEBO TENGAH'),
(1171,'1508','SUMAY'),
(1172,'1508','TENGAH ILIR'),
(1173,'1508','RIMBO BUJANG'),
(1174,'1508','RIMBO ULU'),
(1175,'1508','RIMBO ILIR'),
(1176,'1508','TEBO ULU'),
(1177,'1508','VII KOTO'),
(1178,'1508','SERAI SERUMPUN'),
(1179,'1508','VII KOTO ILIR'),
(1180,'1509','PELEPAT'),
(1181,'1509','PELEPAT ILIR'),
(1182,'1509','BATHIN II BABEKO'),
(1183,'1509','RIMBO TENGAH'),
(1184,'1509','BUNGO DANI'),
(1185,'1509','PASAR MUARA BUNGO'),
(1186,'1509','BATHIN III'),
(1187,'1509','RANTAU PANDAN'),
(1188,'1509','MUKO-MUKO BATHIN VII'),
(1189,'1509','BATHIN III ULU'),
(1190,'1509','TANAH SEPENGGAL'),
(1191,'1509','TANAH SEPENGGAL LINTAS'),
(1192,'1509','TANAH TUMBUH'),
(1193,'1509','LIMBUR LUBUK MENGKUANG'),
(1194,'1509','BATHIN II PELAYANG'),
(1195,'1509','JUJUHAN'),
(1196,'1509','JUJUHAN ILIR'),
(1197,'1571','KOTA BARU'),
(1198,'1571','ALAM BARAJO'),
(1199,'1571','JAMBI SELATAN'),
(1200,'1571','PAAL MERAH'),
(1201,'1571','JELUTUNG'),
(1202,'1571','PASAR JAMBI'),
(1203,'1571','TELANAIPURA'),
(1204,'1571','DANAU SIPIN'),
(1205,'1571','DANAU TELUK'),
(1206,'1571','PELAYANGAN'),
(1207,'1571','JAMBI TIMUR'),
(1208,'1572','TANAH KAMPUNG'),
(1209,'1572','KUMUN DEBAI'),
(1210,'1572','SUNGAI PENUH'),
(1211,'1572','PONDOK TINGGGI'),
(1212,'1572','SUNGAI BUNGKAL'),
(1213,'1572','HAMPARAN RAWANG'),
(1214,'1572','PESISIR BUKIT'),
(1215,'1572','KOTO BARU'),
(1216,'1601','LENGKITI'),
(1217,'1601','SOSOH BUAY RAYAP'),
(1218,'1601','PENGANDONAN'),
(1219,'1601','SEMIDANG AJI'),
(1220,'1601','ULU OGAN'),
(1221,'1601','MUARA JAYA'),
(1222,'1601','PENINJAUAN'),
(1223,'1601','LUBUK BATANG'),
(1224,'1601','SINAR PENINJAUAN'),
(1225,'1601','KEDATON PENINJAUAN RAYA'),
(1226,'1601','BATU RAJA TIMUR'),
(1227,'1601','LUBUK RAJA'),
(1228,'1601','BATU RAJA BARAT'),
(1229,'1602','LEMPUING'),
(1230,'1602','LEMPUING JAYA'),
(1231,'1602','MESUJI'),
(1232,'1602','SUNGAI MENANG'),
(1233,'1602','MESUJI MAKMUR'),
(1234,'1602','MESUJI RAYA'),
(1235,'1602','TULUNG SELAPAN'),
(1236,'1602','CENGAL'),
(1237,'1602','PEDAMARAN'),
(1238,'1602','PEDAMARAN TIMUR'),
(1239,'1602','TANJUNG LUBUK'),
(1240,'1602','TELUK GELAM'),
(1241,'1602','KOTA KAYU AGUNG'),
(1242,'1602','SIRAH PULAU PADANG'),
(1243,'1602','JEJAWI'),
(1244,'1602','PAMPANGAN'),
(1245,'1602','PANGKALAN LAPAM'),
(1246,'1602','AIR SUGIHAN'),
(1247,'1603','SEMENDO DARAT LAUT'),
(1248,'1603','SEMENDO DARAT ULU'),
(1249,'1603','SEMENDO DARAT TENGAH'),
(1250,'1603','TANJUNG AGUNG'),
(1251,'1603','RAMBANG'),
(1252,'1603','LUBAI'),
(1253,'1603','LUBAI ULU'),
(1254,'1603','LAWANG KIDUL'),
(1255,'1603','MUARA ENIM'),
(1256,'1603','UJAN MAS'),
(1257,'1603','GUNUNG MEGANG'),
(1258,'1603','BENAKAT'),
(1259,'1603','BELIMBING'),
(1260,'1603','RAMBANG DANGKU'),
(1261,'1603','GELUMBANG'),
(1262,'1603','LEMBAK'),
(1263,'1603','SUNGAI ROTAN'),
(1264,'1603','MUARA BELIDA'),
(1265,'1603','KELEKAR'),
(1266,'1603','BELIDA DARAT'),
(1267,'1604','TANJUNG SAKTI PUMI'),
(1268,'1604','TANJUNG SAKTI PUMU'),
(1269,'1604','KOTA AGUNG'),
(1270,'1604','MULAK ULU'),
(1271,'1604','TANJUNG TEBAT'),
(1272,'1604','PULAU PINANG'),
(1273,'1604','PAGAR GUNUNG'),
(1274,'1604','GUMAY ULU'),
(1275,'1604','JARAI'),
(1276,'1604','PAJAR BULAN'),
(1277,'1604','MUARA PAYANG'),
(1278,'1604','SUKAMERINDU'),
(1279,'1604','KIKIM BARAT'),
(1280,'1604','KIKIM TIMUR'),
(1281,'1604','KIKIM SELATAN'),
(1282,'1604','KIKIM TENGAH'),
(1283,'1604','LAHAT'),
(1284,'1604','GUMAY TALANG'),
(1285,'1604','PSEKSU'),
(1286,'1604','MERAPI BARAT'),
(1287,'1604','MERAPI TIMUR'),
(1288,'1604','MERAPI SELATAN'),
(1289,'1605','SUKU TENGAH LAKITAN ULU'),
(1290,'1605','SELANGIT'),
(1291,'1605','SUMBER HARTA'),
(1292,'1605','TUGUMULYO'),
(1293,'1605','PURWODADI'),
(1294,'1605','MUARA BELITI'),
(1295,'1605','TIANG PUMPUNG KEPUNGUT'),
(1296,'1605','JAYALOKA'),
(1297,'1605','SUKA KARYA'),
(1298,'1605','MUARA KELINGI'),
(1299,'1605','BULANG TENGAH SUKU ULU'),
(1300,'1605','TUAH NEGERI'),
(1301,'1605','MUARA LAKITAN'),
(1302,'1605','MEGANG SAKTI'),
(1303,'1606','SANGA DESA'),
(1304,'1606','BABAT TOMAN'),
(1305,'1606','BATANGHARI LEKO'),
(1306,'1606','PLAKAT TINGGI'),
(1307,'1606','LAWANG WETAN'),
(1308,'1606','SUNGAI KERUH'),
(1309,'1606','SEKAYU'),
(1310,'1606','LAIS'),
(1311,'1606','SUNGAI LILIN'),
(1312,'1606','KELUANG'),
(1313,'1606','BABAT SUPAT'),
(1314,'1606','BAYUNG LENCIR'),
(1315,'1606','LALAN'),
(1316,'1606','TUNGKAL JAYA'),
(1317,'1607','RANTAU BAYUR'),
(1318,'1607','BETUNG'),
(1319,'1607','SUAK TAPEH'),
(1320,'1607','PULAU RIMAU'),
(1321,'1607','TUNGKAL ILIR'),
(1322,'1607','BANYUASIN III'),
(1323,'1607','SEMBAWA'),
(1324,'1607','TALANG KELAPA'),
(1325,'1607','TANJUNG LAGO'),
(1326,'1607','BANYUASIN I'),
(1327,'1607','AIR KUMBANG'),
(1328,'1607','RAMBUTAN'),
(1329,'1607','MUARA PADANG'),
(1330,'1607','MUARA SUGIHAN'),
(1331,'1607','MAKARTI JAYA'),
(1332,'1607','AIR SALEH'),
(1333,'1607','BANYUASIN II'),
(1334,'1607','MUARA TELANG'),
(1335,'1607','SUMBER MARGA TELANG'),
(1336,'1608','MEKAKAU ILIR'),
(1337,'1608','BANDING AGUNG'),
(1338,'1608','WARKUK RANAU SELATAN'),
(1339,'1608','BUAY PEMATANG RIBU RANAU TENGAH'),
(1340,'1608','BUAY PEMACA'),
(1341,'1608','SIMPANG'),
(1342,'1608','BUANA PEMACA'),
(1343,'1608','MUARADUA'),
(1344,'1608','BUAY RAWAN'),
(1345,'1608','BUAY SANDANG AJI'),
(1346,'1608','TIGA DIHAJI'),
(1347,'1608','BUAY RUNJUNG'),
(1348,'1608','RUNJUNG AGUNG'),
(1349,'1608','KISAM TINGGI'),
(1350,'1608','MUARADUA KISAM'),
(1351,'1608','KISAM ILIR'),
(1352,'1608','PULAU BERINGIN'),
(1353,'1608','SINDANG DANAU'),
(1354,'1608','SUNGAI ARE'),
(1355,'1609','MARTAPURA'),
(1356,'1609','BUNGA MAYANG'),
(1357,'1609','JAYA PURA'),
(1358,'1609','BUAY PEMUKA PELIUNG'),
(1359,'1609','BUAY MADANG'),
(1360,'1609','BUAY MADANG TIMUR'),
(1361,'1609','BUAY PEMUKA BANGSA RAJA'),
(1362,'1609','MADANG SUKU II'),
(1363,'1609','MADANG SUKU III'),
(1364,'1609','MADANG SUKU I'),
(1365,'1609','BELITANG MADANG RAYA'),
(1366,'1609','BELITANG'),
(1367,'1609','BELITANG JAYA'),
(1368,'1609','BELITANG III'),
(1369,'1609','BELITANG II'),
(1370,'1609','BELITANG MULYA'),
(1371,'1609','SEMENDAWAI SUKU III'),
(1372,'1609','SEMENDAWAI TIMUR'),
(1373,'1609','CEMPAKA'),
(1374,'1609','SEMENDAWAI BARAT'),
(1375,'1610','MUARA KUANG'),
(1376,'1610','RAMBANG KUANG'),
(1377,'1610','LUBUK KELIAT'),
(1378,'1610','TANJUNG BATU'),
(1379,'1610','PAYARAMAN'),
(1380,'1610','RANTAU ALAI'),
(1381,'1610','KANDIS'),
(1382,'1610','TANJUNG RAJA'),
(1383,'1610','RANTAU PANJANG'),
(1384,'1610','SUNGAI PINANG'),
(1385,'1610','PEMULUTAN'),
(1386,'1610','PEMULUTAN SELATAN'),
(1387,'1610','PEMULUTAN BARAT'),
(1388,'1610','INDRALAYA'),
(1389,'1610','INDRALAYA UTARA'),
(1390,'1610','INDRALAYA SELATAN'),
(1391,'1611','MUARA PINANG'),
(1392,'1611','LINTANG KANAN'),
(1393,'1611','PENDOPO'),
(1394,'1611','PENDOPO BARAT'),
(1395,'1611','PASEMAH AIR KERUH'),
(1396,'1611','ULU MUSI'),
(1397,'1611','SIKAP DALAM'),
(1398,'1611','TALANG PADANG'),
(1399,'1611','TEBING TINGGI'),
(1400,'1611','SALING'),
(1401,'1612','TALANG UBI'),
(1402,'1612','TANAH ABANG'),
(1403,'1612','ABAB'),
(1404,'1612','PENUKAL'),
(1405,'1612','PENUKAL UTARA'),
(1406,'1613','ULU RAWAS'),
(1407,'1613','KARANG JAYA'),
(1408,'1613','RAWAS ULU'),
(1409,'1613','RUPIT'),
(1410,'1613','KARANG DAPO'),
(1411,'1613','RAWAS ILIR'),
(1412,'1613','NIBUNG'),
(1413,'1671','ILIR BARAT II'),
(1414,'1671','GANDUS'),
(1415,'1671','SEBERANG ULU I'),
(1416,'1671','KERTAPATI'),
(1417,'1671','SEBERANG ULU II'),
(1418,'1671','PLAJU'),
(1419,'1671','ILIR BARAT I'),
(1420,'1671','BUKIT KECIL'),
(1421,'1671','ILIR TIMUR I'),
(1422,'1671','KEMUNING'),
(1423,'1671','ILIR TIMUR II'),
(1424,'1671','KALIDONI'),
(1425,'1671','SAKO'),
(1426,'1671','SEMATANG BORANG'),
(1427,'1671','SUKARAMI'),
(1428,'1671','ALANG ALANG LEBAR'),
(1429,'1672','RAMBANG KAPAK TENGAH'),
(1430,'1672','PRABUMULIH TIMUR'),
(1431,'1672','PRABUMULIH SELATAN'),
(1432,'1672','PRABUMULIH BARAT'),
(1433,'1672','PRABUMULIH UTARA'),
(1434,'1672','CAMBAI'),
(1435,'1673','DEMPO SELATAN'),
(1436,'1673','DEMPO TENGAH'),
(1437,'1673','DEMPO UTARA'),
(1438,'1673','PAGAR ALAM SELATAN'),
(1439,'1673','PAGAR ALAM UTARA'),
(1440,'1674','LUBUK LINGGAU BARAT I'),
(1441,'1674','LUBUK LINGGAU BARAT II'),
(1442,'1674','LUBUK LINGGAU SELATAN I'),
(1443,'1674','LUBUK LINGGAU SELATAN II'),
(1444,'1674','LUBUK LINGGAU TIMUR I'),
(1445,'1674','LUBUK LINGGAU TIMUR II'),
(1446,'1674','LUBUK LINGGAU UTARA I'),
(1447,'1674','LUBUK LINGGAU UTARA II'),
(1448,'1701','MANNA'),
(1449,'1701','KOTA MANNA'),
(1450,'1701','KEDURANG'),
(1451,'1701','BUNGA MAS'),
(1452,'1701','PASAR MANNA'),
(1453,'1701','KEDURANG ILIR'),
(1454,'1701','SEGINIM'),
(1455,'1701','AIR NIPIS'),
(1456,'1701','PINO'),
(1457,'1701','PINORAYA'),
(1458,'1701','ULU MANNA'),
(1459,'1702','KOTA PADANG'),
(1460,'1702','SINDANG BELITI ILIR'),
(1461,'1702','PADANG ULAK TANDING'),
(1462,'1702','SINDANG KELINGI'),
(1463,'1702','BINDU RIANG'),
(1464,'1702','SINDANG BELITI ULU'),
(1465,'1702','SINDANG DATARAN'),
(1466,'1702','CURUP'),
(1467,'1702','BERMANI ULU'),
(1468,'1702','SELUPU REJANG'),
(1469,'1702','CURUP SELATAN'),
(1470,'1702','CURUP TENGAH'),
(1471,'1702','BERMANI ULU RAYA'),
(1472,'1702','CURUP UTARA'),
(1473,'1702','CURUP TIMUR'),
(1474,'1703','ENGGANO'),
(1475,'1703','KERKAP'),
(1476,'1703','AIR NAPAL'),
(1477,'1703','AIR BESI'),
(1478,'1703','HULU PALIK'),
(1479,'1703','TANJUNG AGUNG PALIK'),
(1480,'1703','ARGA MAKMUR'),
(1481,'1703','ARMA JAYA'),
(1482,'1703','LAIS'),
(1483,'1703','BATIK NAU'),
(1484,'1703','GIRI MULYA'),
(1485,'1703','AIR PADANG'),
(1486,'1703','PADANG JAYA'),
(1487,'1703','KETAHUN'),
(1488,'1703','NAPAL PUTIH'),
(1489,'1703','ULOK KUPAI'),
(1490,'1703','PINANG RAYA'),
(1491,'1703','PUTRI HIJAU'),
(1492,'1703','MARGA SAKTI SEBELAT'),
(1493,'1704','NASAL'),
(1494,'1704','MAJE'),
(1495,'1704','KAUR SELATAN'),
(1496,'1704','TETAP'),
(1497,'1704','KAUR TENGAH'),
(1498,'1704','LUAS'),
(1499,'1704','MUARA SAHUNG'),
(1500,'1704','KINAL'),
(1501,'1704','SEMIDANG GUMAY'),
(1502,'1704','TANJUNG KEMUNING'),
(1503,'1704','KELAM TENGAH'),
(1504,'1704','KAUR UTARA'),
(1505,'1704','PADANG GUCI HILIR'),
(1506,'1704','LUNGKANG KULE'),
(1507,'1704','PADANG GUCI HULU'),
(1508,'1705','SEMIDANG ALAS MARAS'),
(1509,'1705','SEMIDANG ALAS'),
(1510,'1705','TALO'),
(1511,'1705','ILIR TALO'),
(1512,'1705','TALO KECIL'),
(1513,'1705','ULU TALO'),
(1514,'1705','SELUMA'),
(1515,'1705','SELUMA SELATAN'),
(1516,'1705','SELUMA BARAT'),
(1517,'1705','SELUMA TIMUR'),
(1518,'1705','SELUMA UTARA'),
(1519,'1705','SUKARAJA'),
(1520,'1705','AIR PERIUKAN'),
(1521,'1705','LUBUK SANDI'),
(1522,'1706','IPUH'),
(1523,'1706','AIR RAMI'),
(1524,'1706','MALIN DEMAN'),
(1525,'1706','PONDOK SUGUH'),
(1526,'1706','SUNGAI RUMBAI'),
(1527,'1706','TERAMANG JAYA'),
(1528,'1706','TERAS TERUNJAM'),
(1529,'1706','PENARIK'),
(1530,'1706','SELAGAN RAYA'),
(1531,'1706','KOTA MUKOMUKO'),
(1532,'1706','AIR DIKIT'),
(1533,'1706','XIV KOTO'),
(1534,'1706','LUBUK PINANG'),
(1535,'1706','AIR MANJUNTO'),
(1536,'1706','V KOTO'),
(1537,'1707','RIMBO PENGADANG'),
(1538,'1707','TOPOS'),
(1539,'1707','LEBONG SELATAN'),
(1540,'1707','BINGIN KUNING'),
(1541,'1707','LEBONG TENGAH'),
(1542,'1707','LEBONG SAKTI'),
(1543,'1707','LEBONG ATAS'),
(1544,'1707','PADANG BANO'),
(1545,'1707','PELABAI'),
(1546,'1707','LEBONG UTARA'),
(1547,'1707','AMEN'),
(1548,'1707','URAM JAYA'),
(1549,'1707','PINANG BELAPIS'),
(1550,'1708','MUARA KEMUMU'),
(1551,'1708','BERMANI ILIR'),
(1552,'1708','SEBERANG MUSI'),
(1553,'1708','TEBAT KARAI'),
(1554,'1708','KEPAHIANG'),
(1555,'1708','KABA WETAN'),
(1556,'1708','UJAN MAS'),
(1557,'1708','MERIGI'),
(1558,'1709','TALANG EMPAT'),
(1559,'1709','KARANG TINGGI'),
(1560,'1709','TABA PENANJUNG'),
(1561,'1709','MERIGI KELINDANG'),
(1562,'1709','PAGAR JATI'),
(1563,'1709','MERIGI SAKTI'),
(1564,'1709','PONDOK KELAPA'),
(1565,'1709','PONDOK KUBANG'),
(1566,'1709','PEMATANG TIGA'),
(1567,'1709','BANG HAJI'),
(1568,'1771','SELEBAR'),
(1569,'1771','KAMPUNG MELAYU'),
(1570,'1771','GADING CEMPAKA'),
(1571,'1771','RATU AGUNG'),
(1572,'1771','RATU SAMBAN'),
(1573,'1771','SINGARAN PATI'),
(1574,'1771','TELUK SEGARA'),
(1575,'1771','SUNGAI SERUT'),
(1576,'1771','MUARA BANGKA HULU'),
(1577,'1801','BALIK BUKIT'),
(1578,'1801','SUKAU'),
(1579,'1801','LUMBOK SEMINUNG'),
(1580,'1801','BELALAU'),
(1581,'1801','SEKINCAU'),
(1582,'1801','SUOH'),
(1583,'1801','BATU BRAK'),
(1584,'1801','PAGAR DEWA'),
(1585,'1801','BATU KETULIS'),
(1586,'1801','BANDAR NEGERI SUOH'),
(1587,'1801','SUMBER JAYA'),
(1588,'1801','WAY TENONG'),
(1589,'1801','GEDUNG SURIAN'),
(1590,'1801','KEBUN TEBU'),
(1591,'1801','AIR HITAM'),
(1592,'1802','WONOSOBO'),
(1593,'1802','SEMAKA'),
(1594,'1802','BANDAR NEGERI SEMUONG'),
(1595,'1802','KOTA AGUNG'),
(1596,'1802','PEMATANG SAWA'),
(1597,'1802','KOTA AGUNG TIMUR'),
(1598,'1802','KOTA AGUNG BARAT'),
(1599,'1802','PULAU PANGGUNG'),
(1600,'1802','ULUBELU'),
(1601,'1802','AIR NANINGAN'),
(1602,'1802','TALANG PADANG'),
(1603,'1802','SUMBEREJO'),
(1604,'1802','GISTING'),
(1605,'1802','GUNUNG ALIP'),
(1606,'1802','PUGUNG'),
(1607,'1802','BULOK'),
(1608,'1802','CUKUH BALAK'),
(1609,'1802','KELUMBAYAN'),
(1610,'1802','LIMAU'),
(1611,'1802','KELUMBAYAN BARAT'),
(1612,'1803','NATAR'),
(1613,'1803','JATI AGUNG'),
(1614,'1803','TANJUNG BINTANG'),
(1615,'1803','TANJUNG SARI'),
(1616,'1803','KATIBUNG'),
(1617,'1803','MERBAU MATARAM'),
(1618,'1803','WAY SULAN'),
(1619,'1803','SIDOMULYO'),
(1620,'1803','CANDIPURO'),
(1621,'1803','WAY PANJI'),
(1622,'1803','KALIANDA'),
(1623,'1803','RAJABASA'),
(1624,'1803','PALAS'),
(1625,'1803','SRAGI'),
(1626,'1803','PENENGAHAN'),
(1627,'1803','KETAPANG'),
(1628,'1803','BAKAUHENI'),
(1629,'1804','METRO KIBANG'),
(1630,'1804','BATANGHARI'),
(1631,'1804','SEKAMPUNG'),
(1632,'1804','MARGATIGA'),
(1633,'1804','SEKAMPUNG UDIK'),
(1634,'1804','JABUNG'),
(1635,'1804','PASIR SAKTI'),
(1636,'1804','WAWAY KARYA'),
(1637,'1804','MARGA SEKAMPUNG'),
(1638,'1804','LABUHAN MARINGGAI'),
(1639,'1804','MATARAM BARU'),
(1640,'1804','BANDAR SRIBAWONO'),
(1641,'1804','MELINTING'),
(1642,'1804','GUNUNG PELINDUNG'),
(1643,'1804','WAY JEPARA'),
(1644,'1804','BRAJA SLEBAH'),
(1645,'1804','LABUHAN RATU'),
(1646,'1804','SUKADANA'),
(1647,'1804','BUMI AGUNG'),
(1648,'1804','BATANGHARI NUBAN'),
(1649,'1804','PEKALONGAN'),
(1650,'1804','RAMAN UTARA'),
(1651,'1804','PURBOLINGGO'),
(1652,'1804','WAY BUNGUR'),
(1653,'1805','PADANG RATU'),
(1654,'1805','SELAGAI LINGGA'),
(1655,'1805','PUBIAN'),
(1656,'1805','ANAK TUHA'),
(1657,'1805','ANAK RATU AJI'),
(1658,'1805','KALIREJO'),
(1659,'1805','SENDANG AGUNG'),
(1660,'1805','BANGUNREJO'),
(1661,'1805','GUNUNG SUGIH'),
(1662,'1805','BEKRI'),
(1663,'1805','BUMI RATU NUBAN'),
(1664,'1805','TRIMURJO'),
(1665,'1805','PUNGGUR'),
(1666,'1805','KOTA GAJAH'),
(1667,'1805','SEPUTIH RAMAN'),
(1668,'1805','TERBANGGI BESAR'),
(1669,'1805','SEPUTIH AGUNG'),
(1670,'1805','WAY PENGUBUAN'),
(1671,'1805','TERUSAN NUNYAI'),
(1672,'1805','SEPUTIH MATARAM'),
(1673,'1805','BANDAR MATARAM'),
(1674,'1805','SEPUTIH BANYAK'),
(1675,'1805','WAY SEPUTIH'),
(1676,'1805','RUMBIA'),
(1677,'1805','BUMI NABUNG'),
(1678,'1805','PUTRA RUMBIA'),
(1679,'1805','SEPUTIH SURABAYA'),
(1680,'1805','BANDAR SURABAYA'),
(1681,'1806','BUKIT KEMUNING'),
(1682,'1806','ABUNG TINGGI'),
(1683,'1806','TANJUNG RAJA'),
(1684,'1806','ABUNG BARAT'),
(1685,'1806','ABUNG TENGAH'),
(1686,'1806','ABUNG  KUNANG'),
(1687,'1806','ABUNG PEKURUN'),
(1688,'1806','KOTABUMI'),
(1689,'1806','KOTABUMI UTARA'),
(1690,'1806','KOTABUMI SELATAN'),
(1691,'1806','ABUNG SELATAN'),
(1692,'1806','ABUNG SEMULI'),
(1693,'1806','BLAMBANGAN PAGAR'),
(1694,'1806','ABUNG TIMUR'),
(1695,'1806','ABUNG SURAKARTA'),
(1696,'1806','SUNGKAI SELATAN'),
(1697,'1806','MUARA SUNGKAI'),
(1698,'1806','BUNGA MAYANG'),
(1699,'1806','SUNGKAI  BARAT'),
(1700,'1806','SUNGKAI JAYA'),
(1701,'1806','SUNGKAI UTARA'),
(1702,'1806','HULUSUNGKAI'),
(1703,'1806','SUNGKAI TENGAH'),
(1704,'1807','BANJIT'),
(1705,'1807','BARADATU'),
(1706,'1807','GUNUNG LABUHAN'),
(1707,'1807','KASUI'),
(1708,'1807','REBANG TANGKAS'),
(1709,'1807','BLAMBANGAN UMPU'),
(1710,'1807','WAY TUBA'),
(1711,'1807','NEGERI AGUNG'),
(1712,'1807','BAHUGA'),
(1713,'1807','BUAY  BAHUGA'),
(1714,'1807','BUMI AGUNG'),
(1715,'1807','PAKUAN RATU'),
(1716,'1807','NEGARA BATIN'),
(1717,'1807','NEGERI BESAR'),
(1718,'1808','BANJAR AGUNG'),
(1719,'1808','BANJAR MARGO'),
(1720,'1808','BANJAR BARU'),
(1721,'1808','GEDUNG AJI'),
(1722,'1808','PENAWAR AJI'),
(1723,'1808','MERAKSA AJI'),
(1724,'1808','MENGGALA'),
(1725,'1808','PENAWAR TAMA'),
(1726,'1808','RAWAJITU SELATAN'),
(1727,'1808','GEDUNG MENENG'),
(1728,'1808','RAWAJITU TIMUR'),
(1729,'1808','RAWA PITU'),
(1730,'1808','GEDUNG AJI BARU'),
(1731,'1808','DENTE TELADAS'),
(1732,'1808','MENGGALA TIMUR'),
(1733,'1809','PUNDUH PIDADA'),
(1734,'1809','MARGA PUNDUH'),
(1735,'1809','PADANG CERMIN'),
(1736,'1809','TELUK PANDAN'),
(1737,'1809','WAY RATAI'),
(1738,'1809','KEDONDONG'),
(1739,'1809','WAY KHILAU'),
(1740,'1809','WAY LIMA'),
(1741,'1809','GEDUNG TATAAN'),
(1742,'1809','NEGERI KATON'),
(1743,'1809','TEGINENENG'),
(1744,'1810','PARDASUKA'),
(1745,'1810','AMBARAWA'),
(1746,'1810','PAGELARAN'),
(1747,'1810','PAGELARAN UTARA'),
(1748,'1810','PRINGSEWU'),
(1749,'1810','GADING REJO'),
(1750,'1810','SUKOHARJO'),
(1751,'1810','BANYUMAS'),
(1752,'1810','ADI LUWIH'),
(1753,'1811','WAY SERDANG'),
(1754,'1811','SIMPANG PEMATANG'),
(1755,'1811','PANCA JAYA'),
(1756,'1811','TANJUNG RAYA'),
(1757,'1811','MESUJI'),
(1758,'1811','MESUJI TIMUR'),
(1759,'1811','RAWAJITU UTARA'),
(1760,'1812','TULANG BAWANG UDIK'),
(1761,'1812','TUMI JAJAR'),
(1762,'1812','TULANG BAWANG TENGAH'),
(1763,'1812','PAGAR DEWA'),
(1764,'1812','LAMBU KIBANG'),
(1765,'1812','GUNUNG TERANG'),
(1766,'1812','GUNUNG AGUNG'),
(1767,'1812','WAY KENANGA'),
(1768,'1813','LEMONG'),
(1769,'1813','PESISIR UTARA'),
(1770,'1813','PULAU PISANG'),
(1771,'1813','KARYA PENGGAWA'),
(1772,'1813','WAY KRUI'),
(1773,'1813','PESISIR TENGAH'),
(1774,'1813','KRUI SELATAN'),
(1775,'1813','PESISIR SELATAN'),
(1776,'1813','NGAMBUR'),
(1777,'1813','BENGKUNAT'),
(1778,'1813','BENGKUNAT BELIMBING'),
(1779,'1871','TELUK BETUNG BARAT'),
(1780,'1871','TELUKBETUNG TIMUR'),
(1781,'1871','TELUK BETUNG SELATAN'),
(1782,'1871','BUMI WARAS'),
(1783,'1871','PANJANG'),
(1784,'1871','TANJUNG KARANG TIMUR'),
(1785,'1871','KEDAMAIAN'),
(1786,'1871','TELUK BETUNG UTARA'),
(1787,'1871','TANJUNG KARANG PUSAT'),
(1788,'1871','ENGGAL'),
(1789,'1871','TANJUNG KARANG BARAT'),
(1790,'1871','KEMILING'),
(1791,'1871','LANGKAPURA'),
(1792,'1871','KEDATON'),
(1793,'1871','RAJABASA'),
(1794,'1871','TANJUNG SENANG'),
(1795,'1871','LABUHAN RATU'),
(1796,'1871','SUKARAME'),
(1797,'1871','SUKABUMI'),
(1798,'1871','WAY HALIM'),
(1799,'1872','METRO SELATAN'),
(1800,'1872','METRO BARAT'),
(1801,'1872','METRO TIMUR'),
(1802,'1872','METRO PUSAT'),
(1803,'1872','METRO UTARA'),
(1804,'1901','MENDO BARAT'),
(1805,'1901','MERAWANG'),
(1806,'1901','PUDING BESAR'),
(1807,'1901','SUNGAI LIAT'),
(1808,'1901','PEMALI'),
(1809,'1901','BAKAM'),
(1810,'1901','BELINYU'),
(1811,'1901','RIAU SILIP'),
(1812,'1902','MEMBALONG'),
(1813,'1902','TANJUNG PANDAN'),
(1814,'1902','BADAU'),
(1815,'1902','SIJUK'),
(1816,'1902','SELAT NASIK'),
(1817,'1903','KELAPA'),
(1818,'1903','TEMPILANG'),
(1819,'1903','MENTOK'),
(1820,'1903','SIMPANG TERITIP'),
(1821,'1903','JEBUS'),
(1822,'1903','PARITTIGA'),
(1823,'1904','KOBA'),
(1824,'1904','LUBUK BESAR'),
(1825,'1904','PANGKALAN BARU'),
(1826,'1904','NAMANG'),
(1827,'1904','SUNGAI SELAN'),
(1828,'1904','SIMPANG KATIS'),
(1829,'1905','PAYUNG'),
(1830,'1905','PULAU BESAR'),
(1831,'1905','SIMPANG RIMBA'),
(1832,'1905','TOBOALI'),
(1833,'1905','TUKAK SADAI'),
(1834,'1905','AIR GEGAS'),
(1835,'1905','LEPAR PONGOK'),
(1836,'1905','KEPULAUAN PONGOK'),
(1837,'1906','DENDANG'),
(1838,'1906','SIMPANG PESAK'),
(1839,'1906','GANTUNG'),
(1840,'1906','SIMPANG RENGGIANG'),
(1841,'1906','MANGGAR'),
(1842,'1906','DAMAR'),
(1843,'1906','KELAPA KAMPIT'),
(1844,'1971','RANGKUI'),
(1845,'1971','BUKIT INTAN'),
(1846,'1971','GIRIMAYA'),
(1847,'1971','PANGKAL BALAM'),
(1848,'1971','GABEK'),
(1849,'1971','TAMAN SARI'),
(1850,'1971','GERUNGGANG'),
(1851,'2101','MORO'),
(1852,'2101','DURAI'),
(1853,'2101','KUNDUR'),
(1854,'2101','KUNDUR UTARA'),
(1855,'2101','KUNDUR BARAT'),
(1856,'2101','UNGAR'),
(1857,'2101','BELAT'),
(1858,'2101','KARIMUN'),
(1859,'2101','BURU'),
(1860,'2101','MERAL'),
(1861,'2101','TEBING'),
(1862,'2101','MERAL BARAT'),
(1863,'2102','TELUK BINTAN'),
(1864,'2102','BINTAN UTARA'),
(1865,'2102','TELUK SEBONG'),
(1866,'2102','SERI KUALA LOBAM'),
(1867,'2102','BINTAN TIMUR'),
(1868,'2102','GUNUNG KIJANG'),
(1869,'2102','MANTANG'),
(1870,'2102','BINTAN PESISIR'),
(1871,'2102','TOAPAYA'),
(1872,'2102','TAMBELAN'),
(1873,'2103','MIDAI'),
(1874,'2103','BUNGURAN BARAT'),
(1875,'2103','BUNGURAN UTARA'),
(1876,'2103','PULAU LAUT'),
(1877,'2103','PULAU TIGA'),
(1878,'2103','BUNGURAN TIMUR'),
(1879,'2103','BUNGURAN TIMUR LAUT'),
(1880,'2103','BUNGURAN TENGAH'),
(1881,'2103','BUNGURAN SELATAN'),
(1882,'2103','SERASAN'),
(1883,'2103','SUBI'),
(1884,'2103','SERASAN TIMUR'),
(1885,'2104','SINGKEP BARAT'),
(1886,'2104','KEPULAUAN POSEK'),
(1887,'2104','SINGKEP'),
(1888,'2104','SINGKEP SELATAN'),
(1889,'2104','SINGKEP PESISIR'),
(1890,'2104','LINGGA'),
(1891,'2104','SELAYAR'),
(1892,'2104','LINGGA TIMUR'),
(1893,'2104','LINGGA UTARA'),
(1894,'2104','SENAYANG'),
(1895,'2105','JEMAJA'),
(1896,'2105','JEMAJA TIMUR'),
(1897,'2105','SIANTAN SELATAN'),
(1898,'2105','SIANTAN'),
(1899,'2105','SIANTAN TIMUR'),
(1900,'2105','SIANTAN TENGAH'),
(1901,'2105','PALMATAK'),
(1902,'2171','BELAKANG PADANG'),
(1903,'2171','BULANG'),
(1904,'2171','GALANG'),
(1905,'2171','SEI BEDUK'),
(1906,'2171','SAGULUNG'),
(1907,'2171','NONGSA'),
(1908,'2171','BATAM KOTA'),
(1909,'2171','SEKUPANG'),
(1910,'2171','BATU AJI'),
(1911,'2171','LUBUK BAJA'),
(1912,'2171','BATU AMPAR'),
(1913,'2171','BENGKONG'),
(1914,'2172','BUKIT BESTARI'),
(1915,'2172','TANJUNGPINANG TIMUR'),
(1916,'2172','TANJUNGPINANG KOTA'),
(1917,'2172','TANJUNGPINANG BARAT'),
(1918,'3101','KEPULAUAN SERIBU SELATAN'),
(1919,'3101','KEPULAUAN SERIBU UTARA'),
(1920,'3171','JAGAKARSA'),
(1921,'3171','PASAR MINGGU'),
(1922,'3171','CILANDAK'),
(1923,'3171','PESANGGRAHAN'),
(1924,'3171','KEBAYORAN LAMA'),
(1925,'3171','KEBAYORAN BARU'),
(1926,'3171','MAMPANG PRAPATAN'),
(1927,'3171','PANCORAN'),
(1928,'3171','TEBET'),
(1929,'3171','SETIA BUDI'),
(1930,'3172','PASAR REBO'),
(1931,'3172','CIRACAS'),
(1932,'3172','CIPAYUNG'),
(1933,'3172','MAKASAR'),
(1934,'3172','KRAMAT JATI'),
(1935,'3172','JATINEGARA'),
(1936,'3172','DUREN SAWIT'),
(1937,'3172','CAKUNG'),
(1938,'3172','PULO GADUNG'),
(1939,'3172','MATRAMAN'),
(1940,'3173','TANAH ABANG'),
(1941,'3173','MENTENG'),
(1942,'3173','SENEN'),
(1943,'3173','JOHAR BARU'),
(1944,'3173','CEMPAKA PUTIH'),
(1945,'3173','KEMAYORAN'),
(1946,'3173','SAWAH BESAR'),
(1947,'3173','GAMBIR'),
(1948,'3174','KEMBANGAN'),
(1949,'3174','KEBON JERUK'),
(1950,'3174','PALMERAH'),
(1951,'3174','GROGOL PETAMBURAN'),
(1952,'3174','TAMBORA'),
(1953,'3174','TAMAN SARI'),
(1954,'3174','CENGKARENG'),
(1955,'3174','KALI DERES'),
(1956,'3175','PENJARINGAN'),
(1957,'3175','PADEMANGAN'),
(1958,'3175','TANJUNG PRIOK'),
(1959,'3175','KOJA'),
(1960,'3175','KELAPA GADING'),
(1961,'3175','CILINCING'),
(1962,'3201','NANGGUNG'),
(1963,'3201','LEUWILIANG'),
(1964,'3201','LEUWISADENG'),
(1965,'3201','PAMIJAHAN'),
(1966,'3201','CIBUNGBULANG'),
(1967,'3201','CIAMPEA'),
(1968,'3201','TENJOLAYA'),
(1969,'3201','DRAMAGA'),
(1970,'3201','CIOMAS'),
(1971,'3201','TAMANSARI'),
(1972,'3201','CIJERUK'),
(1973,'3201','CIGOMBONG'),
(1974,'3201','CARINGIN'),
(1975,'3201','CIAWI'),
(1976,'3201','CISARUA'),
(1977,'3201','MEGAMENDUNG'),
(1978,'3201','SUKARAJA'),
(1979,'3201','BABAKAN MADANG'),
(1980,'3201','SUKAMAKMUR'),
(1981,'3201','CARIU'),
(1982,'3201','TANJUNGSARI'),
(1983,'3201','JONGGOL'),
(1984,'3201','CILEUNGSI'),
(1985,'3201','KELAPA NUNGGAL'),
(1986,'3201','GUNUNG PUTRI'),
(1987,'3201','CITEUREUP'),
(1988,'3201','CIBINONG'),
(1989,'3201','BOJONG GEDE'),
(1990,'3201','TAJUR HALANG'),
(1991,'3201','KEMANG'),
(1992,'3201','RANCA BUNGUR'),
(1993,'3201','PARUNG'),
(1994,'3201','CISEENG'),
(1995,'3201','GUNUNG SINDUR'),
(1996,'3201','RUMPIN'),
(1997,'3201','CIGUDEG'),
(1998,'3201','SUKAJAYA'),
(1999,'3201','JASINGA'),
(2000,'3201','TENJO'),
(2001,'3201','PARUNG PANJANG'),
(2002,'3202','CIEMAS'),
(2003,'3202','CIRACAP'),
(2004,'3202','WALURAN'),
(2005,'3202','SURADE'),
(2006,'3202','CIBITUNG'),
(2007,'3202','JAMPANG KULON'),
(2008,'3202','CIMANGGU'),
(2009,'3202','KALI BUNDER'),
(2010,'3202','TEGAL BULEUD'),
(2011,'3202','CIDOLOG'),
(2012,'3202','SAGARANTEN'),
(2013,'3202','CIDADAP'),
(2014,'3202','CURUGKEMBAR'),
(2015,'3202','PABUARAN'),
(2016,'3202','LENGKONG'),
(2017,'3202','PALABUHANRATU'),
(2018,'3202','SIMPENAN'),
(2019,'3202','WARUNG KIARA'),
(2020,'3202','BANTARGADUNG'),
(2021,'3202','JAMPANG TENGAH'),
(2022,'3202','PURABAYA'),
(2023,'3202','CIKEMBAR'),
(2024,'3202','NYALINDUNG'),
(2025,'3202','GEGER BITUNG'),
(2026,'3202','SUKARAJA'),
(2027,'3202','KEBONPEDES'),
(2028,'3202','CIREUNGHAS'),
(2029,'3202','SUKALARANG'),
(2030,'3202','SUKABUMI'),
(2031,'3202','KADUDAMPIT'),
(2032,'3202','CISAAT'),
(2033,'3202','GUNUNGGURUH'),
(2034,'3202','CIBADAK'),
(2035,'3202','CICANTAYAN'),
(2036,'3202','CARINGIN'),
(2037,'3202','NAGRAK'),
(2038,'3202','CIAMBAR'),
(2039,'3202','CICURUG'),
(2040,'3202','CIDAHU'),
(2041,'3202','PARAKAN SALAK'),
(2042,'3202','PARUNG KUDA'),
(2043,'3202','BOJONG GENTENG'),
(2044,'3202','KALAPA NUNGGAL'),
(2045,'3202','CIKIDANG'),
(2046,'3202','CISOLOK'),
(2047,'3202','CIKAKAK'),
(2048,'3202','KABANDUNGAN'),
(2049,'3203','AGRABINTA'),
(2050,'3203','LELES'),
(2051,'3203','SINDANGBARANG'),
(2052,'3203','CIDAUN'),
(2053,'3203','NARINGGUL'),
(2054,'3203','CIBINONG'),
(2055,'3203','CIKADU'),
(2056,'3203','TANGGEUNG'),
(2057,'3203','PASIRKUDA'),
(2058,'3203','KADUPANDAK'),
(2059,'3203','CIJATI'),
(2060,'3203','TAKOKAK'),
(2061,'3203','SUKANAGARA'),
(2062,'3203','PAGELARAN'),
(2063,'3203','CAMPAKA'),
(2064,'3203','CAMPAKA MULYA'),
(2065,'3203','CIBEBER'),
(2066,'3203','WARUNGKONDANG'),
(2067,'3203','GEKBRONG'),
(2068,'3203','CILAKU'),
(2069,'3203','SUKALUYU'),
(2070,'3203','BOJONGPICUNG'),
(2071,'3203','HAURWANGI'),
(2072,'3203','CIRANJANG'),
(2073,'3203','MANDE'),
(2074,'3203','KARANGTENGAH'),
(2075,'3203','CIANJUR'),
(2076,'3203','CUGENANG'),
(2077,'3203','PACET'),
(2078,'3203','CIPANAS'),
(2079,'3203','SUKARESMI'),
(2080,'3203','CIKALONGKULON'),
(2081,'3204','CIWIDEY'),
(2082,'3204','RANCABALI'),
(2083,'3204','PASIRJAMBU'),
(2084,'3204','CIMAUNG'),
(2085,'3204','PANGALENGAN'),
(2086,'3204','KERTASARI'),
(2087,'3204','PACET'),
(2088,'3204','IBUN'),
(2089,'3204','PASEH'),
(2090,'3204','CIKANCUNG'),
(2091,'3204','CICALENGKA'),
(2092,'3204','NAGREG'),
(2093,'3204','RANCAEKEK'),
(2094,'3204','MAJALAYA'),
(2095,'3204','SOLOKAN JERUK'),
(2096,'3204','CIPARAY'),
(2097,'3204','BALEENDAH'),
(2098,'3204','ARJASARI'),
(2099,'3204','BANJARAN'),
(2100,'3204','CANGKUANG'),
(2101,'3204','PAMEUNGPEUK'),
(2102,'3204','KATAPANG'),
(2103,'3204','SOREANG'),
(2104,'3204','KUTAWARINGIN'),
(2105,'3204','MARGAASIH'),
(2106,'3204','MARGAHAYU'),
(2107,'3204','DAYEUHKOLOT'),
(2108,'3204','BOJONGSOANG'),
(2109,'3204','CILEUNYI'),
(2110,'3204','CILENGKRANG'),
(2111,'3204','CIMENYAN'),
(2112,'3205','CISEWU'),
(2113,'3205','CARINGIN'),
(2114,'3205','TALEGONG'),
(2115,'3205','BUNGBULANG'),
(2116,'3205','MEKARMUKTI'),
(2117,'3205','PAMULIHAN'),
(2118,'3205','PAKENJENG'),
(2119,'3205','CIKELET'),
(2120,'3205','PAMEUNGPEUK'),
(2121,'3205','CIBALONG'),
(2122,'3205','CISOMPET'),
(2123,'3205','PEUNDEUY'),
(2124,'3205','SINGAJAYA'),
(2125,'3205','CIHURIP'),
(2126,'3205','CIKAJANG'),
(2127,'3205','BANJARWANGI'),
(2128,'3205','CILAWU'),
(2129,'3205','BAYONGBONG'),
(2130,'3205','CIGEDUG'),
(2131,'3205','CISURUPAN'),
(2132,'3205','SUKARESMI'),
(2133,'3205','SAMARANG'),
(2134,'3205','PASIRWANGI'),
(2135,'3205','TAROGONG KIDUL'),
(2136,'3205','TAROGONG KALER'),
(2137,'3205','GARUT KOTA'),
(2138,'3205','KARANGPAWITAN'),
(2139,'3205','WANARAJA'),
(2140,'3205','SUCINARAJA'),
(2141,'3205','PANGATIKAN'),
(2142,'3205','SUKAWENING'),
(2143,'3205','KARANGTENGAH'),
(2144,'3205','BANYURESMI'),
(2145,'3205','LELES'),
(2146,'3205','LEUWIGOONG'),
(2147,'3205','CIBATU'),
(2148,'3205','KERSAMANAH'),
(2149,'3205','CIBIUK'),
(2150,'3205','KADUNGORA'),
(2151,'3205','BLUBUR LIMBANGAN'),
(2152,'3205','SELAAWI'),
(2153,'3205','MALANGBONG'),
(2154,'3206','CIPATUJAH'),
(2155,'3206','KARANGNUNGGAL'),
(2156,'3206','CIKALONG'),
(2157,'3206','PANCATENGAH'),
(2158,'3206','CIKATOMAS'),
(2159,'3206','CIBALONG'),
(2160,'3206','PARUNGPONTENG'),
(2161,'3206','BANTARKALONG'),
(2162,'3206','BOJONGASIH'),
(2163,'3206','CULAMEGA'),
(2164,'3206','BOJONGGAMBIR'),
(2165,'3206','SODONGHILIR'),
(2166,'3206','TARAJU'),
(2167,'3206','SALAWU'),
(2168,'3206','PUSPAHIANG'),
(2169,'3206','TANJUNGJAYA'),
(2170,'3206','SUKARAJA'),
(2171,'3206','SALOPA'),
(2172,'3206','JATIWARAS'),
(2173,'3206','CINEAM'),
(2174,'3206','KARANGJAYA'),
(2175,'3206','MANONJAYA'),
(2176,'3206','GUNUNGTANJUNG'),
(2177,'3206','SINGAPARNA'),
(2178,'3206','SUKARAME'),
(2179,'3206','MANGUNREJA'),
(2180,'3206','CIGALONTANG'),
(2181,'3206','LEUWISARI'),
(2182,'3206','SARIWANGI'),
(2183,'3206','PADAKEMBANG'),
(2184,'3206','SUKARATU'),
(2185,'3206','CISAYONG'),
(2186,'3206','SUKAHENING'),
(2187,'3206','RAJAPOLAH'),
(2188,'3206','JAMANIS'),
(2189,'3206','CIAWI'),
(2190,'3206','KADIPATEN'),
(2191,'3206','PAGERAGEUNG'),
(2192,'3206','SUKARESIK'),
(2193,'3207','BANJARSARI'),
(2194,'3207','LAKBOK'),
(2195,'3207','PURWADADI'),
(2196,'3207','PAMARICAN'),
(2197,'3207','CIDOLOG'),
(2198,'3207','CIMARAGAS'),
(2199,'3207','CIJEUNGJING'),
(2200,'3207','CISAGA'),
(2201,'3207','TAMBAKSARI'),
(2202,'3207','RANCAH'),
(2203,'3207','RAJADESA'),
(2204,'3207','SUKADANA'),
(2205,'3207','CIAMIS'),
(2206,'3207','BAREGBEG'),
(2207,'3207','CIKONENG'),
(2208,'3207','SINDANGKASIH'),
(2209,'3207','CIHAURBEUTI'),
(2210,'3207','SADANANYA'),
(2211,'3207','CIPAKU'),
(2212,'3207','JATINAGARA'),
(2213,'3207','PANAWANGAN'),
(2214,'3207','KAWALI'),
(2215,'3207','LUMBUNG'),
(2216,'3207','PANJALU'),
(2217,'3207','SUKAMANTRI'),
(2218,'3207','PANUMBANGAN'),
(2219,'3208','DARMA'),
(2220,'3208','KADUGEDE'),
(2221,'3208','NUSAHERANG'),
(2222,'3208','CINIRU'),
(2223,'3208','HANTARA'),
(2224,'3208','SELAJAMBE'),
(2225,'3208','SUBANG'),
(2226,'3208','CILEBAK'),
(2227,'3208','CIWARU'),
(2228,'3208','KARANGKANCANA'),
(2229,'3208','CIBINGBIN'),
(2230,'3208','CIBEUREUM'),
(2231,'3208','LURAGUNG'),
(2232,'3208','CIMAHI'),
(2233,'3208','CIDAHU'),
(2234,'3208','KALIMANGGIS'),
(2235,'3208','CIAWIGEBANG'),
(2236,'3208','CIPICUNG'),
(2237,'3208','LEBAKWANGI'),
(2238,'3208','MALEBER'),
(2239,'3208','GARAWANGI'),
(2240,'3208','SINDANGAGUNG'),
(2241,'3208','KUNINGAN'),
(2242,'3208','CIGUGUR'),
(2243,'3208','KRAMATMULYA'),
(2244,'3208','JALAKSANA'),
(2245,'3208','JAPARA'),
(2246,'3208','CILIMUS'),
(2247,'3208','CIGANDAMEKAR'),
(2248,'3208','MANDIRANCAN'),
(2249,'3208','PANCALANG'),
(2250,'3208','PASAWAHAN'),
(2251,'3209','WALED'),
(2252,'3209','PASALEMAN'),
(2253,'3209','CILEDUG'),
(2254,'3209','PABUARAN'),
(2255,'3209','LOSARI'),
(2256,'3209','PABEDILAN'),
(2257,'3209','BABAKAN'),
(2258,'3209','GEBANG'),
(2259,'3209','KARANGSEMBUNG'),
(2260,'3209','KARANGWARENG'),
(2261,'3209','LEMAHABANG'),
(2262,'3209','SUSUKANLEBAK'),
(2263,'3209','SEDONG'),
(2264,'3209','ASTANAJAPURA'),
(2265,'3209','PANGENAN'),
(2266,'3209','MUNDU'),
(2267,'3209','BEBER'),
(2268,'3209','GREGED'),
(2269,'3209','TALUN'),
(2270,'3209','SUMBER'),
(2271,'3209','DUKUPUNTANG'),
(2272,'3209','PALIMANAN'),
(2273,'3209','PLUMBON'),
(2274,'3209','DEPOK'),
(2275,'3209','WERU'),
(2276,'3209','PLERED'),
(2277,'3209','TENGAH TANI'),
(2278,'3209','KEDAWUNG'),
(2279,'3209','GUNUNGJATI'),
(2280,'3209','KAPETAKAN'),
(2281,'3209','SURANENGGALA'),
(2282,'3209','KLANGENAN'),
(2283,'3209','JAMBLANG'),
(2284,'3209','ARJAWINANGUN'),
(2285,'3209','PANGURAGAN'),
(2286,'3209','CIWARINGIN'),
(2287,'3209','GEMPOL'),
(2288,'3209','SUSUKAN'),
(2289,'3209','GEGESIK'),
(2290,'3209','KALIWEDI'),
(2291,'3210','LEMAHSUGIH'),
(2292,'3210','BANTARUJEG'),
(2293,'3210','MALAUSMA'),
(2294,'3210','CIKIJING'),
(2295,'3210','CINGAMBUL'),
(2296,'3210','TALAGA'),
(2297,'3210','BANJARAN'),
(2298,'3210','ARGAPURA'),
(2299,'3210','MAJA'),
(2300,'3210','MAJALENGKA'),
(2301,'3210','CIGASONG'),
(2302,'3210','SUKAHAJI'),
(2303,'3210','SINDANG'),
(2304,'3210','RAJAGALUH'),
(2305,'3210','SINDANGWANGI'),
(2306,'3210','LEUWIMUNDING'),
(2307,'3210','PALASAH'),
(2308,'3210','JATIWANGI'),
(2309,'3210','DAWUAN'),
(2310,'3210','KASOKANDEL'),
(2311,'3210','PANYINGKIRAN'),
(2312,'3210','KADIPATEN'),
(2313,'3210','KERTAJATI'),
(2314,'3210','JATITUJUH'),
(2315,'3210','LIGUNG'),
(2316,'3210','SUMBERJAYA'),
(2317,'3211','JATINANGOR'),
(2318,'3211','CIMANGGUNG'),
(2319,'3211','TANJUNGSARI'),
(2320,'3211','SUKASARI'),
(2321,'3211','PAMULIHAN'),
(2322,'3211','RANCAKALONG'),
(2323,'3211','SUMEDANG SELATAN'),
(2324,'3211','SUMEDANG UTARA'),
(2325,'3211','GANEAS'),
(2326,'3211','SITURAJA'),
(2327,'3211','CISITU'),
(2328,'3211','DARMARAJA'),
(2329,'3211','CIBUGEL'),
(2330,'3211','WADO'),
(2331,'3211','JATINUNGGAL'),
(2332,'3211','JATIGEDE'),
(2333,'3211','TOMO'),
(2334,'3211','UJUNG JAYA'),
(2335,'3211','CONGGEANG'),
(2336,'3211','PASEH'),
(2337,'3211','CIMALAKA'),
(2338,'3211','CISARUA'),
(2339,'3211','TANJUNGKERTA'),
(2340,'3211','TANJUNGMEDAR'),
(2341,'3211','BUAHDUA'),
(2342,'3211','SURIAN'),
(2343,'3212','HAURGEULIS'),
(2344,'3212','GANTAR'),
(2345,'3212','KROYA'),
(2346,'3212','GABUSWETAN'),
(2347,'3212','CIKEDUNG'),
(2348,'3212','TERISI'),
(2349,'3212','LELEA'),
(2350,'3212','BANGODUA'),
(2351,'3212','TUKDANA'),
(2352,'3212','WIDASARI'),
(2353,'3212','KERTASEMAYA'),
(2354,'3212','SUKAGUMIWANG'),
(2355,'3212','KRANGKENG'),
(2356,'3212','KARANGAMPEL'),
(2357,'3212','KEDOKAN BUNDER'),
(2358,'3212','JUNTINYUAT'),
(2359,'3212','SLIYEG'),
(2360,'3212','JATIBARANG'),
(2361,'3212','BALONGAN'),
(2362,'3212','INDRAMAYU'),
(2363,'3212','SINDANG'),
(2364,'3212','CANTIGI'),
(2365,'3212','PASEKAN'),
(2366,'3212','LOHBENER'),
(2367,'3212','ARAHAN'),
(2368,'3212','LOSARANG'),
(2369,'3212','KANDANGHAUR'),
(2370,'3212','BONGAS'),
(2371,'3212','ANJATAN'),
(2372,'3212','SUKRA'),
(2373,'3212','PATROL'),
(2374,'3213','SAGALAHERANG'),
(2375,'3213','SERANGPANJANG'),
(2376,'3213','JALANCAGAK'),
(2377,'3213','CIATER'),
(2378,'3213','CISALAK'),
(2379,'3213','KASOMALANG'),
(2380,'3213','TANJUNGSIANG'),
(2381,'3213','CIJAMBE'),
(2382,'3213','CIBOGO'),
(2383,'3213','SUBANG'),
(2384,'3213','KALIJATI'),
(2385,'3213','DAWUAN'),
(2386,'3213','CIPEUNDEUY'),
(2387,'3213','PABUARAN'),
(2388,'3213','PATOKBEUSI'),
(2389,'3213','PURWADADI'),
(2390,'3213','CIKAUM'),
(2391,'3213','PAGADEN'),
(2392,'3213','PAGADEN BARAT'),
(2393,'3213','CIPUNAGARA'),
(2394,'3213','COMPRENG'),
(2395,'3213','BINONG'),
(2396,'3213','TAMBAKDAHAN'),
(2397,'3213','CIASEM'),
(2398,'3213','PAMANUKAN'),
(2399,'3213','SUKASARI'),
(2400,'3213','PUSAKANAGARA'),
(2401,'3213','PUSAKAJAYA'),
(2402,'3213','LEGONKULON'),
(2403,'3213','BLANAKAN'),
(2404,'3214','JATILUHUR'),
(2405,'3214','SUKASARI'),
(2406,'3214','MANIIS'),
(2407,'3214','TEGAL WARU'),
(2408,'3214','PLERED'),
(2409,'3214','SUKATANI'),
(2410,'3214','DARANGDAN'),
(2411,'3214','BOJONG'),
(2412,'3214','WANAYASA'),
(2413,'3214','KIARAPEDES'),
(2414,'3214','PASAWAHAN'),
(2415,'3214','PONDOK SALAM'),
(2416,'3214','PURWAKARTA'),
(2417,'3214','BABAKANCIKAO'),
(2418,'3214','CAMPAKA'),
(2419,'3214','CIBATU'),
(2420,'3214','BUNGURSARI'),
(2421,'3215','PANGKALAN'),
(2422,'3215','TEGALWARU'),
(2423,'3215','CIAMPEL'),
(2424,'3215','TELUKJAMBE TIMUR'),
(2425,'3215','TELUKJAMBE BARAT'),
(2426,'3215','KLARI'),
(2427,'3215','CIKAMPEK'),
(2428,'3215','PURWASARI'),
(2429,'3215','TIRTAMULYA'),
(2430,'3215','JATISARI'),
(2431,'3215','BANYUSARI'),
(2432,'3215','KOTABARU'),
(2433,'3215','CILAMAYA WETAN'),
(2434,'3215','CILAMAYA KULON'),
(2435,'3215','LEMAHABANG'),
(2436,'3215','TALAGASARI'),
(2437,'3215','MAJALAYA'),
(2438,'3215','KARAWANG TIMUR'),
(2439,'3215','KARAWANG BARAT'),
(2440,'3215','RAWAMERTA'),
(2441,'3215','TEMPURAN'),
(2442,'3215','KUTAWALUYA'),
(2443,'3215','RENGASDENGKLOK'),
(2444,'3215','JAYAKERTA'),
(2445,'3215','PEDES'),
(2446,'3215','CILEBAR'),
(2447,'3215','CIBUAYA'),
(2448,'3215','TIRTAJAYA'),
(2449,'3215','BATUJAYA'),
(2450,'3215','PAKISJAYA'),
(2451,'3216','SETU'),
(2452,'3216','SERANG BARU'),
(2453,'3216','CIKARANG PUSAT'),
(2454,'3216','CIKARANG SELATAN'),
(2455,'3216','CIBARUSAH'),
(2456,'3216','BOJONGMANGU'),
(2457,'3216','CIKARANG TIMUR'),
(2458,'3216','KEDUNGWARINGIN'),
(2459,'3216','CIKARANG UTARA'),
(2460,'3216','KARANGBAHAGIA'),
(2461,'3216','CIBITUNG'),
(2462,'3216','CIKARANG BARAT'),
(2463,'3216','TAMBUN SELATAN'),
(2464,'3216','TAMBUN UTARA'),
(2465,'3216','BABELAN'),
(2466,'3216','TARUMAJAYA'),
(2467,'3216','TAMBELANG'),
(2468,'3216','SUKAWANGI'),
(2469,'3216','SUKATANI'),
(2470,'3216','SUKAKARYA'),
(2471,'3216','PEBAYURAN'),
(2472,'3216','CABANGBUNGIN'),
(2473,'3216','MUARA GEMBONG'),
(2474,'3217','RONGGA'),
(2475,'3217','GUNUNGHALU'),
(2476,'3217','SINDANGKERTA'),
(2477,'3217','CILILIN'),
(2478,'3217','CIHAMPELAS'),
(2479,'3217','CIPONGKOR'),
(2480,'3217','BATUJAJAR'),
(2481,'3217','SAGULING'),
(2482,'3217','CIPATAT'),
(2483,'3217','PADALARANG'),
(2484,'3217','NGAMPRAH'),
(2485,'3217','PARONGPONG'),
(2486,'3217','LEMBANG'),
(2487,'3217','CISARUA'),
(2488,'3217','CIKALONG WETAN'),
(2489,'3217','CIPEUNDEUY'),
(2490,'3218','CIMERAK'),
(2491,'3218','CIJULANG'),
(2492,'3218','CIGUGUR'),
(2493,'3218','LANGKAPLANCAR'),
(2494,'3218','PARIGI'),
(2495,'3218','SIDAMULIH'),
(2496,'3218','PANGANDARAN'),
(2497,'3218','KALIPUCANG'),
(2498,'3218','PADAHERANG'),
(2499,'3218','MANGUNJAYA'),
(2500,'3271','BOGOR SELATAN'),
(2501,'3271','BOGOR TIMUR'),
(2502,'3271','BOGOR UTARA'),
(2503,'3271','BOGOR TENGAH'),
(2504,'3271','BOGOR BARAT'),
(2505,'3271','TANAH SEREAL'),
(2506,'3272','BAROS'),
(2507,'3272','LEMBURSITU'),
(2508,'3272','CIBEUREUM'),
(2509,'3272','CITAMIANG'),
(2510,'3272','WARUDOYONG'),
(2511,'3272','GUNUNG PUYUH'),
(2512,'3272','CIKOLE'),
(2513,'3273','BANDUNG KULON'),
(2514,'3273','BABAKAN CIPARAY'),
(2515,'3273','BOJONGLOA KALER'),
(2516,'3273','BOJONGLOA KIDUL'),
(2517,'3273','ASTANAANYAR'),
(2518,'3273','REGOL'),
(2519,'3273','LENGKONG'),
(2520,'3273','BANDUNG KIDUL'),
(2521,'3273','BUAHBATU'),
(2522,'3273','RANCASARI'),
(2523,'3273','GEDEBAGE'),
(2524,'3273','CIBIRU'),
(2525,'3273','PANYILEUKAN'),
(2526,'3273','UJUNG BERUNG'),
(2527,'3273','CINAMBO'),
(2528,'3273','ARCAMANIK'),
(2529,'3273','ANTAPANI'),
(2530,'3273','MANDALAJATI'),
(2531,'3273','KIARACONDONG'),
(2532,'3273','BATUNUNGGAL'),
(2533,'3273','SUMUR BANDUNG'),
(2534,'3273','ANDIR'),
(2535,'3273','CICENDO'),
(2536,'3273','BANDUNG WETAN'),
(2537,'3273','CIBEUNYING KIDUL'),
(2538,'3273','CIBEUNYING KALER'),
(2539,'3273','COBLONG'),
(2540,'3273','SUKAJADI'),
(2541,'3273','SUKASARI'),
(2542,'3273','CIDADAP'),
(2543,'3274','HARJAMUKTI'),
(2544,'3274','LEMAHWUNGKUK'),
(2545,'3274','PEKALIPAN'),
(2546,'3274','KESAMBI'),
(2547,'3274','KEJAKSAN'),
(2548,'3275','PONDOKGEDE'),
(2549,'3275','JATISAMPURNA'),
(2550,'3275','PONDOKMELATI'),
(2551,'3275','JATIASIH'),
(2552,'3275','BANTARGEBANG'),
(2553,'3275','MUSTIKAJAYA'),
(2554,'3275','BEKASI TIMUR'),
(2555,'3275','RAWALUMBU'),
(2556,'3275','BEKASI SELATAN'),
(2557,'3275','BEKASI BARAT'),
(2558,'3275','MEDAN SATRIA'),
(2559,'3275','BEKASI UTARA'),
(2560,'3276','SAWANGAN'),
(2561,'3276','BOJONGSARI'),
(2562,'3276','PANCORAN MAS'),
(2563,'3276','CIPAYUNG'),
(2564,'3276','SUKMA JAYA'),
(2565,'3276','CILODONG'),
(2566,'3276','CIMANGGIS'),
(2567,'3276','TAPOS'),
(2568,'3276','BEJI'),
(2569,'3276','LIMO'),
(2570,'3276','CINERE'),
(2571,'3277','CIMAHI SELATAN'),
(2572,'3277','CIMAHI TENGAH'),
(2573,'3277','CIMAHI UTARA'),
(2574,'3278','KAWALU'),
(2575,'3278','TAMANSARI'),
(2576,'3278','CIBEUREUM'),
(2577,'3278','PURBARATU'),
(2578,'3278','TAWANG'),
(2579,'3278','CIHIDEUNG'),
(2580,'3278','MANGKUBUMI'),
(2581,'3278','INDIHIANG'),
(2582,'3278','BUNGURSARI'),
(2583,'3278','CIPEDES'),
(2584,'3279','BANJAR'),
(2585,'3279','PURWAHARJA'),
(2586,'3279','PATARUMAN'),
(2587,'3279','LANGENSARI'),
(2588,'3301','DAYEUHLUHUR'),
(2589,'3301','WANAREJA'),
(2590,'3301','MAJENANG'),
(2591,'3301','CIMANGGU'),
(2592,'3301','KARANGPUCUNG'),
(2593,'3301','CIPARI'),
(2594,'3301','SIDAREJA'),
(2595,'3301','KEDUNGREJA'),
(2596,'3301','PATIMUAN'),
(2597,'3301','GANDRUNGMANGU'),
(2598,'3301','BANTARSARI'),
(2599,'3301','KAWUNGANTEN'),
(2600,'3301','KAMPUNG LAUT'),
(2601,'3301','JERUKLEGI'),
(2602,'3301','KESUGIHAN'),
(2603,'3301','ADIPALA'),
(2604,'3301','MAOS'),
(2605,'3301','SAMPANG'),
(2606,'3301','KROYA'),
(2607,'3301','BINANGUN'),
(2608,'3301','NUSAWUNGU'),
(2609,'3301','CILACAP SELATAN'),
(2610,'3301','CILACAP TENGAH'),
(2611,'3301','CILACAP UTARA'),
(2612,'3302','LUMBIR'),
(2613,'3302','WANGON'),
(2614,'3302','JATILAWANG'),
(2615,'3302','RAWALO'),
(2616,'3302','KEBASEN'),
(2617,'3302','KEMRANJEN'),
(2618,'3302','SUMPIUH'),
(2619,'3302','TAMBAK'),
(2620,'3302','SOMAGEDE'),
(2621,'3302','KALIBAGOR'),
(2622,'3302','BANYUMAS'),
(2623,'3302','PATIKRAJA'),
(2624,'3302','PURWOJATI'),
(2625,'3302','AJIBARANG'),
(2626,'3302','GUMELAR'),
(2627,'3302','PEKUNCEN'),
(2628,'3302','CILONGOK'),
(2629,'3302','KARANGLEWAS'),
(2630,'3302','KEDUNG BANTENG'),
(2631,'3302','BATURRADEN'),
(2632,'3302','SUMBANG'),
(2633,'3302','KEMBARAN'),
(2634,'3302','SOKARAJA'),
(2635,'3302','PURWOKERTO SELATAN'),
(2636,'3302','PURWOKERTO BARAT'),
(2637,'3302','PURWOKERTO TIMUR'),
(2638,'3302','PURWOKERTO UTARA'),
(2639,'3303','KEMANGKON'),
(2640,'3303','BUKATEJA'),
(2641,'3303','KEJOBONG'),
(2642,'3303','PENGADEGAN'),
(2643,'3303','KALIGONDANG'),
(2644,'3303','PURBALINGGA'),
(2645,'3303','KALIMANAH'),
(2646,'3303','PADAMARA'),
(2647,'3303','KUTASARI'),
(2648,'3303','BOJONGSARI'),
(2649,'3303','MREBET'),
(2650,'3303','BOBOTSARI'),
(2651,'3303','KARANGREJA'),
(2652,'3303','KARANGJAMBU'),
(2653,'3303','KARANGANYAR'),
(2654,'3303','KERTANEGARA'),
(2655,'3303','KARANGMONCOL'),
(2656,'3303','REMBANG'),
(2657,'3304','SUSUKAN'),
(2658,'3304','PURWAREJA KLAMPOK'),
(2659,'3304','MANDIRAJA'),
(2660,'3304','PURWANEGARA'),
(2661,'3304','BAWANG'),
(2662,'3304','BANJARNEGARA'),
(2663,'3304','PAGEDONGAN'),
(2664,'3304','SIGALUH'),
(2665,'3304','MADUKARA'),
(2666,'3304','BANJARMANGU'),
(2667,'3304','WANADADI'),
(2668,'3304','RAKIT'),
(2669,'3304','PUNGGELAN'),
(2670,'3304','KARANGKOBAR'),
(2671,'3304','PAGENTAN'),
(2672,'3304','PEJAWARAN'),
(2673,'3304','BATUR'),
(2674,'3304','WANAYASA'),
(2675,'3304','KALIBENING'),
(2676,'3304','PANDANARUM'),
(2677,'3305','AYAH'),
(2678,'3305','BUAYAN'),
(2679,'3305','PURING'),
(2680,'3305','PETANAHAN'),
(2681,'3305','KLIRONG'),
(2682,'3305','BULUSPESANTREN'),
(2683,'3305','AMBAL'),
(2684,'3305','MIRIT'),
(2685,'3305','BONOROWO'),
(2686,'3305','PREMBUN'),
(2687,'3305','PADURESO'),
(2688,'3305','KUTOWINANGUN'),
(2689,'3305','ALIAN'),
(2690,'3305','PONCOWARNO'),
(2691,'3305','KEBUMEN'),
(2692,'3305','PEJAGOAN'),
(2693,'3305','SRUWENG'),
(2694,'3305','ADIMULYO'),
(2695,'3305','KUWARASAN'),
(2696,'3305','ROWOKELE'),
(2697,'3305','SEMPOR'),
(2698,'3305','GOMBONG'),
(2699,'3305','KARANGANYAR'),
(2700,'3305','KARANGGAYAM'),
(2701,'3305','SADANG'),
(2702,'3305','KARANGSAMBUNG'),
(2703,'3306','GRABAG'),
(2704,'3306','NGOMBOL'),
(2705,'3306','PURWODADI'),
(2706,'3306','BAGELEN'),
(2707,'3306','KALIGESING'),
(2708,'3306','PURWOREJO'),
(2709,'3306','BANYU URIP'),
(2710,'3306','BAYAN'),
(2711,'3306','KUTOARJO'),
(2712,'3306','BUTUH'),
(2713,'3306','PITURUH'),
(2714,'3306','KEMIRI'),
(2715,'3306','BRUNO'),
(2716,'3306','GEBANG'),
(2717,'3306','LOANO'),
(2718,'3306','BENER'),
(2719,'3307','WADASLINTANG'),
(2720,'3307','KEPIL'),
(2721,'3307','SAPURAN'),
(2722,'3307','KALIBAWANG'),
(2723,'3307','KALIWIRO'),
(2724,'3307','LEKSONO'),
(2725,'3307','SUKOHARJO'),
(2726,'3307','SELOMERTO'),
(2727,'3307','KALIKAJAR'),
(2728,'3307','KERTEK'),
(2729,'3307','WONOSOBO'),
(2730,'3307','WATUMALANG'),
(2731,'3307','MOJOTENGAH'),
(2732,'3307','GARUNG'),
(2733,'3307','KEJAJAR'),
(2734,'3308','SALAMAN'),
(2735,'3308','BOROBUDUR'),
(2736,'3308','NGLUWAR'),
(2737,'3308','SALAM'),
(2738,'3308','SRUMBUNG'),
(2739,'3308','DUKUN'),
(2740,'3308','MUNTILAN'),
(2741,'3308','MUNGKID'),
(2742,'3308','SAWANGAN'),
(2743,'3308','CANDIMULYO'),
(2744,'3308','MERTOYUDAN'),
(2745,'3308','TEMPURAN'),
(2746,'3308','KAJORAN'),
(2747,'3308','KALIANGKRIK'),
(2748,'3308','BANDONGAN'),
(2749,'3308','WINDUSARI'),
(2750,'3308','SECANG'),
(2751,'3308','TEGALREJO'),
(2752,'3308','PAKIS'),
(2753,'3308','GRABAG'),
(2754,'3308','NGABLAK'),
(2755,'3309','SELO'),
(2756,'3309','AMPEL'),
(2757,'3309','CEPOGO'),
(2758,'3309','MUSUK'),
(2759,'3309','BOYOLALI'),
(2760,'3309','MOJOSONGO'),
(2761,'3309','TERAS'),
(2762,'3309','SAWIT'),
(2763,'3309','BANYUDONO'),
(2764,'3309','SAMBI'),
(2765,'3309','NGEMPLAK'),
(2766,'3309','NOGOSARI'),
(2767,'3309','SIMO'),
(2768,'3309','KARANGGEDE'),
(2769,'3309','KLEGO'),
(2770,'3309','ANDONG'),
(2771,'3309','KEMUSU'),
(2772,'3309','WONOSEGORO'),
(2773,'3309','JUWANGI'),
(2774,'3310','PRAMBANAN'),
(2775,'3310','GANTIWARNO'),
(2776,'3310','WEDI'),
(2777,'3310','BAYAT'),
(2778,'3310','CAWAS'),
(2779,'3310','TRUCUK'),
(2780,'3310','KALIKOTES'),
(2781,'3310','KEBONARUM'),
(2782,'3310','JOGONALAN'),
(2783,'3310','MANISRENGGO'),
(2784,'3310','KARANGNONGKO'),
(2785,'3310','NGAWEN'),
(2786,'3310','CEPER'),
(2787,'3310','PEDAN'),
(2788,'3310','KARANGDOWO'),
(2789,'3310','JUWIRING'),
(2790,'3310','WONOSARI'),
(2791,'3310','DELANGGU'),
(2792,'3310','POLANHARJO'),
(2793,'3310','KARANGANOM'),
(2794,'3310','TULUNG'),
(2795,'3310','JATINOM'),
(2796,'3310','KEMALANG'),
(2797,'3310','KLATEN SELATAN'),
(2798,'3310','KLATEN TENGAH'),
(2799,'3310','KLATEN UTARA'),
(2800,'3311','WERU'),
(2801,'3311','BULU'),
(2802,'3311','TAWANGSARI'),
(2803,'3311','SUKOHARJO'),
(2804,'3311','NGUTER'),
(2805,'3311','BENDOSARI'),
(2806,'3311','POLOKARTO'),
(2807,'3311','MOJOLABAN'),
(2808,'3311','GROGOL'),
(2809,'3311','BAKI'),
(2810,'3311','GATAK'),
(2811,'3311','KARTASURA'),
(2812,'3312','PRACIMANTORO'),
(2813,'3312','PARANGGUPITO'),
(2814,'3312','GIRITONTRO'),
(2815,'3312','GIRIWOYO'),
(2816,'3312','BATUWARNO'),
(2817,'3312','KARANGTENGAH'),
(2818,'3312','TIRTOMOYO'),
(2819,'3312','NGUNTORONADI'),
(2820,'3312','BATURETNO'),
(2821,'3312','EROMOKO'),
(2822,'3312','WURYANTORO'),
(2823,'3312','MANYARAN'),
(2824,'3312','SELOGIRI'),
(2825,'3312','WONOGIRI'),
(2826,'3312','NGADIROJO'),
(2827,'3312','SIDOHARJO'),
(2828,'3312','JATIROTO'),
(2829,'3312','KISMANTORO'),
(2830,'3312','PURWANTORO'),
(2831,'3312','BULUKERTO'),
(2832,'3312','PUHPELEM'),
(2833,'3312','SLOGOHIMO'),
(2834,'3312','JATISRONO'),
(2835,'3312','JATIPURNO'),
(2836,'3312','GIRIMARTO'),
(2837,'3313','JATIPURO'),
(2838,'3313','JATIYOSO'),
(2839,'3313','JUMAPOLO'),
(2840,'3313','JUMANTONO'),
(2841,'3313','MATESIH'),
(2842,'3313','TAWANGMANGU'),
(2843,'3313','NGARGOYOSO'),
(2844,'3313','KARANGPANDAN'),
(2845,'3313','KARANGANYAR'),
(2846,'3313','TASIKMADU'),
(2847,'3313','JATEN'),
(2848,'3313','COLOMADU'),
(2849,'3313','GONDANGREJO'),
(2850,'3313','KEBAKKRAMAT'),
(2851,'3313','MOJOGEDANG'),
(2852,'3313','KERJO'),
(2853,'3313','JENAWI'),
(2854,'3314','KALIJAMBE'),
(2855,'3314','PLUPUH'),
(2856,'3314','MASARAN'),
(2857,'3314','KEDAWUNG'),
(2858,'3314','SAMBIREJO'),
(2859,'3314','GONDANG'),
(2860,'3314','SAMBUNG MACAN'),
(2861,'3314','NGRAMPAL'),
(2862,'3314','KARANGMALANG'),
(2863,'3314','SRAGEN'),
(2864,'3314','SIDOHARJO'),
(2865,'3314','TANON'),
(2866,'3314','GEMOLONG'),
(2867,'3314','MIRI'),
(2868,'3314','SUMBERLAWANG'),
(2869,'3314','MONDOKAN'),
(2870,'3314','SUKODONO'),
(2871,'3314','GESI'),
(2872,'3314','TANGEN'),
(2873,'3314','JENAR'),
(2874,'3315','KEDUNGJATI'),
(2875,'3315','KARANGRAYUNG'),
(2876,'3315','PENAWANGAN'),
(2877,'3315','TOROH'),
(2878,'3315','GEYER'),
(2879,'3315','PULOKULON'),
(2880,'3315','KRADENAN'),
(2881,'3315','GABUS'),
(2882,'3315','NGARINGAN'),
(2883,'3315','WIROSARI'),
(2884,'3315','TAWANGHARJO'),
(2885,'3315','GROBOGAN'),
(2886,'3315','PURWODADI'),
(2887,'3315','BRATI'),
(2888,'3315','KLAMBU'),
(2889,'3315','GODONG'),
(2890,'3315','GUBUG'),
(2891,'3315','TEGOWANU'),
(2892,'3315','TANGGUNGHARJO'),
(2893,'3316','JATI'),
(2894,'3316','RANDUBLATUNG'),
(2895,'3316','KRADENAN'),
(2896,'3316','KEDUNGTUBAN'),
(2897,'3316','CEPU'),
(2898,'3316','SAMBONG'),
(2899,'3316','JIKEN'),
(2900,'3316','BOGOREJO'),
(2901,'3316','JEPON'),
(2902,'3316','KOTA BLORA'),
(2903,'3316','BANJAREJO'),
(2904,'3316','TUNJUNGAN'),
(2905,'3316','JAPAH'),
(2906,'3316','NGAWEN'),
(2907,'3316','KUNDURAN'),
(2908,'3316','TODANAN'),
(2909,'3317','SUMBER'),
(2910,'3317','BULU'),
(2911,'3317','GUNEM'),
(2912,'3317','SALE'),
(2913,'3317','SARANG'),
(2914,'3317','SEDAN'),
(2915,'3317','PAMOTAN'),
(2916,'3317','SULANG'),
(2917,'3317','KALIORI'),
(2918,'3317','REMBANG'),
(2919,'3317','PANCUR'),
(2920,'3317','KRAGAN'),
(2921,'3317','SLUKE'),
(2922,'3317','LASEM'),
(2923,'3318','SUKOLILO'),
(2924,'3318','KAYEN'),
(2925,'3318','TAMBAKROMO'),
(2926,'3318','WINONG'),
(2927,'3318','PUCAKWANGI'),
(2928,'3318','JAKEN'),
(2929,'3318','BATANGAN'),
(2930,'3318','JUWANA'),
(2931,'3318','JAKENAN'),
(2932,'3318','PATI'),
(2933,'3318','GABUS'),
(2934,'3318','MARGOREJO'),
(2935,'3318','GEMBONG'),
(2936,'3318','TLOGOWUNGU'),
(2937,'3318','WEDARIJAKSA'),
(2938,'3318','TRANGKIL'),
(2939,'3318','MARGOYOSO'),
(2940,'3318','GUNUNG WUNGKAL'),
(2941,'3318','CLUWAK'),
(2942,'3318','TAYU'),
(2943,'3318','DUKUHSETI'),
(2944,'3319','KALIWUNGU'),
(2945,'3319','KOTA KUDUS'),
(2946,'3319','JATI'),
(2947,'3319','UNDAAN'),
(2948,'3319','MEJOBO'),
(2949,'3319','JEKULO'),
(2950,'3319','BAE'),
(2951,'3319','GEBOG'),
(2952,'3319','DAWE'),
(2953,'3320','KEDUNG'),
(2954,'3320','PECANGAAN'),
(2955,'3320','KALINYAMATAN'),
(2956,'3320','WELAHAN'),
(2957,'3320','MAYONG'),
(2958,'3320','NALUMSARI'),
(2959,'3320','BATEALIT'),
(2960,'3320','TAHUNAN'),
(2961,'3320','JEPARA'),
(2962,'3320','MLONGGO'),
(2963,'3320','PAKIS AJI'),
(2964,'3320','BANGSRI'),
(2965,'3320','KEMBANG'),
(2966,'3320','KELING'),
(2967,'3320','DONOROJO'),
(2968,'3320','KARIMUNJAWA'),
(2969,'3321','MRANGGEN'),
(2970,'3321','KARANGAWEN'),
(2971,'3321','GUNTUR'),
(2972,'3321','SAYUNG'),
(2973,'3321','KARANG TENGAH'),
(2974,'3321','BONANG'),
(2975,'3321','DEMAK'),
(2976,'3321','WONOSALAM'),
(2977,'3321','DEMPET'),
(2978,'3321','KEBONAGUNG'),
(2979,'3321','GAJAH'),
(2980,'3321','KARANGANYAR'),
(2981,'3321','MIJEN'),
(2982,'3321','WEDUNG'),
(2983,'3322','GETASAN'),
(2984,'3322','TENGARAN'),
(2985,'3322','SUSUKAN'),
(2986,'3322','KALIWUNGU'),
(2987,'3322','SURUH'),
(2988,'3322','PABELAN'),
(2989,'3322','TUNTANG'),
(2990,'3322','BANYUBIRU'),
(2991,'3322','JAMBU'),
(2992,'3322','SUMOWONO'),
(2993,'3322','AMBARAWA'),
(2994,'3322','BANDUNGAN'),
(2995,'3322','BAWEN'),
(2996,'3322','BRINGIN'),
(2997,'3322','BANCAK'),
(2998,'3322','PRINGAPUS'),
(2999,'3322','BERGAS'),
(3000,'3322','UNGARAN BARAT'),
(3001,'3322','UNGARAN TIMUR'),
(3002,'3323','PARAKAN'),
(3003,'3323','KLEDUNG'),
(3004,'3323','BANSARI'),
(3005,'3323','BULU'),
(3006,'3323','TEMANGGUNG'),
(3007,'3323','TLOGOMULYO'),
(3008,'3323','TEMBARAK'),
(3009,'3323','SELOPAMPANG'),
(3010,'3323','KRANGGAN'),
(3011,'3323','PRINGSURAT'),
(3012,'3323','KALORAN'),
(3013,'3323','KANDANGAN'),
(3014,'3323','KEDU'),
(3015,'3323','NGADIREJO'),
(3016,'3323','JUMO'),
(3017,'3323','GEMAWANG'),
(3018,'3323','CANDIROTO'),
(3019,'3323','BEJEN'),
(3020,'3323','TRETEP'),
(3021,'3323','WONOBOYO'),
(3022,'3324','PLANTUNGAN'),
(3023,'3324','SUKOREJO'),
(3024,'3324','PAGERRUYUNG'),
(3025,'3324','PATEAN'),
(3026,'3324','SINGOROJO'),
(3027,'3324','LIMBANGAN'),
(3028,'3324','BOJA'),
(3029,'3324','KALIWUNGU'),
(3030,'3324','KALIWUNGU SELATAN'),
(3031,'3324','BRANGSONG'),
(3032,'3324','PEGANDON'),
(3033,'3324','NGAMPEL'),
(3034,'3324','GEMUH'),
(3035,'3324','RINGINARUM'),
(3036,'3324','WELERI'),
(3037,'3324','ROWOSARI'),
(3038,'3324','KANGKUNG'),
(3039,'3324','CEPIRING'),
(3040,'3324','PATEBON'),
(3041,'3324','KOTA KENDAL'),
(3042,'3325','WONOTUNGGAL'),
(3043,'3325','BANDAR'),
(3044,'3325','BLADO'),
(3045,'3325','REBAN'),
(3046,'3325','BAWANG'),
(3047,'3325','TERSONO'),
(3048,'3325','GRINGSING'),
(3049,'3325','LIMPUNG'),
(3050,'3325','BANYUPUTIH'),
(3051,'3325','SUBAH'),
(3052,'3325','PECALUNGAN'),
(3053,'3325','TULIS'),
(3054,'3325','KANDEMAN'),
(3055,'3325','BATANG'),
(3056,'3325','WARUNG ASEM'),
(3057,'3326','KANDANGSERANG'),
(3058,'3326','PANINGGARAN'),
(3059,'3326','LEBAKBARANG'),
(3060,'3326','PETUNGKRIONO'),
(3061,'3326','TALUN'),
(3062,'3326','DORO'),
(3063,'3326','KARANGANYAR'),
(3064,'3326','KAJEN'),
(3065,'3326','KESESI'),
(3066,'3326','SRAGI'),
(3067,'3326','SIWALAN'),
(3068,'3326','BOJONG'),
(3069,'3326','WONOPRINGGO'),
(3070,'3326','KEDUNGWUNI'),
(3071,'3326','KARANGDADAP'),
(3072,'3326','BUARAN'),
(3073,'3326','TIRTO'),
(3074,'3326','WIRADESA'),
(3075,'3326','WONOKERTO'),
(3076,'3327','MOGA'),
(3077,'3327','WARUNGPRING'),
(3078,'3327','PULOSARI'),
(3079,'3327','BELIK'),
(3080,'3327','WATUKUMPUL'),
(3081,'3327','BODEH'),
(3082,'3327','BANTARBOLANG'),
(3083,'3327','RANDUDONGKAL'),
(3084,'3327','PEMALANG'),
(3085,'3327','TAMAN'),
(3086,'3327','PETARUKAN'),
(3087,'3327','AMPELGADING'),
(3088,'3327','COMAL'),
(3089,'3327','ULUJAMI'),
(3090,'3328','MARGASARI'),
(3091,'3328','BUMIJAWA'),
(3092,'3328','BOJONG'),
(3093,'3328','BALAPULANG'),
(3094,'3328','PAGERBARANG'),
(3095,'3328','LEBAKSIU'),
(3096,'3328','JATINEGARA'),
(3097,'3328','KEDUNG BANTENG'),
(3098,'3328','PANGKAH'),
(3099,'3328','SLAWI'),
(3100,'3328','DUKUHWARU'),
(3101,'3328','ADIWERNA'),
(3102,'3328','DUKUHTURI'),
(3103,'3328','TALANG'),
(3104,'3328','TARUB'),
(3105,'3328','KRAMAT'),
(3106,'3328','SURADADI'),
(3107,'3328','WARUREJA'),
(3108,'3329','SALEM'),
(3109,'3329','BANTARKAWUNG'),
(3110,'3329','BUMIAYU'),
(3111,'3329','PAGUYANGAN'),
(3112,'3329','SIRAMPOG'),
(3113,'3329','TONJONG'),
(3114,'3329','LARANGAN'),
(3115,'3329','KETANGGUNGAN'),
(3116,'3329','BANJARHARJO'),
(3117,'3329','LOSARI'),
(3118,'3329','TANJUNG'),
(3119,'3329','KERSANA'),
(3120,'3329','BULAKAMBA'),
(3121,'3329','WANASARI'),
(3122,'3329','SONGGOM'),
(3123,'3329','JATIBARANG'),
(3124,'3329','BREBES'),
(3125,'3371','MAGELANG SELATAN'),
(3126,'3371','MAGELANG TENGAH'),
(3127,'3371','MAGELANG UTARA'),
(3128,'3372','LAWEYAN'),
(3129,'3372','SERENGAN'),
(3130,'3372','PASAR KLIWON'),
(3131,'3372','JEBRES'),
(3132,'3372','BANJARSARI'),
(3133,'3373','ARGOMULYO'),
(3134,'3373','TINGKIR'),
(3135,'3373','SIDOMUKTI'),
(3136,'3373','SIDOREJO'),
(3137,'3374','MIJEN'),
(3138,'3374','GUNUNG PATI'),
(3139,'3374','BANYUMANIK'),
(3140,'3374','GAJAH MUNGKUR'),
(3141,'3374','SEMARANG SELATAN'),
(3142,'3374','CANDISARI'),
(3143,'3374','TEMBALANG'),
(3144,'3374','PEDURUNGAN'),
(3145,'3374','GENUK'),
(3146,'3374','GAYAMSARI'),
(3147,'3374','SEMARANG TIMUR'),
(3148,'3374','SEMARANG UTARA'),
(3149,'3374','SEMARANG TENGAH'),
(3150,'3374','SEMARANG BARAT'),
(3151,'3374','TUGU'),
(3152,'3374','NGALIYAN'),
(3153,'3375','PEKALONGAN BARAT'),
(3154,'3375','PEKALONGAN TIMUR'),
(3155,'3375','PEKALONGAN SELATAN'),
(3156,'3375','PEKALONGAN UTARA'),
(3157,'3376','TEGAL SELATAN'),
(3158,'3376','TEGAL TIMUR'),
(3159,'3376','TEGAL BARAT'),
(3160,'3376','MARGADANA'),
(3161,'3401','TEMON'),
(3162,'3401','WATES'),
(3163,'3401','PANJATAN'),
(3164,'3401','GALUR'),
(3165,'3401','LENDAH'),
(3166,'3401','SENTOLO'),
(3167,'3401','PENGASIH'),
(3168,'3401','KOKAP'),
(3169,'3401','GIRIMULYO'),
(3170,'3401','NANGGULAN'),
(3171,'3401','KALIBAWANG'),
(3172,'3401','SAMIGALUH'),
(3173,'3402','SRANDAKAN'),
(3174,'3402','SANDEN'),
(3175,'3402','KRETEK'),
(3176,'3402','PUNDONG'),
(3177,'3402','BAMBANG LIPURO'),
(3178,'3402','PANDAK'),
(3179,'3402','BANTUL'),
(3180,'3402','JETIS'),
(3181,'3402','IMOGIRI'),
(3182,'3402','DLINGO'),
(3183,'3402','PLERET'),
(3184,'3402','PIYUNGAN'),
(3185,'3402','BANGUNTAPAN'),
(3186,'3402','SEWON'),
(3187,'3402','KASIHAN'),
(3188,'3402','PAJANGAN'),
(3189,'3402','SEDAYU'),
(3190,'3403','PANGGANG'),
(3191,'3403','PURWOSARI'),
(3192,'3403','PALIYAN'),
(3193,'3403','SAPTO SARI'),
(3194,'3403','TEPUS'),
(3195,'3403','TANJUNGSARI'),
(3196,'3403','RONGKOP'),
(3197,'3403','GIRISUBO'),
(3198,'3403','SEMANU'),
(3199,'3403','PONJONG'),
(3200,'3403','KARANGMOJO'),
(3201,'3403','WONOSARI'),
(3202,'3403','PLAYEN'),
(3203,'3403','PATUK'),
(3204,'3403','GEDANG SARI'),
(3205,'3403','NGLIPAR'),
(3206,'3403','NGAWEN'),
(3207,'3403','SEMIN'),
(3208,'3404','MOYUDAN'),
(3209,'3404','MINGGIR'),
(3210,'3404','SEYEGAN'),
(3211,'3404','GODEAN'),
(3212,'3404','GAMPING'),
(3213,'3404','MLATI'),
(3214,'3404','DEPOK'),
(3215,'3404','BERBAH'),
(3216,'3404','PRAMBANAN'),
(3217,'3404','KALASAN'),
(3218,'3404','NGEMPLAK'),
(3219,'3404','NGAGLIK'),
(3220,'3404','SLEMAN'),
(3221,'3404','TEMPEL'),
(3222,'3404','TURI'),
(3223,'3404','PAKEM'),
(3224,'3404','CANGKRINGAN'),
(3225,'3471','MANTRIJERON'),
(3226,'3471','KRATON'),
(3227,'3471','MERGANGSAN'),
(3228,'3471','UMBULHARJO'),
(3229,'3471','KOTAGEDE'),
(3230,'3471','GONDOKUSUMAN'),
(3231,'3471','DANUREJAN'),
(3232,'3471','PAKUALAMAN'),
(3233,'3471','GONDOMANAN'),
(3234,'3471','NGAMPILAN'),
(3235,'3471','WIROBRAJAN'),
(3236,'3471','GEDONG TENGEN'),
(3237,'3471','JETIS'),
(3238,'3471','TEGALREJO'),
(3239,'3501','DONOROJO'),
(3240,'3501','PUNUNG'),
(3241,'3501','PRINGKUKU'),
(3242,'3501','PACITAN'),
(3243,'3501','KEBONAGUNG'),
(3244,'3501','ARJOSARI'),
(3245,'3501','NAWANGAN'),
(3246,'3501','BANDAR'),
(3247,'3501','TEGALOMBO'),
(3248,'3501','TULAKAN'),
(3249,'3501','NGADIROJO'),
(3250,'3501','SUDIMORO'),
(3251,'3502','NGRAYUN'),
(3252,'3502','SLAHUNG'),
(3253,'3502','BUNGKAL'),
(3254,'3502','SAMBIT'),
(3255,'3502','SAWOO'),
(3256,'3502','SOOKO'),
(3257,'3502','PUDAK'),
(3258,'3502','PULUNG'),
(3259,'3502','MLARAK'),
(3260,'3502','SIMAN'),
(3261,'3502','JETIS'),
(3262,'3502','BALONG'),
(3263,'3502','KAUMAN'),
(3264,'3502','JAMBON'),
(3265,'3502','BADEGAN'),
(3266,'3502','SAMPUNG'),
(3267,'3502','SUKOREJO'),
(3268,'3502','PONOROGO'),
(3269,'3502','BABADAN'),
(3270,'3502','JENANGAN'),
(3271,'3502','NGEBEL'),
(3272,'3503','PANGGUL'),
(3273,'3503','MUNJUNGAN'),
(3274,'3503','WATULIMO'),
(3275,'3503','KAMPAK'),
(3276,'3503','DONGKO'),
(3277,'3503','PULE'),
(3278,'3503','KARANGAN'),
(3279,'3503','SURUH'),
(3280,'3503','GANDUSARI'),
(3281,'3503','DURENAN'),
(3282,'3503','POGALAN'),
(3283,'3503','TRENGGALEK'),
(3284,'3503','TUGU'),
(3285,'3503','BENDUNGAN'),
(3286,'3504','BESUKI'),
(3287,'3504','BANDUNG'),
(3288,'3504','PAKEL'),
(3289,'3504','CAMPUR DARAT'),
(3290,'3504','TANGGUNG GUNUNG'),
(3291,'3504','KALIDAWIR'),
(3292,'3504','PUCANG LABAN'),
(3293,'3504','REJOTANGAN'),
(3294,'3504','NGUNUT'),
(3295,'3504','SUMBERGEMPOL'),
(3296,'3504','BOYOLANGU'),
(3297,'3504','TULUNGAGUNG'),
(3298,'3504','KEDUNGWARU'),
(3299,'3504','NGANTRU'),
(3300,'3504','KARANGREJO'),
(3301,'3504','KAUMAN'),
(3302,'3504','GONDANG'),
(3303,'3504','PAGER WOJO'),
(3304,'3504','SENDANG'),
(3305,'3505','BAKUNG'),
(3306,'3505','WONOTIRTO'),
(3307,'3505','PANGGUNGREJO'),
(3308,'3505','WATES'),
(3309,'3505','BINANGUN'),
(3310,'3505','SUTOJAYAN'),
(3311,'3505','KADEMANGAN'),
(3312,'3505','KANIGORO'),
(3313,'3505','TALUN'),
(3314,'3505','SELOPURO'),
(3315,'3505','KESAMBEN'),
(3316,'3505','SELOREJO'),
(3317,'3505','DOKO'),
(3318,'3505','WLINGI'),
(3319,'3505','GANDUSARI'),
(3320,'3505','GARUM'),
(3321,'3505','NGLEGOK'),
(3322,'3505','SANANKULON'),
(3323,'3505','PONGGOK'),
(3324,'3505','SRENGAT'),
(3325,'3505','WONODADI'),
(3326,'3505','UDANAWU'),
(3327,'3506','MOJO'),
(3328,'3506','SEMEN'),
(3329,'3506','NGADILUWIH'),
(3330,'3506','KRAS'),
(3331,'3506','RINGINREJO'),
(3332,'3506','KANDAT'),
(3333,'3506','WATES'),
(3334,'3506','NGANCAR'),
(3335,'3506','PLOSOKLATEN'),
(3336,'3506','GURAH'),
(3337,'3506','PUNCU'),
(3338,'3506','KEPUNG'),
(3339,'3506','KANDANGAN'),
(3340,'3506','PARE'),
(3341,'3506','BADAS'),
(3342,'3506','KUNJANG'),
(3343,'3506','PLEMAHAN'),
(3344,'3506','PURWOASRI'),
(3345,'3506','PAPAR'),
(3346,'3506','PAGU'),
(3347,'3506','KAYEN KIDUL'),
(3348,'3506','GAMPENGREJO'),
(3349,'3506','NGASEM'),
(3350,'3506','BANYAKAN'),
(3351,'3506','GROGOL'),
(3352,'3506','TAROKAN'),
(3353,'3507','DONOMULYO'),
(3354,'3507','KALIPARE'),
(3355,'3507','PAGAK'),
(3356,'3507','BANTUR'),
(3357,'3507','GEDANGAN'),
(3358,'3507','SUMBERMANJING'),
(3359,'3507','DAMPIT'),
(3360,'3507','TIRTO YUDO'),
(3361,'3507','AMPELGADING'),
(3362,'3507','PONCOKUSUMO'),
(3363,'3507','WAJAK'),
(3364,'3507','TUREN'),
(3365,'3507','BULULAWANG'),
(3366,'3507','GONDANGLEGI'),
(3367,'3507','PAGELARAN'),
(3368,'3507','KEPANJEN'),
(3369,'3507','SUMBER PUCUNG'),
(3370,'3507','KROMENGAN'),
(3371,'3507','NGAJUM'),
(3372,'3507','WONOSARI'),
(3373,'3507','WAGIR'),
(3374,'3507','PAKISAJI'),
(3375,'3507','TAJINAN'),
(3376,'3507','TUMPANG'),
(3377,'3507','PAKIS'),
(3378,'3507','JABUNG'),
(3379,'3507','LAWANG'),
(3380,'3507','SINGOSARI'),
(3381,'3507','KARANGPLOSO'),
(3382,'3507','DAU'),
(3383,'3507','PUJON'),
(3384,'3507','NGANTANG'),
(3385,'3507','KASEMBON'),
(3386,'3508','TEMPURSARI'),
(3387,'3508','PRONOJIWO'),
(3388,'3508','CANDIPURO'),
(3389,'3508','PASIRIAN'),
(3390,'3508','TEMPEH'),
(3391,'3508','LUMAJANG'),
(3392,'3508','SUMBERSUKO'),
(3393,'3508','TEKUNG'),
(3394,'3508','KUNIR'),
(3395,'3508','YOSOWILANGUN'),
(3396,'3508','ROWOKANGKUNG'),
(3397,'3508','JATIROTO'),
(3398,'3508','RANDUAGUNG'),
(3399,'3508','SUKODONO'),
(3400,'3508','PADANG'),
(3401,'3508','PASRUJAMBE'),
(3402,'3508','SENDURO'),
(3403,'3508','GUCIALIT'),
(3404,'3508','KEDUNGJAJANG'),
(3405,'3508','KLAKAH'),
(3406,'3508','RANUYOSO'),
(3407,'3509','KENCONG'),
(3408,'3509','GUMUK MAS'),
(3409,'3509','PUGER'),
(3410,'3509','WULUHAN'),
(3411,'3509','AMBULU'),
(3412,'3509','TEMPUREJO'),
(3413,'3509','SILO'),
(3414,'3509','MAYANG'),
(3415,'3509','MUMBULSARI'),
(3416,'3509','JENGGAWAH'),
(3417,'3509','AJUNG'),
(3418,'3509','RAMBIPUJI'),
(3419,'3509','BALUNG'),
(3420,'3509','UMBULSARI'),
(3421,'3509','SEMBORO'),
(3422,'3509','JOMBANG'),
(3423,'3509','SUMBER BARU'),
(3424,'3509','TANGGUL'),
(3425,'3509','BANGSALSARI'),
(3426,'3509','PANTI'),
(3427,'3509','SUKORAMBI'),
(3428,'3509','ARJASA'),
(3429,'3509','PAKUSARI'),
(3430,'3509','KALISAT'),
(3431,'3509','LEDOKOMBO'),
(3432,'3509','SUMBERJAMBE'),
(3433,'3509','SUKOWONO'),
(3434,'3509','JELBUK'),
(3435,'3509','KALIWATES'),
(3436,'3509','SUMBERSARI'),
(3437,'3509','PATRANG'),
(3438,'3510','PESANGGARAN'),
(3439,'3510','SILIRAGUNG'),
(3440,'3510','BANGOREJO'),
(3441,'3510','PURWOHARJO'),
(3442,'3510','TEGALDLIMO'),
(3443,'3510','MUNCAR'),
(3444,'3510','CLURING'),
(3445,'3510','GAMBIRAN'),
(3446,'3510','TEGALSARI'),
(3447,'3510','GLENMORE'),
(3448,'3510','KALIBARU'),
(3449,'3510','GENTENG'),
(3450,'3510','SRONO'),
(3451,'3510','ROGOJAMPI'),
(3452,'3510','KABAT'),
(3453,'3510','SINGOJURUH'),
(3454,'3510','SEMPU'),
(3455,'3510','SONGGON'),
(3456,'3510','GLAGAH'),
(3457,'3510','LICIN'),
(3458,'3510','BANYUWANGI'),
(3459,'3510','GIRI'),
(3460,'3510','KALIPURO'),
(3461,'3510','WONGSOREJO'),
(3462,'3511','MAESAN'),
(3463,'3511','GRUJUGAN'),
(3464,'3511','TAMANAN'),
(3465,'3511','JAMBESARI DARUS SHOLAH'),
(3466,'3511','PUJER'),
(3467,'3511','TLOGOSARI'),
(3468,'3511','SUKOSARI'),
(3469,'3511','SUMBER WRINGIN'),
(3470,'3511','TAPEN'),
(3471,'3511','WONOSARI'),
(3472,'3511','TENGGARANG'),
(3473,'3511','BONDOWOSO'),
(3474,'3511','CURAH DAMI'),
(3475,'3511','BINAKAL'),
(3476,'3511','PAKEM'),
(3477,'3511','WRINGIN'),
(3478,'3511','TEGALAMPEL'),
(3479,'3511','TAMAN KROCOK'),
(3480,'3511','KLABANG'),
(3481,'3511','SEMPOL'),
(3482,'3511','BOTOLINGGO'),
(3483,'3511','PRAJEKAN'),
(3484,'3511','CERMEE'),
(3485,'3512','SUMBERMALANG'),
(3486,'3512','JATIBANTENG'),
(3487,'3512','BANYUGLUGUR'),
(3488,'3512','BESUKI'),
(3489,'3512','SUBOH'),
(3490,'3512','MLANDINGAN'),
(3491,'3512','BUNGATAN'),
(3492,'3512','KENDIT'),
(3493,'3512','PANARUKAN'),
(3494,'3512','SITUBONDO'),
(3495,'3512','MANGARAN'),
(3496,'3512','PANJI'),
(3497,'3512','KAPONGAN'),
(3498,'3512','ARJASA'),
(3499,'3512','JANGKAR'),
(3500,'3512','ASEMBAGUS'),
(3501,'3512','BANYUPUTIH'),
(3502,'3513','SUKAPURA'),
(3503,'3513','SUMBER'),
(3504,'3513','KURIPAN'),
(3505,'3513','BANTARAN'),
(3506,'3513','LECES'),
(3507,'3513','TEGALSIWALAN'),
(3508,'3513','BANYUANYAR'),
(3509,'3513','TIRIS'),
(3510,'3513','KRUCIL'),
(3511,'3513','GADING'),
(3512,'3513','PAKUNIRAN'),
(3513,'3513','KOTAANYAR'),
(3514,'3513','PAITON'),
(3515,'3513','BESUK'),
(3516,'3513','KRAKSAAN'),
(3517,'3513','KREJENGAN'),
(3518,'3513','PAJARAKAN'),
(3519,'3513','MARON'),
(3520,'3513','GENDING'),
(3521,'3513','DRINGU'),
(3522,'3513','WONOMERTO'),
(3523,'3513','LUMBANG'),
(3524,'3513','TONGAS'),
(3525,'3513','SUMBERASIH'),
(3526,'3514','PURWODADI'),
(3527,'3514','TUTUR'),
(3528,'3514','PUSPO'),
(3529,'3514','TOSARI'),
(3530,'3514','LUMBANG'),
(3531,'3514','PASREPAN'),
(3532,'3514','KEJAYAN'),
(3533,'3514','WONOREJO'),
(3534,'3514','PURWOSARI'),
(3535,'3514','PRIGEN'),
(3536,'3514','SUKOREJO'),
(3537,'3514','PANDAAN'),
(3538,'3514','GEMPOL'),
(3539,'3514','BEJI'),
(3540,'3514','BANGIL'),
(3541,'3514','REMBANG'),
(3542,'3514','KRATON'),
(3543,'3514','POHJENTREK'),
(3544,'3514','GONDANG WETAN'),
(3545,'3514','REJOSO'),
(3546,'3514','WINONGAN'),
(3547,'3514','GRATI'),
(3548,'3514','LEKOK'),
(3549,'3514','NGULING'),
(3550,'3515','TARIK'),
(3551,'3515','PRAMBON'),
(3552,'3515','KREMBUNG'),
(3553,'3515','PORONG'),
(3554,'3515','JABON'),
(3555,'3515','TANGGULANGIN'),
(3556,'3515','CANDI'),
(3557,'3515','TULANGAN'),
(3558,'3515','WONOAYU'),
(3559,'3515','SUKODONO'),
(3560,'3515','SIDOARJO'),
(3561,'3515','BUDURAN'),
(3562,'3515','SEDATI'),
(3563,'3515','WARU'),
(3564,'3515','GEDANGAN'),
(3565,'3515','TAMAN'),
(3566,'3515','KRIAN'),
(3567,'3515','BALONG BENDO'),
(3568,'3516','JATIREJO'),
(3569,'3516','GONDANG'),
(3570,'3516','PACET'),
(3571,'3516','TRAWAS'),
(3572,'3516','NGORO'),
(3573,'3516','PUNGGING'),
(3574,'3516','KUTOREJO'),
(3575,'3516','MOJOSARI'),
(3576,'3516','BANGSAL'),
(3577,'3516','MOJOANYAR'),
(3578,'3516','DLANGGU'),
(3579,'3516','PURI'),
(3580,'3516','TROWULAN'),
(3581,'3516','SOOKO'),
(3582,'3516','GEDEK'),
(3583,'3516','KEMLAGI'),
(3584,'3516','JETIS'),
(3585,'3516','DAWAR BLANDONG'),
(3586,'3517','BANDAR KEDUNG MULYO'),
(3587,'3517','PERAK'),
(3588,'3517','GUDO'),
(3589,'3517','DIWEK'),
(3590,'3517','NGORO'),
(3591,'3517','MOJOWARNO'),
(3592,'3517','BARENG'),
(3593,'3517','WONOSALAM'),
(3594,'3517','MOJOAGUNG'),
(3595,'3517','SUMOBITO'),
(3596,'3517','JOGO ROTO'),
(3597,'3517','PETERONGAN'),
(3598,'3517','JOMBANG'),
(3599,'3517','MEGALUH'),
(3600,'3517','TEMBELANG'),
(3601,'3517','KESAMBEN'),
(3602,'3517','KUDU'),
(3603,'3517','NGUSIKAN'),
(3604,'3517','PLOSO'),
(3605,'3517','KABUH'),
(3606,'3517','PLANDAAN'),
(3607,'3518','SAWAHAN'),
(3608,'3518','NGETOS'),
(3609,'3518','BERBEK'),
(3610,'3518','LOCERET'),
(3611,'3518','PACE'),
(3612,'3518','TANJUNGANOM'),
(3613,'3518','PRAMBON'),
(3614,'3518','NGRONGGOT'),
(3615,'3518','KERTOSONO'),
(3616,'3518','PATIANROWO'),
(3617,'3518','BARON'),
(3618,'3518','GONDANG'),
(3619,'3518','SUKOMORO'),
(3620,'3518','NGANJUK'),
(3621,'3518','BAGOR'),
(3622,'3518','WILANGAN'),
(3623,'3518','REJOSO'),
(3624,'3518','NGLUYU'),
(3625,'3518','LENGKONG'),
(3626,'3518','JATIKALEN'),
(3627,'3519','KEBONSARI'),
(3628,'3519','GEGER'),
(3629,'3519','DOLOPO'),
(3630,'3519','DAGANGAN'),
(3631,'3519','WUNGU'),
(3632,'3519','KARE'),
(3633,'3519','GEMARANG'),
(3634,'3519','SARADAN'),
(3635,'3519','PILANGKENCENG'),
(3636,'3519','MEJAYAN'),
(3637,'3519','WONOASRI'),
(3638,'3519','BALEREJO'),
(3639,'3519','MADIUN'),
(3640,'3519','SAWAHAN'),
(3641,'3519','JIWAN'),
(3642,'3520','PONCOL'),
(3643,'3520','PARANG'),
(3644,'3520','LEMBEYAN'),
(3645,'3520','TAKERAN'),
(3646,'3520','NGUNTORONADI'),
(3647,'3520','KAWEDANAN'),
(3648,'3520','MAGETAN'),
(3649,'3520','NGARIBOYO'),
(3650,'3520','PLAOSAN'),
(3651,'3520','SIDOREJO'),
(3652,'3520','PANEKAN'),
(3653,'3520','SUKOMORO'),
(3654,'3520','BENDO'),
(3655,'3520','MAOSPATI'),
(3656,'3520','KARANGREJO'),
(3657,'3520','KARAS'),
(3658,'3520','BARAT'),
(3659,'3520','KARTOHARJO'),
(3660,'3521','SINE'),
(3661,'3521','NGRAMBE'),
(3662,'3521','JOGOROGO'),
(3663,'3521','KENDAL'),
(3664,'3521','GENENG'),
(3665,'3521','GERIH'),
(3666,'3521','KWADUNGAN'),
(3667,'3521','PANGKUR'),
(3668,'3521','KARANGJATI'),
(3669,'3521','BRINGIN'),
(3670,'3521','PADAS'),
(3671,'3521','KASREMAN'),
(3672,'3521','NGAWI'),
(3673,'3521','PARON'),
(3674,'3521','KEDUNGGALAR'),
(3675,'3521','PITU'),
(3676,'3521','WIDODAREN'),
(3677,'3521','MANTINGAN'),
(3678,'3521','KARANGANYAR'),
(3679,'3522','MARGOMULYO'),
(3680,'3522','NGRAHO'),
(3681,'3522','TAMBAKREJO'),
(3682,'3522','NGAMBON'),
(3683,'3522','SEKAR'),
(3684,'3522','BUBULAN'),
(3685,'3522','GONDANG'),
(3686,'3522','TEMAYANG'),
(3687,'3522','SUGIHWARAS'),
(3688,'3522','KEDUNGADEM'),
(3689,'3522','KEPOH BARU'),
(3690,'3522','BAURENO'),
(3691,'3522','KANOR'),
(3692,'3522','SUMBEREJO'),
(3693,'3522','BALEN'),
(3694,'3522','SUKOSEWU'),
(3695,'3522','KAPAS'),
(3696,'3522','BOJONEGORO'),
(3697,'3522','TRUCUK'),
(3698,'3522','DANDER'),
(3699,'3522','NGASEM'),
(3700,'3522','GAYAM'),
(3701,'3522','KALITIDU'),
(3702,'3522','MALO'),
(3703,'3522','PURWOSARI'),
(3704,'3522','PADANGAN'),
(3705,'3522','KASIMAN'),
(3706,'3522','KEDEWAN'),
(3707,'3523','KENDURUAN'),
(3708,'3523','BANGILAN'),
(3709,'3523','SENORI'),
(3710,'3523','SINGGAHAN'),
(3711,'3523','MONTONG'),
(3712,'3523','PARENGAN'),
(3713,'3523','SOKO'),
(3714,'3523','RENGEL'),
(3715,'3523','GRABAGAN'),
(3716,'3523','PLUMPANG'),
(3717,'3523','WIDANG'),
(3718,'3523','PALANG'),
(3719,'3523','SEMANDING'),
(3720,'3523','TUBAN'),
(3721,'3523','JENU'),
(3722,'3523','MERAKURAK'),
(3723,'3523','KEREK'),
(3724,'3523','TAMBAKBOYO'),
(3725,'3523','JATIROGO'),
(3726,'3523','BANCAR'),
(3727,'3524','SUKORAME'),
(3728,'3524','BLULUK'),
(3729,'3524','NGIMBANG'),
(3730,'3524','SAMBENG'),
(3731,'3524','MANTUP'),
(3732,'3524','KEMBANGBAHU'),
(3733,'3524','SUGIO'),
(3734,'3524','KEDUNGPRING'),
(3735,'3524','MODO'),
(3736,'3524','BABAT'),
(3737,'3524','PUCUK'),
(3738,'3524','SUKODADI'),
(3739,'3524','LAMONGAN'),
(3740,'3524','TIKUNG'),
(3741,'3524','SARIREJO'),
(3742,'3524','DEKET'),
(3743,'3524','GLAGAH'),
(3744,'3524','KARANGBINANGUN'),
(3745,'3524','TURI'),
(3746,'3524','KALITENGAH'),
(3747,'3524','KARANG GENENG'),
(3748,'3524','SEKARAN'),
(3749,'3524','MADURAN'),
(3750,'3524','LAREN'),
(3751,'3524','SOLOKURO'),
(3752,'3524','PACIRAN'),
(3753,'3524','BRONDONG'),
(3754,'3525','WRINGINANOM'),
(3755,'3525','DRIYOREJO'),
(3756,'3525','KEDAMEAN'),
(3757,'3525','MENGANTI'),
(3758,'3525','CERME'),
(3759,'3525','BENJENG'),
(3760,'3525','BALONGPANGGANG'),
(3761,'3525','DUDUKSAMPEYAN'),
(3762,'3525','KEBOMAS'),
(3763,'3525','GRESIK'),
(3764,'3525','MANYAR'),
(3765,'3525','BUNGAH'),
(3766,'3525','SIDAYU'),
(3767,'3525','DUKUN'),
(3768,'3525','PANCENG'),
(3769,'3525','UJUNGPANGKAH'),
(3770,'3525','SANGKAPURA'),
(3771,'3525','TAMBAK'),
(3772,'3526','KAMAL'),
(3773,'3526','LABANG'),
(3774,'3526','KWANYAR'),
(3775,'3526','MODUNG'),
(3776,'3526','BLEGA'),
(3777,'3526','KONANG'),
(3778,'3526','GALIS'),
(3779,'3526','TANAH MERAH'),
(3780,'3526','TRAGAH'),
(3781,'3526','SOCAH'),
(3782,'3526','BANGKALAN'),
(3783,'3526','BURNEH'),
(3784,'3526','AROSBAYA'),
(3785,'3526','GEGER'),
(3786,'3526','KOKOP'),
(3787,'3526','TANJUNGBUMI'),
(3788,'3526','SEPULU'),
(3789,'3526','KLAMPIS'),
(3790,'3527','SRESEH'),
(3791,'3527','TORJUN'),
(3792,'3527','PANGARENGAN'),
(3793,'3527','SAMPANG'),
(3794,'3527','CAMPLONG'),
(3795,'3527','OMBEN'),
(3796,'3527','KEDUNGDUNG'),
(3797,'3527','JRENGIK'),
(3798,'3527','TAMBELANGAN'),
(3799,'3527','BANYUATES'),
(3800,'3527','ROBATAL'),
(3801,'3527','KARANG PENANG'),
(3802,'3527','KETAPANG'),
(3803,'3527','SOKOBANAH'),
(3804,'3528','TLANAKAN'),
(3805,'3528','PADEMAWU'),
(3806,'3528','GALIS'),
(3807,'3528','LARANGAN'),
(3808,'3528','PAMEKASAN'),
(3809,'3528','PROPPO'),
(3810,'3528','PALENGAAN'),
(3811,'3528','PEGANTENAN'),
(3812,'3528','KADUR'),
(3813,'3528','PAKONG'),
(3814,'3528','WARU'),
(3815,'3528','BATU MARMAR'),
(3816,'3528','PASEAN'),
(3817,'3529','PRAGAAN'),
(3818,'3529','BLUTO'),
(3819,'3529','SARONGGI'),
(3820,'3529','GILIGENTENG'),
(3821,'3529','TALANGO'),
(3822,'3529','KALIANGET'),
(3823,'3529','KOTA SUMENEP'),
(3824,'3529','BATUAN'),
(3825,'3529','LENTENG'),
(3826,'3529','GANDING'),
(3827,'3529','GULUK GULUK'),
(3828,'3529','PASONGSONGAN'),
(3829,'3529','AMBUNTEN'),
(3830,'3529','RUBARU'),
(3831,'3529','DASUK'),
(3832,'3529','MANDING'),
(3833,'3529','BATUPUTIH'),
(3834,'3529','GAPURA'),
(3835,'3529','BATANG BATANG'),
(3836,'3529','DUNGKEK'),
(3837,'3529','NONGGUNONG'),
(3838,'3529','GAYAM'),
(3839,'3529','RAAS'),
(3840,'3529','SAPEKEN'),
(3841,'3529','ARJASA'),
(3842,'3529','KANGAYAN'),
(3843,'3529','MASALEMBU'),
(3844,'3571','MOJOROTO'),
(3845,'3571','KOTA KEDIRI'),
(3846,'3571','PESANTREN'),
(3847,'3572','SUKOREJO'),
(3848,'3572','KEPANJENKIDUL'),
(3849,'3572','SANANWETAN'),
(3850,'3573','KEDUNGKANDANG'),
(3851,'3573','SUKUN'),
(3852,'3573','KLOJEN'),
(3853,'3573','BLIMBING'),
(3854,'3573','LOWOKWARU'),
(3855,'3574','KADEMANGAN'),
(3856,'3574','KEDOPOK'),
(3857,'3574','WONOASIH'),
(3858,'3574','MAYANGAN'),
(3859,'3574','KANIGARAN'),
(3860,'3575','GADINGREJO'),
(3861,'3575','PURWOREJO'),
(3862,'3575','BUGULKIDUL'),
(3863,'3575','PANGGUNGREJO'),
(3864,'3576','PRAJURIT KULON'),
(3865,'3576','MAGERSARI'),
(3866,'3577','MANGU HARJO'),
(3867,'3577','TAMAN'),
(3868,'3577','KARTOHARJO'),
(3869,'3578','KARANG PILANG'),
(3870,'3578','JAMBANGAN'),
(3871,'3578','GAYUNGAN'),
(3872,'3578','WONOCOLO'),
(3873,'3578','TENGGILIS MEJOYO'),
(3874,'3578','GUNUNG ANYAR'),
(3875,'3578','RUNGKUT'),
(3876,'3578','SUKOLILO'),
(3877,'3578','MULYOREJO'),
(3878,'3578','GUBENG'),
(3879,'3578','WONOKROMO'),
(3880,'3578','DUKUH PAKIS'),
(3881,'3578','WIYUNG'),
(3882,'3578','LAKARSANTRI'),
(3883,'3578','SAMBIKEREP'),
(3884,'3578','TANDES'),
(3885,'3578','SUKO MANUNGGAL'),
(3886,'3578','SAWAHAN'),
(3887,'3578','TEGALSARI'),
(3888,'3578','GENTENG'),
(3889,'3578','TAMBAKSARI'),
(3890,'3578','KENJERAN'),
(3891,'3578','BULAK'),
(3892,'3578','SIMOKERTO'),
(3893,'3578','SEMAMPIR'),
(3894,'3578','PABEAN CANTIAN'),
(3895,'3578','BUBUTAN'),
(3896,'3578','KREMBANGAN'),
(3897,'3578','ASEMROWO'),
(3898,'3578','BENOWO'),
(3899,'3578','PAKAL'),
(3900,'3579','BATU'),
(3901,'3579','JUNREJO'),
(3902,'3579','BUMIAJI'),
(3903,'3601','SUMUR'),
(3904,'3601','CIMANGGU'),
(3905,'3601','CIBALIUNG'),
(3906,'3601','CIBITUNG'),
(3907,'3601','CIKEUSIK'),
(3908,'3601','CIGEULIS'),
(3909,'3601','PANIMBANG'),
(3910,'3601','SOBANG'),
(3911,'3601','MUNJUL'),
(3912,'3601','ANGSANA'),
(3913,'3601','SINDANGRESMI'),
(3914,'3601','PICUNG'),
(3915,'3601','BOJONG'),
(3916,'3601','SAKETI'),
(3917,'3601','CISATA'),
(3918,'3601','PAGELARAN'),
(3919,'3601','PATIA'),
(3920,'3601','SUKARESMI'),
(3921,'3601','LABUAN'),
(3922,'3601','CARITA'),
(3923,'3601','JIPUT'),
(3924,'3601','CIKEDAL'),
(3925,'3601','MENES'),
(3926,'3601','PULOSARI'),
(3927,'3601','MANDALAWANGI'),
(3928,'3601','CIMANUK'),
(3929,'3601','CIPEUCANG'),
(3930,'3601','BANJAR'),
(3931,'3601','KADUHEJO'),
(3932,'3601','MEKARJAYA'),
(3933,'3601','PANDEGLANG'),
(3934,'3601','MAJASARI'),
(3935,'3601','CADASARI'),
(3936,'3601','KARANGTANJUNG'),
(3937,'3601','KORONCONG'),
(3938,'3602','MALINGPING'),
(3939,'3602','WANASALAM'),
(3940,'3602','PANGGARANGAN'),
(3941,'3602','CIHARA'),
(3942,'3602','BAYAH'),
(3943,'3602','CILOGRANG'),
(3944,'3602','CIBEBER'),
(3945,'3602','CIJAKU'),
(3946,'3602','CIGEMBLONG'),
(3947,'3602','BANJARSARI'),
(3948,'3602','CILELES'),
(3949,'3602','GUNUNG KENCANA'),
(3950,'3602','BOJONGMANIK'),
(3951,'3602','CIRINTEN'),
(3952,'3602','LEUWIDAMAR'),
(3953,'3602','MUNCANG'),
(3954,'3602','SOBANG'),
(3955,'3602','CIPANAS'),
(3956,'3602','LEBAKGEDONG'),
(3957,'3602','SAJIRA'),
(3958,'3602','CIMARGA'),
(3959,'3602','CIKULUR'),
(3960,'3602','WARUNGGUNUNG'),
(3961,'3602','CIBADAK'),
(3962,'3602','RANGKASBITUNG'),
(3963,'3602','KALANGANYAR'),
(3964,'3602','MAJA'),
(3965,'3602','CURUGBITUNG'),
(3966,'3603','CISOKA'),
(3967,'3603','SOLEAR'),
(3968,'3603','TIGARAKSA'),
(3969,'3603','JAMBE'),
(3970,'3603','CIKUPA'),
(3971,'3603','PANONGAN'),
(3972,'3603','CURUG'),
(3973,'3603','KELAPA DUA'),
(3974,'3603','LEGOK'),
(3975,'3603','PAGEDANGAN'),
(3976,'3603','CISAUK'),
(3977,'3603','PASARKEMIS'),
(3978,'3603','SINDANG JAYA'),
(3979,'3603','BALARAJA'),
(3980,'3603','JAYANTI'),
(3981,'3603','SUKAMULYA'),
(3982,'3603','KRESEK'),
(3983,'3603','GUNUNG KALER'),
(3984,'3603','KRONJO'),
(3985,'3603','MEKAR BARU'),
(3986,'3603','MAUK'),
(3987,'3603','KEMIRI'),
(3988,'3603','SUKADIRI'),
(3989,'3603','RAJEG'),
(3990,'3603','SEPATAN'),
(3991,'3603','SEPATAN TIMUR'),
(3992,'3603','PAKUHAJI'),
(3993,'3603','TELUKNAGA'),
(3994,'3603','KOSAMBI'),
(3995,'3604','CINANGKA'),
(3996,'3604','PADARINCANG'),
(3997,'3604','CIOMAS'),
(3998,'3604','PABUARAN'),
(3999,'3604','GUNUNG SARI'),
(4000,'3604','BAROS'),
(4001,'3604','PETIR'),
(4002,'3604','TUNJUNG TEJA'),
(4003,'3604','CIKEUSAL'),
(4004,'3604','PAMARAYAN'),
(4005,'3604','BANDUNG'),
(4006,'3604','JAWILAN'),
(4007,'3604','KOPO'),
(4008,'3604','CIKANDE'),
(4009,'3604','KIBIN'),
(4010,'3604','KRAGILAN'),
(4011,'3604','WARINGINKURUNG'),
(4012,'3604','MANCAK'),
(4013,'3604','ANYAR'),
(4014,'3604','BOJONEGARA'),
(4015,'3604','PULO AMPEL'),
(4016,'3604','KRAMATWATU'),
(4017,'3604','CIRUAS'),
(4018,'3604','PONTANG'),
(4019,'3604','LEBAK WANGI'),
(4020,'3604','CARENANG'),
(4021,'3604','BINUANG'),
(4022,'3604','TIRTAYASA'),
(4023,'3604','TANARA'),
(4024,'3671','CILEDUG'),
(4025,'3671','LARANGAN'),
(4026,'3671','KARANG TENGAH'),
(4027,'3671','CIPONDOH'),
(4028,'3671','PINANG'),
(4029,'3671','TANGERANG'),
(4030,'3671','KARAWACI'),
(4031,'3671','JATI UWUNG'),
(4032,'3671','CIBODAS'),
(4033,'3671','PERIUK'),
(4034,'3671','BATUCEPER'),
(4035,'3671','NEGLASARI'),
(4036,'3671','BENDA'),
(4037,'3672','CIWANDAN'),
(4038,'3672','CITANGKIL'),
(4039,'3672','PULOMERAK'),
(4040,'3672','PURWAKARTA'),
(4041,'3672','GROGOL'),
(4042,'3672','CILEGON'),
(4043,'3672','JOMBANG'),
(4044,'3672','CIBEBER'),
(4045,'3673','CURUG'),
(4046,'3673','WALANTAKA'),
(4047,'3673','CIPOCOK JAYA'),
(4048,'3673','SERANG'),
(4049,'3673','TAKTAKAN'),
(4050,'3673','KASEMEN'),
(4051,'3674','SETU'),
(4052,'3674','SERPONG'),
(4053,'3674','PAMULANG'),
(4054,'3674','CIPUTAT'),
(4055,'3674','CIPUTAT TIMUR'),
(4056,'3674','PONDOK AREN'),
(4057,'3674','SERPONG UTARA'),
(4058,'5101','MELAYA'),
(4059,'5101','NEGARA'),
(4060,'5101','JEMBRANA'),
(4061,'5101','MENDOYO'),
(4062,'5101','PEKUTATAN'),
(4063,'5102','SELEMADEG'),
(4064,'5102','SELEMADEG TIMUR'),
(4065,'5102','SELEMADEG BARAT'),
(4066,'5102','KERAMBITAN'),
(4067,'5102','TABANAN'),
(4068,'5102','KEDIRI'),
(4069,'5102','MARGA'),
(4070,'5102','BATURITI'),
(4071,'5102','PENEBEL'),
(4072,'5102','PUPUAN'),
(4073,'5103','KUTA SELATAN'),
(4074,'5103','KUTA'),
(4075,'5103','KUTA UTARA'),
(4076,'5103','MENGWI'),
(4077,'5103','ABIANSEMAL'),
(4078,'5103','PETANG'),
(4079,'5104','SUKAWATI'),
(4080,'5104','BLAHBATUH'),
(4081,'5104','GIANYAR'),
(4082,'5104','TAMPAKSIRING'),
(4083,'5104','UBUD'),
(4084,'5104','TEGALLALANG'),
(4085,'5104','PAYANGAN'),
(4086,'5105','NUSAPENIDA'),
(4087,'5105','BANJARANGKAN'),
(4088,'5105','KLUNGKUNG'),
(4089,'5105','DAWAN'),
(4090,'5106','SUSUT'),
(4091,'5106','BANGLI'),
(4092,'5106','TEMBUKU'),
(4093,'5106','KINTAMANI'),
(4094,'5107','RENDANG'),
(4095,'5107','SIDEMEN'),
(4096,'5107','MANGGIS'),
(4097,'5107','KARANGASEM'),
(4098,'5107','ABANG'),
(4099,'5107','BEBANDEM'),
(4100,'5107','SELAT'),
(4101,'5107','KUBU'),
(4102,'5108','GEROKGAK'),
(4103,'5108','SERIRIT'),
(4104,'5108','BUSUNGBIU'),
(4105,'5108','BANJAR'),
(4106,'5108','SUKASADA'),
(4107,'5108','BULELENG'),
(4108,'5108','SAWAN'),
(4109,'5108','KUBUTAMBAHAN'),
(4110,'5108','TEJAKULA'),
(4111,'5171','DENPASAR SELATAN'),
(4112,'5171','DENPASAR TIMUR'),
(4113,'5171','DENPASAR BARAT'),
(4114,'5171','DENPASAR UTARA'),
(4115,'5201','SEKOTONG'),
(4116,'5201','LEMBAR'),
(4117,'5201','GERUNG'),
(4118,'5201','LABU API'),
(4119,'5201','KEDIRI'),
(4120,'5201','KURIPAN'),
(4121,'5201','NARMADA'),
(4122,'5201','LINGSAR'),
(4123,'5201','GUNUNG SARI'),
(4124,'5201','BATU LAYAR'),
(4125,'5202','PRAYA BARAT'),
(4126,'5202','PRAYA BARAT DAYA'),
(4127,'5202','PUJUT'),
(4128,'5202','PRAYA TIMUR'),
(4129,'5202','JANAPRIA'),
(4130,'5202','KOPANG'),
(4131,'5202','PRAYA'),
(4132,'5202','PRAYA TENGAH'),
(4133,'5202','JONGGAT'),
(4134,'5202','PRINGGARATA'),
(4135,'5202','BATUKLIANG'),
(4136,'5202','BATUKLIANG UTARA'),
(4137,'5203','KERUAK'),
(4138,'5203','JEROWARU'),
(4139,'5203','SAKRA'),
(4140,'5203','SAKRA BARAT'),
(4141,'5203','SAKRA TIMUR'),
(4142,'5203','TERARA'),
(4143,'5203','MONTONG GADING'),
(4144,'5203','SIKUR'),
(4145,'5203','MASBAGIK'),
(4146,'5203','PRINGGASELA'),
(4147,'5203','SUKAMULIA'),
(4148,'5203','SURALAGA'),
(4149,'5203','SELONG'),
(4150,'5203','LABUHAN HAJI'),
(4151,'5203','PRINGGABAYA'),
(4152,'5203','SUELA'),
(4153,'5203','AIKMEL'),
(4154,'5203','WANASABA'),
(4155,'5203','SEMBALUN'),
(4156,'5203','SAMBELIA'),
(4157,'5204','LUNYUK'),
(4158,'5204','ORONG TELU'),
(4159,'5204','ALAS'),
(4160,'5204','ALAS BARAT'),
(4161,'5204','BUER'),
(4162,'5204','UTAN'),
(4163,'5204','RHEE'),
(4164,'5204','BATULANTEH'),
(4165,'5204','SUMBAWA'),
(4166,'5204','LABUHAN BADAS'),
(4167,'5204','UNTER IWES'),
(4168,'5204','MOYOHILIR'),
(4169,'5204','MOYO UTARA'),
(4170,'5204','MOYOHULU'),
(4171,'5204','ROPANG'),
(4172,'5204','LENANGGUAR'),
(4173,'5204','LANTUNG'),
(4174,'5204','LAPE'),
(4175,'5204','LOPOK'),
(4176,'5204','PLAMPANG'),
(4177,'5204','LABANGKA'),
(4178,'5204','MARONGE'),
(4179,'5204','EMPANG'),
(4180,'5204','TARANO'),
(4181,'5205','HU\'U'),
(4182,'5205','PAJO'),
(4183,'5205','DOMPU'),
(4184,'5205','WOJA'),
(4185,'5205','KILO'),
(4186,'5205','KEMPO'),
(4187,'5205','MANGGALEWA'),
(4188,'5205','PEKAT'),
(4189,'5206','MONTA'),
(4190,'5206','PARADO'),
(4191,'5206','BOLO'),
(4192,'5206','MADA PANGGA'),
(4193,'5206','WOHA'),
(4194,'5206','BELO'),
(4195,'5206','PALIBELO'),
(4196,'5206','WAWO'),
(4197,'5206','LANGGUDU'),
(4198,'5206','LAMBITU'),
(4199,'5206','SAPE'),
(4200,'5206','LAMBU'),
(4201,'5206','WERA'),
(4202,'5206','AMBALAWI'),
(4203,'5206','DONGGO'),
(4204,'5206','SOROMANDI'),
(4205,'5206','SANGGAR'),
(4206,'5206','TAMBORA'),
(4207,'5207','SEKONGKANG'),
(4208,'5207','JEREWEH'),
(4209,'5207','MALUK'),
(4210,'5207','TALIWANG'),
(4211,'5207','BRANG ENE'),
(4212,'5207','BRANG REA'),
(4213,'5207','SETELUK'),
(4214,'5207','POTO TANO'),
(4215,'5208','PEMENANG'),
(4216,'5208','TANJUNG'),
(4217,'5208','GANGGA'),
(4218,'5208','KAYANGAN'),
(4219,'5208','BAYAN'),
(4220,'5271','AMPENAN'),
(4221,'5271','SEKARBELA'),
(4222,'5271','MATARAM'),
(4223,'5271','SELAPARANG'),
(4224,'5271','CAKRANEGARA'),
(4225,'5271','SANDUBAYA'),
(4226,'5272','RASANAE BARAT'),
(4227,'5272','MPUNDA'),
(4228,'5272','RASANAE TIMUR'),
(4229,'5272','RABA'),
(4230,'5272','ASAKOTA'),
(4231,'5301','LAMBOYA'),
(4232,'5301','WANOKAKA'),
(4233,'5301','LABOYA BARAT'),
(4234,'5301','LOLI'),
(4235,'5301','KOTA WAIKABUBAK'),
(4236,'5301','TANA RIGHU'),
(4237,'5302','LEWA'),
(4238,'5302','NGGAHA ORIANGU'),
(4239,'5302','LEWA TIDAHU'),
(4240,'5302','KATALA HAMU LINGU'),
(4241,'5302','TABUNDUNG'),
(4242,'5302','PINUPAHAR'),
(4243,'5302','PABERIWAI'),
(4244,'5302','KARERA'),
(4245,'5302','MATAWAI LA PAWU'),
(4246,'5302','KAHAUNGU ETI'),
(4247,'5302','MAHU'),
(4248,'5302','NGADU NGALA'),
(4249,'5302','PAHUNGA LODU'),
(4250,'5302','WULA WAIJELU'),
(4251,'5302','RINDI'),
(4252,'5302','UMALULU'),
(4253,'5302','PANDAWAI'),
(4254,'5302','KAMBATA MAPAMBUHANG'),
(4255,'5302','KOTA WAINGAPU'),
(4256,'5302','KAMBERA'),
(4257,'5302','HAHARU'),
(4258,'5302','KANATANG'),
(4259,'5303','SEMAU'),
(4260,'5303','SEMAU SELATAN'),
(4261,'5303','KUPANG BARAT'),
(4262,'5303','NEKAMESE'),
(4263,'5303','KUPANG TENGAH'),
(4264,'5303','TAEBENU'),
(4265,'5303','AMARASI'),
(4266,'5303','AMARASI BARAT'),
(4267,'5303','AMARASI SELATAN'),
(4268,'5303','AMARASI TIMUR'),
(4269,'5303','KUPANG TIMUR'),
(4270,'5303','AMABI OEFETO TIMUR'),
(4271,'5303','AMABI OEFETO'),
(4272,'5303','SULAMU'),
(4273,'5303','FATULEU'),
(4274,'5303','FATULEU TENGAH'),
(4275,'5303','FATULEU BARAT'),
(4276,'5303','TAKARI'),
(4277,'5303','AMFOANG SELATAN'),
(4278,'5303','AMFOANG BARAT DAYA'),
(4279,'5303','AMFOANG TENGAH'),
(4280,'5303','AMFOANG UTARA'),
(4281,'5303','AMFOANG BARAT LAUT'),
(4282,'5303','AMFOANG TIMUR'),
(4283,'5304','MOLLO UTARA'),
(4284,'5304','FATUMNASI'),
(4285,'5304','TOBU'),
(4286,'5304','NUNBENA'),
(4287,'5304','MOLLO SELATAN'),
(4288,'5304','POLEN'),
(4289,'5304','MOLLO BARAT'),
(4290,'5304','MOLLO TENGAH'),
(4291,'5304','KOTA SOE'),
(4292,'5304','AMANUBAN BARAT'),
(4293,'5304','BATU PUTIH'),
(4294,'5304','KUATNANA'),
(4295,'5304','AMANUBAN SELATAN'),
(4296,'5304','NOEBEBA'),
(4297,'5304','KUAN FATU'),
(4298,'5304','KUALIN'),
(4299,'5304','AMANUBAN TENGAH'),
(4300,'5304','KOLBANO'),
(4301,'5304','OENINO'),
(4302,'5304','AMANUBAN TIMUR'),
(4303,'5304','FAUTMOLO'),
(4304,'5304','FATUKOPA'),
(4305,'5304','KIE'),
(4306,'5304','KOT\'OLIN'),
(4307,'5304','AMANATUN SELATAN'),
(4308,'5304','BOKING'),
(4309,'5304','NUNKOLO'),
(4310,'5304','NOEBANA'),
(4311,'5304','SANTIAN'),
(4312,'5304','AMANATUN UTARA'),
(4313,'5304','TOIANAS'),
(4314,'5304','KOKBAUN'),
(4315,'5305','MIOMAFFO BARAT'),
(4316,'5305','MIOMAFFO TENGAH'),
(4317,'5305','MUSI'),
(4318,'5305','MUTIS'),
(4319,'5305','MIOMAFFO TIMUR'),
(4320,'5305','NOEMUTI'),
(4321,'5305','BIKOMI SELATAN'),
(4322,'5305','BIKOMI TENGAH'),
(4323,'5305','BIKOMI NILULAT'),
(4324,'5305','BIKOMI UTARA'),
(4325,'5305','NAIBENU'),
(4326,'5305','NOEMUTI TIMUR'),
(4327,'5305','KOTA KEFAMENANU'),
(4328,'5305','INSANA'),
(4329,'5305','INSANA UTARA'),
(4330,'5305','INSANA BARAT'),
(4331,'5305','INSANA TENGAH'),
(4332,'5305','INSANA FAFINESU'),
(4333,'5305','BIBOKI SELATAN'),
(4334,'5305','BIBOKI TANPAH'),
(4335,'5305','BIBOKI MOENLEU'),
(4336,'5305','BIBOKI UTARA'),
(4337,'5305','BIBOKI ANLEU'),
(4338,'5305','BIBOKI FEOTLEU'),
(4339,'5306','RAI MANUK'),
(4340,'5306','TASIFETO BARAT'),
(4341,'5306','KAKULUK MESAK'),
(4342,'5306','NANAET DUBESI'),
(4343,'5306','ATAMBUA'),
(4344,'5306','ATAMBUA BARAT'),
(4345,'5306','ATAMBUA SELATAN'),
(4346,'5306','TASIFETO TIMUR'),
(4347,'5306','RAIHAT'),
(4348,'5306','LASIOLAT'),
(4349,'5306','LAMAKNEN'),
(4350,'5306','LAMAKNEN SELATAN'),
(4351,'5307','PANTAR'),
(4352,'5307','PANTAR BARAT'),
(4353,'5307','PANTAR TIMUR'),
(4354,'5307','PANTAR BARAT LAUT'),
(4355,'5307','PANTAR TENGAH'),
(4356,'5307','ALOR BARAT DAYA'),
(4357,'5307','MATARU'),
(4358,'5307','ALOR SELATAN'),
(4359,'5307','ALOR TIMUR'),
(4360,'5307','ALOR TIMUR LAUT'),
(4361,'5307','PUREMAN'),
(4362,'5307','TELUK MUTIARA'),
(4363,'5307','KABOLA'),
(4364,'5307','ALOR BARAT LAUT'),
(4365,'5307','ALOR TENGAH UTARA'),
(4366,'5307','PULAU PURA'),
(4367,'5307','LEMBUR'),
(4368,'5308','NAGAWUTUNG'),
(4369,'5308','WULANDONI'),
(4370,'5308','ATADEI'),
(4371,'5308','ILE APE'),
(4372,'5308','ILE APE TIMUR'),
(4373,'5308','LEBATUKAN'),
(4374,'5308','NUBATUKAN'),
(4375,'5308','OMESURI'),
(4376,'5308','BUYASARI'),
(4377,'5309','WULANGGITANG'),
(4378,'5309','TITEHENA'),
(4379,'5309','ILEBURA'),
(4380,'5309','TANJUNG BUNGA'),
(4381,'5309','LEWO LEMA'),
(4382,'5309','LARANTUKA'),
(4383,'5309','ILE MANDIRI'),
(4384,'5309','DEMON PAGONG'),
(4385,'5309','SOLOR BARAT'),
(4386,'5309','SOLOR SELATAN'),
(4387,'5309','SOLOR TIMUR'),
(4388,'5309','ADONARA BARAT'),
(4389,'5309','WOTAN ULU MADO'),
(4390,'5309','ADONARA TENGAH'),
(4391,'5309','ADONARA TIMUR'),
(4392,'5309','ILE BOLENG'),
(4393,'5309','WITIHAMA'),
(4394,'5309','KELUBAGOLIT'),
(4395,'5309','ADONARA'),
(4396,'5310','PAGA'),
(4397,'5310','MEGO'),
(4398,'5310','TANA WAWO'),
(4399,'5310','LELA'),
(4400,'5310','BOLA'),
(4401,'5310','DORENG'),
(4402,'5310','MAPITARA'),
(4403,'5310','TALIBURA'),
(4404,'5310','WAIGETE'),
(4405,'5310','WAIBLAMA'),
(4406,'5310','KEWAPANTE'),
(4407,'5310','HEWOKLOANG'),
(4408,'5310','KANGAE'),
(4409,'5310','PALUE'),
(4410,'5310','KOTING'),
(4411,'5310','NELLE'),
(4412,'5310','NITA'),
(4413,'5310','MAGEPANDA'),
(4414,'5310','ALOK'),
(4415,'5310','ALOK BARAT'),
(4416,'5310','ALOK TIMUR'),
(4417,'5311','NANGAPANDA'),
(4418,'5311','PULAU ENDE'),
(4419,'5311','MAUKARO'),
(4420,'5311','ENDE'),
(4421,'5311','ENDE SELATAN'),
(4422,'5311','ENDE TIMUR'),
(4423,'5311','ENDE TENGAH'),
(4424,'5311','ENDE UTARA'),
(4425,'5311','NDONA'),
(4426,'5311','NDONA TIMUR'),
(4427,'5311','WOLOWARU'),
(4428,'5311','WOLOJITA'),
(4429,'5311','LIO TIMUR'),
(4430,'5311','KELIMUTU'),
(4431,'5311','NDORI'),
(4432,'5311','MAUROLE'),
(4433,'5311','KOTABARU'),
(4434,'5311','DETUKELI'),
(4435,'5311','LEPEMBUSU KELISOKE'),
(4436,'5311','DETUSOKO'),
(4437,'5311','WEWARIA'),
(4438,'5312','AIMERE'),
(4439,'5312','JEREBUU'),
(4440,'5312','INERIE'),
(4441,'5312','BAJAWA'),
(4442,'5312','GOLEWA'),
(4443,'5312','GOLEWA SELATAN'),
(4444,'5312','GOLEWA BARAT'),
(4445,'5312','BAJAWA UTARA'),
(4446,'5312','SOA'),
(4447,'5312','RIUNG'),
(4448,'5312','RIUNG BARAT'),
(4449,'5312','WOLOMEZE'),
(4450,'5313','SATAR MESE'),
(4451,'5313','SATAR MESE BARAT'),
(4452,'5313','SATAR MESE UTARA'),
(4453,'5313','LANGKE REMBONG'),
(4454,'5313','RUTENG'),
(4455,'5313','WAE RII'),
(4456,'5313','LELAK'),
(4457,'5313','RAHONG UTARA'),
(4458,'5313','CIBAL'),
(4459,'5313','CIBAL BARAT'),
(4460,'5313','REOK'),
(4461,'5313','REOK BARAT'),
(4462,'5314','ROTE BARAT DAYA'),
(4463,'5314','ROTE BARAT LAUT'),
(4464,'5314','LOBALAIN'),
(4465,'5314','ROTE TENGAH'),
(4466,'5314','ROTE SELATAN'),
(4467,'5314','PANTAI BARU'),
(4468,'5314','ROTE TIMUR'),
(4469,'5314','LANDU LEKO'),
(4470,'5314','ROTE BARAT'),
(4471,'5314','NDAO NUSE'),
(4472,'5315','KOMODO'),
(4473,'5315','BOLENG'),
(4474,'5315','SANO NGGOANG'),
(4475,'5315','MBELILING'),
(4476,'5315','LEMBOR'),
(4477,'5315','WELAK'),
(4478,'5315','LEMBOR SELATAN'),
(4479,'5315','KUWUS'),
(4480,'5315','NDOSO'),
(4481,'5315','MACANG PACAR'),
(4482,'5316','KATIKUTANA'),
(4483,'5316','KATIKUTANA SELATAN'),
(4484,'5316','UMBU RATU NGGAY BARAT'),
(4485,'5316','UMBU RATU NGGAY'),
(4486,'5316','MAMBORO'),
(4487,'5317','KODI BANGEDO'),
(4488,'5317','KODI BALAGHAR'),
(4489,'5317','KODI'),
(4490,'5317','KODI UTARA'),
(4491,'5317','WEWEWA SELATAN'),
(4492,'5317','WEWEWA BARAT'),
(4493,'5317','WEWEWA TIMUR'),
(4494,'5317','WEWEWA TENGAH'),
(4495,'5317','WEWEWA UTARA'),
(4496,'5317','LOURA'),
(4497,'5317','KOTA TAMBOLAKA'),
(4498,'5318','MAUPONGGO'),
(4499,'5318','KEO TENGAH'),
(4500,'5318','NANGARORO'),
(4501,'5318','BOAWAE'),
(4502,'5318','AESESA SELATAN'),
(4503,'5318','AESESA'),
(4504,'5318','WOLOWAE'),
(4505,'5319','BORONG'),
(4506,'5319','RANA MESE'),
(4507,'5319','KOTA KOMBA'),
(4508,'5319','ELAR'),
(4509,'5319','ELAR SELATAN'),
(4510,'5319','SAMBI RAMPAS'),
(4511,'5319','POCO RANAKA'),
(4512,'5319','POCO RANAKA TIMUR'),
(4513,'5319','LAMBA LEDA'),
(4514,'5320','RAIJUA'),
(4515,'5320','HAWU MEHARA'),
(4516,'5320','SABU LIAE'),
(4517,'5320','SABU BARAT'),
(4518,'5320','SABU TENGAH'),
(4519,'5320','SABU TIMUR'),
(4520,'5321','WEWIKU'),
(4521,'5321','MALAKA BARAT'),
(4522,'5321','WELIMAN'),
(4523,'5321','RINHAT'),
(4524,'5321','IO KUFEU'),
(4525,'5321','SASITA MEAN'),
(4526,'5321','MALAKA TENGAH'),
(4527,'5321','BOTIN LEOBELE'),
(4528,'5321','LAEN MANEN'),
(4529,'5321','MALAKA TIMUR'),
(4530,'5321','KOBALIMA'),
(4531,'5321','KOBALIMA TIMUR'),
(4532,'5371','ALAK'),
(4533,'5371','MAULAFA'),
(4534,'5371','OEBOBO'),
(4535,'5371','KOTA RAJA'),
(4536,'5371','KELAPA LIMA'),
(4537,'5371','KOTA LAMA'),
(4538,'6101','SELAKAU'),
(4539,'6101','SELAKAU TIMUR'),
(4540,'6101','PEMANGKAT'),
(4541,'6101','SEMPARUK'),
(4542,'6101','SALATIGA'),
(4543,'6101','TEBAS'),
(4544,'6101','TEKARANG'),
(4545,'6101','SAMBAS'),
(4546,'6101','SUBAH'),
(4547,'6101','SEBAWI'),
(4548,'6101','SAJAD'),
(4549,'6101','JAWAI'),
(4550,'6101','JAWAI SELATAN'),
(4551,'6101','TELUK KERAMAT'),
(4552,'6101','GALING'),
(4553,'6101','TANGARAN'),
(4554,'6101','SEJANGKUNG'),
(4555,'6101','SAJINGAN BESAR'),
(4556,'6101','PALOH'),
(4557,'6102','SUNGAI RAYA'),
(4558,'6102','CAPKALA'),
(4559,'6102','SUNGAI RAYA KEPULAUAN'),
(4560,'6102','SAMALANTAN'),
(4561,'6102','MONTERADO'),
(4562,'6102','LEMBAH BAWANG'),
(4563,'6102','BENGKAYANG'),
(4564,'6102','TERIAK'),
(4565,'6102','SUNGAI BETUNG'),
(4566,'6102','LEDO'),
(4567,'6102','SUTI SEMARANG'),
(4568,'6102','LUMAR'),
(4569,'6102','SANGGAU LEDO'),
(4570,'6102','TUJUHBELAS'),
(4571,'6102','SELUAS'),
(4572,'6102','JAGOI BABANG'),
(4573,'6102','SIDING'),
(4574,'6103','SEBANGKI'),
(4575,'6103','NGABANG'),
(4576,'6103','JELIMPO'),
(4577,'6103','SENGAH TEMILA'),
(4578,'6103','MANDOR'),
(4579,'6103','MENJALIN'),
(4580,'6103','MEMPAWAH HULU'),
(4581,'6103','SOMPAK'),
(4582,'6103','MENYUKE'),
(4583,'6103','BANYUKE HULU'),
(4584,'6103','MERANTI'),
(4585,'6103','KUALA BEHE'),
(4586,'6103','AIR BESAR'),
(4587,'6104','SIANTAN'),
(4588,'6104','SEGEDONG'),
(4589,'6104','SUNGAI PINYUH'),
(4590,'6104','ANJONGAN'),
(4591,'6104','MEMPAWAH HILIR'),
(4592,'6104','MEMPAWAH TIMUR'),
(4593,'6104','SUNGAI KUNYIT'),
(4594,'6104','TOHO'),
(4595,'6104','SADANIANG'),
(4596,'6105','TOBA'),
(4597,'6105','MELIAU'),
(4598,'6105','KAPUAS'),
(4599,'6105','MUKOK'),
(4600,'6105','JANGKANG'),
(4601,'6105','BONTI'),
(4602,'6105','PARINDU'),
(4603,'6105','TAYAN HILIR'),
(4604,'6105','BALAI'),
(4605,'6105','TAYAN HULU'),
(4606,'6105','KEMBAYAN'),
(4607,'6105','BEDUWAI'),
(4608,'6105','NOYAN'),
(4609,'6105','SEKAYAM'),
(4610,'6105','ENTIKONG'),
(4611,'6106','KENDAWANGAN'),
(4612,'6106','MANIS MATA'),
(4613,'6106','MARAU'),
(4614,'6106','SINGKUP'),
(4615,'6106','AIR UPAS'),
(4616,'6106','JELAI HULU'),
(4617,'6106','TUMBANG TITI'),
(4618,'6106','PEMAHAN'),
(4619,'6106','SUNGAI MELAYU RAYAK'),
(4620,'6106','MATAN HILIR SELATAN'),
(4621,'6106','BENUA KAYONG'),
(4622,'6106','MATAN HILIR UTARA'),
(4623,'6106','DELTA PAWAN'),
(4624,'6106','MUARA PAWAN'),
(4625,'6106','NANGA TAYAP'),
(4626,'6106','SANDAI'),
(4627,'6106','HULU SUNGAI'),
(4628,'6106','SUNGAI LAUR'),
(4629,'6106','SIMPANG HULU'),
(4630,'6106','SIMPANG DUA'),
(4631,'6107','SERAWAI'),
(4632,'6107','AMBALAU'),
(4633,'6107','KAYAN HULU'),
(4634,'6107','SEPAUK'),
(4635,'6107','TEMPUNAK'),
(4636,'6107','SUNGAI TEBELIAN'),
(4637,'6107','SINTANG'),
(4638,'6107','DEDAI'),
(4639,'6107','KAYAN HILIR'),
(4640,'6107','KELAM PERMAI'),
(4641,'6107','BINJAI HULU'),
(4642,'6107','KETUNGAU HILIR'),
(4643,'6107','KETUNGAU TENGAH'),
(4644,'6107','KETUNGAU HULU'),
(4645,'6108','SILAT HILIR'),
(4646,'6108','SILAT HULU'),
(4647,'6108','HULU GURUNG'),
(4648,'6108','BUNUT HULU'),
(4649,'6108','MENTEBAH'),
(4650,'6108','BIKA'),
(4651,'6108','KALIS'),
(4652,'6108','PUTUSSIBAU SELATAN'),
(4653,'6108','EMBALOH HILIR'),
(4654,'6108','BUNUT HILIR'),
(4655,'6108','BOYAN TANJUNG'),
(4656,'6108','PENGKADAN'),
(4657,'6108','JONGKONG'),
(4658,'6108','SELIMBAU'),
(4659,'6108','SUHAID'),
(4660,'6108','SEBERUANG'),
(4661,'6108','SEMITAU'),
(4662,'6108','EMPANANG'),
(4663,'6108','PURING KENCANA'),
(4664,'6108','BADAU'),
(4665,'6108','BATANG LUPAR'),
(4666,'6108','EMBALOH HULU'),
(4667,'6108','PUTUSSIBAU UTARA'),
(4668,'6109','NANGA MAHAP'),
(4669,'6109','NANGA TAMAN'),
(4670,'6109','SEKADAU HULU'),
(4671,'6109','SEKADAU HILIR'),
(4672,'6109','BELITANG HILIR'),
(4673,'6109','BELITANG'),
(4674,'6109','BELITANG HULU'),
(4675,'6110','SOKAN'),
(4676,'6110','TANAH PINOH'),
(4677,'6110','TANAH PINOH BARAT'),
(4678,'6110','SAYAN'),
(4679,'6110','BELIMBING'),
(4680,'6110','BELIMBING HULU'),
(4681,'6110','NANGA PINOH'),
(4682,'6110','PINOH SELATAN'),
(4683,'6110','PINOH UTARA'),
(4684,'6110','ELLA HILIR'),
(4685,'6110','MENUKUNG'),
(4686,'6111','PULAU MAYA'),
(4687,'6111','KEPULAUAN KARIMATA'),
(4688,'6111','SUKADANA'),
(4689,'6111','SIMPANG HILIR'),
(4690,'6111','TELUK BATANG'),
(4691,'6111','SEPONTI'),
(4692,'6112','BATU AMPAR'),
(4693,'6112','TERENTANG'),
(4694,'6112','KUBU'),
(4695,'6112','TELOK PA\'KEDAI'),
(4696,'6112','SUNGAI KAKAP'),
(4697,'6112','RASAU JAYA'),
(4698,'6112','SUNGAI RAYA'),
(4699,'6112','SUNGAI AMBAWANG'),
(4700,'6112','KUALA MANDOR-B'),
(4701,'6171','PONTIANAK SELATAN'),
(4702,'6171','PONTIANAK TENGGARA'),
(4703,'6171','PONTIANAK TIMUR'),
(4704,'6171','PONTIANAK BARAT'),
(4705,'6171','PONTIANAK KOTA'),
(4706,'6171','PONTIANAK UTARA'),
(4707,'6172','SINGKAWANG SELATAN'),
(4708,'6172','SINGKAWANG TIMUR'),
(4709,'6172','SINGKAWANG UTARA'),
(4710,'6172','SINGKAWANG BARAT'),
(4711,'6172','SINGKAWANG TENGAH'),
(4712,'6201','KOTAWARINGIN LAMA'),
(4713,'6201','ARUT SELATAN'),
(4714,'6201','KUMAI'),
(4715,'6201','PANGKALAN BANTENG'),
(4716,'6201','PANGKALAN LADA'),
(4717,'6201','ARUT UTARA'),
(4718,'6202','MENTAYA HILIR SELATAN'),
(4719,'6202','TELUK SAMPIT'),
(4720,'6202','PULAU HANAUT'),
(4721,'6202','MENTAWA BARU/KETAPANG'),
(4722,'6202','SERANAU'),
(4723,'6202','MENTAYA HILIR UTARA'),
(4724,'6202','KOTA BESI'),
(4725,'6202','TELAWANG'),
(4726,'6202','BAAMANG'),
(4727,'6202','CEMPAGA'),
(4728,'6202','CEMPAGA HULU'),
(4729,'6202','PARENGGEAN'),
(4730,'6202','TUALAN HULU'),
(4731,'6202','MENTAYA HULU'),
(4732,'6202','BUKIT SANTUAI'),
(4733,'6202','ANTANG KALANG'),
(4734,'6202','TELAGA ANTANG'),
(4735,'6203','KAPUAS KUALA'),
(4736,'6203','TAMBAN CATUR'),
(4737,'6203','KAPUAS TIMUR'),
(4738,'6203','SELAT'),
(4739,'6203','BATAGUH'),
(4740,'6203','BASARANG'),
(4741,'6203','KAPUAS HILIR'),
(4742,'6203','PULAU PETAK'),
(4743,'6203','KAPUAS MURUNG'),
(4744,'6203','DADAHUP'),
(4745,'6203','KAPUAS BARAT'),
(4746,'6203','MANTANGAI'),
(4747,'6203','TIMPAH'),
(4748,'6203','KAPUAS TENGAH'),
(4749,'6203','PASAK TALAWANG'),
(4750,'6203','KAPUAS HULU'),
(4751,'6203','MANDAU TALAWANG'),
(4752,'6204','JENAMAS'),
(4753,'6204','DUSUN HILIR'),
(4754,'6204','KARAU KUALA'),
(4755,'6204','DUSUN SELATAN'),
(4756,'6204','DUSUN UTARA'),
(4757,'6204','GUNUNG BINTANG AWAI'),
(4758,'6205','MONTALLAT'),
(4759,'6205','GUNUNG TIMANG'),
(4760,'6205','GUNUNG PUREI'),
(4761,'6205','TEWEH TIMUR'),
(4762,'6205','TEWEH TENGAH'),
(4763,'6205','TEWEH  BARU'),
(4764,'6205','TEWEH SELATAN'),
(4765,'6205','LAHEI'),
(4766,'6205','LAHEI BARAT'),
(4767,'6206','JELAI'),
(4768,'6206','PANTAI LUNCI'),
(4769,'6206','SUKAMARA'),
(4770,'6206','BALAI RIAM'),
(4771,'6206','PERMATA KECUBUNG'),
(4772,'6207','BULIK'),
(4773,'6207','SEMATU JAYA'),
(4774,'6207','MENTHOBI RAYA'),
(4775,'6207','BULIK TIMUR'),
(4776,'6207','LAMANDAU'),
(4777,'6207','BELANTIKAN RAYA'),
(4778,'6207','DELANG'),
(4779,'6207','BATANGKAWA'),
(4780,'6208','SERUYAN HILIR'),
(4781,'6208','SERUYAN HILIR TIMUR'),
(4782,'6208','DANAU SEMBULUH'),
(4783,'6208','SERUYAN RAYA'),
(4784,'6208','HANAU'),
(4785,'6208','DANAU SELULUK'),
(4786,'6208','SERUYAN TENGAH'),
(4787,'6208','BATU AMPAR'),
(4788,'6208','SERUYAN HULU'),
(4789,'6208','SULING TAMBUN'),
(4790,'6209','KATINGAN KUALA'),
(4791,'6209','MENDAWAI'),
(4792,'6209','KAMIPANG'),
(4793,'6209','TASIK PAYAWAN'),
(4794,'6209','KATINGAN HILIR'),
(4795,'6209','TEWANG SANGALANG GARING'),
(4796,'6209','PULAU MALAN'),
(4797,'6209','KATINGAN TENGAH'),
(4798,'6209','SANAMAN MANTIKEI'),
(4799,'6209','PETAK MALAI'),
(4800,'6209','MARIKIT'),
(4801,'6209','KATINGAN HULU'),
(4802,'6209','BUKIT RAYA'),
(4803,'6210','KAHAYAN KUALA'),
(4804,'6210','SEBANGAU KUALA'),
(4805,'6210','PANDIH BATU'),
(4806,'6210','MALIKU'),
(4807,'6210','KAHAYAN HILIR'),
(4808,'6210','JABIREN RAYA'),
(4809,'6210','KAHAYAN TENGAH'),
(4810,'6210','BANAMA TINGANG'),
(4811,'6211','MANUHING'),
(4812,'6211','MANUHING RAYA'),
(4813,'6211','RUNGAN'),
(4814,'6211','RUNGAN HULU'),
(4815,'6211','RUNGAN BARAT'),
(4816,'6211','SEPANG'),
(4817,'6211','MIHING RAYA'),
(4818,'6211','KURUN'),
(4819,'6211','TEWAH'),
(4820,'6211','KAHAYAN HULU UTARA'),
(4821,'6211','DAMANG BATU'),
(4822,'6211','MIRI MANASA'),
(4823,'6212','BENUA LIMA'),
(4824,'6212','DUSUN TIMUR'),
(4825,'6212','PAJU EPAT'),
(4826,'6212','AWANG'),
(4827,'6212','PATANGKEP TUTUI'),
(4828,'6212','DUSUN TENGAH'),
(4829,'6212','RAREN BATUAH'),
(4830,'6212','PAKU'),
(4831,'6212','KARUSEN JANANG'),
(4832,'6212','PEMATANG KARAU'),
(4833,'6213','PERMATA INTAN'),
(4834,'6213','SUNGAI BABUAT'),
(4835,'6213','MURUNG'),
(4836,'6213','LAUNG TUHUP'),
(4837,'6213','BARITO TUHUP RAYA'),
(4838,'6213','TANAH SIANG'),
(4839,'6213','TANAH SIANG SELATAN'),
(4840,'6213','SUMBER BARITO'),
(4841,'6213','SERIBU RIAM'),
(4842,'6213','UUT MURUNG'),
(4843,'6271','PAHANDUT'),
(4844,'6271','SABANGAU'),
(4845,'6271','JEKAN RAYA'),
(4846,'6271','BUKIT BATU'),
(4847,'6271','RAKUMPIT'),
(4848,'6301','PANYIPATAN'),
(4849,'6301','TAKISUNG'),
(4850,'6301','KURAU'),
(4851,'6301','BUMI MAKMUR'),
(4852,'6301','BATI - BATI'),
(4853,'6301','TAMBANG ULANG'),
(4854,'6301','PELAIHARI'),
(4855,'6301','BAJUIN'),
(4856,'6301','BATU AMPAR'),
(4857,'6301','JORONG'),
(4858,'6301','KINTAP'),
(4859,'6302','PULAU SEMBILAN'),
(4860,'6302','PULAU LAUT BARAT'),
(4861,'6302','PULAU LAUT TANJUNG SELAYAR'),
(4862,'6302','PULAU LAUT SELATAN'),
(4863,'6302','PULAU LAUT KEPULAUAN'),
(4864,'6302','PULAU LAUT TIMUR'),
(4865,'6302','PULAU SEBUKU'),
(4866,'6302','PULAU LAUT UTARA'),
(4867,'6302','PULAU LAUT TENGAH'),
(4868,'6302','KELUMPANG SELATAN'),
(4869,'6302','KELUMPANG HILIR'),
(4870,'6302','KELUMPANG HULU'),
(4871,'6302','HAMPANG'),
(4872,'6302','SUNGAI DURIAN'),
(4873,'6302','KELUMPANG TENGAH'),
(4874,'6302','KELUMPANG BARAT'),
(4875,'6302','KELUMPANG UTARA'),
(4876,'6302','PAMUKAN SELATAN'),
(4877,'6302','SAMPANAHAN'),
(4878,'6302','PAMUKAN UTARA'),
(4879,'6302','PAMUKAN BARAT'),
(4880,'6303','ALUH - ALUH'),
(4881,'6303','BERUNTUNG BARU'),
(4882,'6303','GAMBUT'),
(4883,'6303','KERTAK HANYAR'),
(4884,'6303','TATAH MAKMUR'),
(4885,'6303','SUNGAI TABUK'),
(4886,'6303','MARTAPURA'),
(4887,'6303','MARTAPURA TIMUR'),
(4888,'6303','MARTAPURA BARAT'),
(4889,'6303','ASTAMBUL'),
(4890,'6303','KARANG INTAN'),
(4891,'6303','ARANIO'),
(4892,'6303','SUNGAI PINANG'),
(4893,'6303','PARAMASAN'),
(4894,'6303','PENGARON'),
(4895,'6303','SAMBUNG MAKMUR'),
(4896,'6303','MATARAMAN'),
(4897,'6303','SIMPANG EMPAT'),
(4898,'6303','TELAGA BAUNTUNG'),
(4899,'6304','TABUNGANEN'),
(4900,'6304','TAMBAN'),
(4901,'6304','MEKAR SARI'),
(4902,'6304','ANJIR PASAR'),
(4903,'6304','ANJIR MUARA'),
(4904,'6304','ALALAK'),
(4905,'6304','MANDASTANA'),
(4906,'6304','JEJANGKIT'),
(4907,'6304','BELAWANG'),
(4908,'6304','WANARAYA'),
(4909,'6304','BARAMBAI'),
(4910,'6304','RANTAU BADAUH'),
(4911,'6304','CERBON'),
(4912,'6304','BAKUMPAI'),
(4913,'6304','MARABAHAN'),
(4914,'6304','TABUKAN'),
(4915,'6304','KURIPAN'),
(4916,'6305','BINUANG'),
(4917,'6305','HATUNGUN'),
(4918,'6305','TAPIN SELATAN'),
(4919,'6305','SALAM BABARIS'),
(4920,'6305','TAPIN TENGAH'),
(4921,'6305','BUNGUR'),
(4922,'6305','PIANI'),
(4923,'6305','LOKPAIKAT'),
(4924,'6305','TAPIN UTARA'),
(4925,'6305','BAKARANGAN'),
(4926,'6305','CANDI LARAS SELATAN'),
(4927,'6305','CANDI LARAS UTARA'),
(4928,'6306','PADANG BATUNG'),
(4929,'6306','LOKSADO'),
(4930,'6306','TELAGA LANGSAT'),
(4931,'6306','ANGKINANG'),
(4932,'6306','KANDANGAN'),
(4933,'6306','SUNGAI RAYA'),
(4934,'6306','SIMPUR'),
(4935,'6306','KALUMPANG'),
(4936,'6306','DAHA SELATAN'),
(4937,'6306','DAHA BARAT'),
(4938,'6306','DAHA UTARA'),
(4939,'6307','HARUYAN'),
(4940,'6307','BATU BENAWA'),
(4941,'6307','HANTAKAN'),
(4942,'6307','BATANG ALAI SELATAN'),
(4943,'6307','BATANG ALAI TIMUR'),
(4944,'6307','BARABAI'),
(4945,'6307','LABUAN AMAS SELATAN'),
(4946,'6307','LABUAN AMAS UTARA'),
(4947,'6307','PANDAWAN'),
(4948,'6307','BATANG ALAI UTARA'),
(4949,'6307','LIMPASU'),
(4950,'6308','DANAU PANGGANG'),
(4951,'6308','PAMINGGIR'),
(4952,'6308','BABIRIK'),
(4953,'6308','SUNGAI PANDAN'),
(4954,'6308','SUNGAI TABUKAN'),
(4955,'6308','AMUNTAI SELATAN'),
(4956,'6308','AMUNTAI TENGAH'),
(4957,'6308','BANJANG'),
(4958,'6308','AMUNTAI UTARA'),
(4959,'6308','HAUR GADING'),
(4960,'6309','BANUA LAWAS'),
(4961,'6309','PUGAAN'),
(4962,'6309','KELUA'),
(4963,'6309','MUARA HARUS'),
(4964,'6309','TANTA'),
(4965,'6309','TANJUNG'),
(4966,'6309','MURUNG PUDAK'),
(4967,'6309','HARUAI'),
(4968,'6309','BINTANG ARA'),
(4969,'6309','UPAU'),
(4970,'6309','MUARA UYA'),
(4971,'6309','JARO'),
(4972,'6310','KUSAN HILIR'),
(4973,'6310','SUNGAI LOBAN'),
(4974,'6310','SATUI'),
(4975,'6310','ANGSANA'),
(4976,'6310','KUSAN HULU'),
(4977,'6310','KURANJI'),
(4978,'6310','BATU LICIN'),
(4979,'6310','KARANG BINTANG'),
(4980,'6310','SIMPANG EMPAT'),
(4981,'6310','MANTEWE'),
(4982,'6311','LAMPIHONG'),
(4983,'6311','BATU MANDI'),
(4984,'6311','AWAYAN'),
(4985,'6311','TEBING TINGGI'),
(4986,'6311','PARINGIN'),
(4987,'6311','PARINGIN SELATAN'),
(4988,'6311','JUAI'),
(4989,'6311','HALONG'),
(4990,'6371','BANJARMASIN SELATAN'),
(4991,'6371','BANJARMASIN TIMUR'),
(4992,'6371','BANJARMASIN BARAT'),
(4993,'6371','BANJARMASIN TENGAH'),
(4994,'6371','BANJARMASIN UTARA'),
(4995,'6372','LANDASAN ULIN'),
(4996,'6372','LIANG ANGGANG'),
(4997,'6372','CEMPAKA'),
(4998,'6372','BANJAR BARU UTARA'),
(4999,'6372','BANJAR BARU SELATAN'),
(5000,'6401','BATU SOPANG'),
(5001,'6401','MUARA SAMU'),
(5002,'6401','BATU ENGAU'),
(5003,'6401','TANJUNG HARAPAN'),
(5004,'6401','PASIR BELENGKONG'),
(5005,'6401','TANAH GROGOT'),
(5006,'6401','KUARO'),
(5007,'6401','LONG IKIS'),
(5008,'6401','MUARA KOMAM'),
(5009,'6401','LONG KALI'),
(5010,'6402','BONGAN'),
(5011,'6402','JEMPANG'),
(5012,'6402','PENYINGGAHAN'),
(5013,'6402','MUARA PAHU'),
(5014,'6402','SILUQ NGURAI'),
(5015,'6402','MUARA LAWA'),
(5016,'6402','BENTIAN BESAR'),
(5017,'6402','DAMAI'),
(5018,'6402','NYUATAN'),
(5019,'6402','BARONG TONGKOK'),
(5020,'6402','LINGGANG BIGUNG'),
(5021,'6402','MELAK'),
(5022,'6402','SEKOLAQ DARAT'),
(5023,'6402','MANOR BULATN'),
(5024,'6402','LONG IRAM'),
(5025,'6402','TERING'),
(5026,'6403','SEMBOJA'),
(5027,'6403','MUARA JAWA'),
(5028,'6403','SANGA-SANGA'),
(5029,'6403','LOA JANAN'),
(5030,'6403','LOA KULU'),
(5031,'6403','MUARA MUNTAI'),
(5032,'6403','MUARA WIS'),
(5033,'6403','KOTABANGUN'),
(5034,'6403','TENGGARONG'),
(5035,'6403','SEBULU'),
(5036,'6403','TENGGARONG SEBERANG'),
(5037,'6403','ANGGANA'),
(5038,'6403','MUARA BADAK'),
(5039,'6403','MARANG KAYU'),
(5040,'6403','MUARA KAMAN'),
(5041,'6403','KENOHAN'),
(5042,'6403','KEMBANG JANGGUT'),
(5043,'6403','TABANG'),
(5044,'6404','MUARA ANCALONG'),
(5045,'6404','BUSANG'),
(5046,'6404','LONG MESANGAT'),
(5047,'6404','MUARA WAHAU'),
(5048,'6404','TELEN'),
(5049,'6404','KONGBENG'),
(5050,'6404','MUARA BENGKAL'),
(5051,'6404','BATU AMPAR'),
(5052,'6404','SANGATTA UTARA'),
(5053,'6404','BENGALON'),
(5054,'6404','TELUK PANDAN'),
(5055,'6404','SANGATTA SELATAN'),
(5056,'6404','RANTAU PULUNG'),
(5057,'6404','SANGKULIRANG'),
(5058,'6404','KALIORANG'),
(5059,'6404','SANDARAN'),
(5060,'6404','KAUBUN'),
(5061,'6404','KARANGAN'),
(5062,'6405','KELAY'),
(5063,'6405','TALISAYAN'),
(5064,'6405','TABALAR'),
(5065,'6405','BIDUK BIDUK'),
(5066,'6405','PULAU DERAWAN'),
(5067,'6405','MARATUA'),
(5068,'6405','SAMBALIUNG'),
(5069,'6405','TANJUNG REDEB'),
(5070,'6405','GUNUNG TABUR'),
(5071,'6405','SEGAH'),
(5072,'6405','TELUK BAYUR'),
(5073,'6405','BATU PUTIH'),
(5074,'6405','BIATAN'),
(5075,'6409','BABULU'),
(5076,'6409','WARU'),
(5077,'6409','PENAJAM'),
(5078,'6409','SEPAKU'),
(5079,'6411','LAHAM'),
(5080,'6411','LONG HUBUNG'),
(5081,'6411','LONG BAGUN'),
(5082,'6411','LONG PAHANGAI'),
(5083,'6411','LONG APARI'),
(5084,'6471','BALIKPAPAN SELATAN'),
(5085,'6471','BALIKPAPAN KOTA'),
(5086,'6471','BALIKPAPAN TIMUR'),
(5087,'6471','BALIKPAPAN UTARA'),
(5088,'6471','BALIKPAPAN TENGAH'),
(5089,'6471','BALIKPAPAN BARAT'),
(5090,'6472','PALARAN'),
(5091,'6472','SAMARINDA ILIR'),
(5092,'6472','SAMARINDA KOTA'),
(5093,'6472','SAMBUTAN'),
(5094,'6472','SAMARINDA SEBERANG'),
(5095,'6472','LOA JANAN ILIR'),
(5096,'6472','SUNGAI KUNJANG'),
(5097,'6472','SAMARINDA ULU'),
(5098,'6472','SAMARINDA UTARA'),
(5099,'6472','SUNGAI PINANG'),
(5100,'6474','BONTANG SELATAN'),
(5101,'6474','BONTANG UTARA'),
(5102,'6474','BONTANG BARAT'),
(5103,'6501','SUNGAI BOH'),
(5104,'6501','KAYAN SELATAN'),
(5105,'6501','KAYAN HULU'),
(5106,'6501','KAYAN HILIR'),
(5107,'6501','PUJUNGAN'),
(5108,'6501','BAHAU HULU'),
(5109,'6501','SUNGAI TUBU'),
(5110,'6501','MALINAU SELATAN HULU'),
(5111,'6501','MALINAU SELATAN'),
(5112,'6501','MALINAU SELATAN HILIR'),
(5113,'6501','MENTARANG'),
(5114,'6501','MENTARANG HULU'),
(5115,'6501','MALINAU UTARA'),
(5116,'6501','MALINAU BARAT'),
(5117,'6501','MALINAU KOTA'),
(5118,'6502','PESO'),
(5119,'6502','PESO HILIR'),
(5120,'6502','TANJUNG PALAS BARAT'),
(5121,'6502','TANJUNG PALAS'),
(5122,'6502','TANJUNG SELOR'),
(5123,'6502','TANJUNG PALAS TIMUR'),
(5124,'6502','TANJUNG PALAS TENGAH'),
(5125,'6502','TANJUNG PALAS UTARA'),
(5126,'6502','SEKATAK'),
(5127,'6502','BUNYU'),
(5128,'6503','MURUK RIAN'),
(5129,'6503','SESAYAP'),
(5130,'6503','BETAYAU'),
(5131,'6503','SESAYAP HILIR'),
(5132,'6503','TANA LIA'),
(5133,'6504','KRAYAN SELATAN'),
(5134,'6504','KRAYAN'),
(5135,'6504','LUMBIS OGONG'),
(5136,'6504','LUMBIS'),
(5137,'6504','SEMBAKUNG ATULAI'),
(5138,'6504','SEMBAKUNG'),
(5139,'6504','SEBUKU'),
(5140,'6504','TULIN ONSOI'),
(5141,'6504','SEI MENGGARIS'),
(5142,'6504','NUNUKAN'),
(5143,'6504','NUNUKAN SELATAN'),
(5144,'6504','SEBATIK BARAT'),
(5145,'6504','SEBATIK'),
(5146,'6504','SEBATIK TIMUR'),
(5147,'6504','SEBATIK TENGAH'),
(5148,'6504','SEBATIK UTARA'),
(5149,'6571','TARAKAN TIMUR'),
(5150,'6571','TARAKAN TENGAH'),
(5151,'6571','TARAKAN BARAT'),
(5152,'6571','TARAKAN UTARA'),
(5153,'7101','DUMOGA BARAT'),
(5154,'7101','DUMOGA UTARA'),
(5155,'7101','DUMOGA TIMUR'),
(5156,'7101','DUMOGA TENGAH'),
(5157,'7101','DUMOGA TENGGARA'),
(5158,'7101','DUMOGA'),
(5159,'7101','LOLAYAN'),
(5160,'7101','PASSI BARAT'),
(5161,'7101','PASSI TIMUR'),
(5162,'7101','BILALANG'),
(5163,'7101','POIGAR'),
(5164,'7101','BOLAANG'),
(5165,'7101','BOLAANG TIMUR'),
(5166,'7101','LOLAK'),
(5167,'7101','SANGTOMBOLANG'),
(5168,'7102','LANGOWAN TIMUR'),
(5169,'7102','LANGOWAN BARAT'),
(5170,'7102','LANGOWAN SELATAN'),
(5171,'7102','LANGOWAN UTARA'),
(5172,'7102','TOMPASO'),
(5173,'7102','TOMPASO BARAT'),
(5174,'7102','KAWANGKOAN'),
(5175,'7102','KAWANGKOAN BARAT'),
(5176,'7102','KAWANGKOAN UTARA'),
(5177,'7102','SONDER'),
(5178,'7102','TOMBARIRI'),
(5179,'7102','TOMBARIRI TIMUR'),
(5180,'7102','PINELENG'),
(5181,'7102','TOMBULU'),
(5182,'7102','MANDOLANG'),
(5183,'7102','TONDANO BARAT'),
(5184,'7102','TONDANO SELATAN'),
(5185,'7102','REMBOKEN'),
(5186,'7102','KAKAS'),
(5187,'7102','KAKAS BARAT'),
(5188,'7102','LEMBEAN TIMUR'),
(5189,'7102','ERIS'),
(5190,'7102','KOMBI'),
(5191,'7102','TONDANO TIMUR'),
(5192,'7102','TONDANO UTARA'),
(5193,'7103','MANGANITU SELATAN'),
(5194,'7103','TATOARENG'),
(5195,'7103','TAMAKO'),
(5196,'7103','TABUKAN SELATAN'),
(5197,'7103','TABUKAN SELATAN TENGAH'),
(5198,'7103','TABUKAN SELATAN TENGGARA'),
(5199,'7103','TABUKAN TENGAH'),
(5200,'7103','MANGANITU'),
(5201,'7103','TAHUNA'),
(5202,'7103','TAHUNA TIMUR'),
(5203,'7103','TAHUNA BARAT'),
(5204,'7103','TABUKAN UTARA'),
(5205,'7103','NUSA TABUKAN'),
(5206,'7103','KEPULAUAN MARORE'),
(5207,'7103','KENDAHE'),
(5208,'7104','KABARUAN'),
(5209,'7104','DAMAU'),
(5210,'7104','LIRUNG'),
(5211,'7104','SALIBABU'),
(5212,'7104','KALONGAN'),
(5213,'7104','MORONGE'),
(5214,'7104','MELONGUANE'),
(5215,'7104','MELONGUANE TIMUR'),
(5216,'7104','BEO'),
(5217,'7104','BEO UTARA'),
(5218,'7104','BEO SELATAN'),
(5219,'7104','RAINIS'),
(5220,'7104','TAMPA NA\'MMA'),
(5221,'7104','PULUTAN'),
(5222,'7104','ESSANG'),
(5223,'7104','ESSANG SELATAN'),
(5224,'7104','GEMEH'),
(5225,'7104','NANUSA'),
(5226,'7104','MIANGAS'),
(5227,'7105','MODOINDING'),
(5228,'7105','TOMPASO BARU'),
(5229,'7105','MAESAAN'),
(5230,'7105','RANOYAPO'),
(5231,'7105','MOTOLING'),
(5232,'7105','KUMELEMBUAI'),
(5233,'7105','MOTOLING BARAT'),
(5234,'7105','MOTOLING TIMUR'),
(5235,'7105','SINONSAYANG'),
(5236,'7105','TENGA'),
(5237,'7105','AMURANG'),
(5238,'7105','AMURANG BARAT'),
(5239,'7105','AMURANG TIMUR'),
(5240,'7105','TARERAN'),
(5241,'7105','SULTA'),
(5242,'7105','TUMPAAN'),
(5243,'7105','TATAPAAN'),
(5244,'7106','KEMA'),
(5245,'7106','KAUDITAN'),
(5246,'7106','AIRMADIDI'),
(5247,'7106','KALAWAT'),
(5248,'7106','DIMEMBE'),
(5249,'7106','TALAWAAN'),
(5250,'7106','WORI'),
(5251,'7106','LIKUPANG BARAT'),
(5252,'7106','LIKUPANG TIMUR'),
(5253,'7106','LIKUPANG SELATAN'),
(5254,'7107','SANGKUB'),
(5255,'7107','BINTAUNA'),
(5256,'7107','BOLANG ITANG TIMUR'),
(5257,'7107','BOLANG ITANG BARAT'),
(5258,'7107','KAIDIPANG'),
(5259,'7107','PINOGALUMAN'),
(5260,'7108','BIARO'),
(5261,'7108','TAGULANDANG SELATAN'),
(5262,'7108','TAGULANDANG'),
(5263,'7108','TAGULANDANG UTARA'),
(5264,'7108','SIAU BARAT SELATAN'),
(5265,'7108','SIAU TIMUR SELATAN'),
(5266,'7108','SIAU BARAT'),
(5267,'7108','SIAU TENGAH'),
(5268,'7108','SIAU TIMUR'),
(5269,'7108','SIAU BARAT UTARA'),
(5270,'7109','RATATOTOK'),
(5271,'7109','PUSOMAEN'),
(5272,'7109','BELANG'),
(5273,'7109','RATAHAN'),
(5274,'7109','PASAN'),
(5275,'7109','RATAHAN TIMUR'),
(5276,'7109','TOMBATU'),
(5277,'7109','TOMBATU TIMUR'),
(5278,'7109','TOMBATU UTARA'),
(5279,'7109','TOULUAAN'),
(5280,'7109','TOULUAAN SELATAN'),
(5281,'7109','SILIAN RAYA'),
(5282,'7110','POSIGADAN'),
(5283,'7110','BOLANG UKI'),
(5284,'7110','HELUMO'),
(5285,'7110','PINOLOSIAN'),
(5286,'7110','PINOLOSIAN TENGAH'),
(5287,'7110','PINOLOSIAN TIMUR'),
(5288,'7111','NUANGAN'),
(5289,'7111','MOTONGKAD'),
(5290,'7111','TUTUYAN'),
(5291,'7111','KOTABUNAN'),
(5292,'7111','MODAYAG'),
(5293,'7111','MOOAT'),
(5294,'7111','MODAYAG BARAT'),
(5295,'7171','MALALAYANG'),
(5296,'7171','SARIO'),
(5297,'7171','WANEA'),
(5298,'7171','WENANG'),
(5299,'7171','TIKALA'),
(5300,'7171','PAAL DUA'),
(5301,'7171','MAPANGET'),
(5302,'7171','SINGKIL'),
(5303,'7171','TUMINTING'),
(5304,'7171','BUNAKEN'),
(5305,'7171','BUNAKEN KEPULAUAN'),
(5306,'7172','MADIDIR'),
(5307,'7172','MATUARI'),
(5308,'7172','GIRIAN'),
(5309,'7172','LEMBEH SELATAN'),
(5310,'7172','LEMBEH UTARA'),
(5311,'7172','AERTEMBAGA'),
(5312,'7172','MAESA'),
(5313,'7172','RANOWULU'),
(5314,'7173','TOMOHON SELATAN'),
(5315,'7173','TOMOHON TENGAH'),
(5316,'7173','TOMOHON TIMUR'),
(5317,'7173','TOMOHON BARAT'),
(5318,'7173','TOMOHON UTARA'),
(5319,'7174','KOTAMOBAGU SELATAN'),
(5320,'7174','KOTAMOBAGU TIMUR'),
(5321,'7174','KOTAMOBAGU BARAT'),
(5322,'7174','KOTAMOBAGU UTARA'),
(5323,'7201','TOTIKUM'),
(5324,'7201','TOTIKUM SELATAN'),
(5325,'7201','TINANGKUNG'),
(5326,'7201','TINANGKUNG SELATAN'),
(5327,'7201','TINANGKUNG UTARA'),
(5328,'7201','LIANG'),
(5329,'7201','PELING TENGAH'),
(5330,'7201','BULAGI'),
(5331,'7201','BULAGI SELATAN'),
(5332,'7201','BULAGI UTARA'),
(5333,'7201','BUKO'),
(5334,'7201','BUKO SELATAN'),
(5335,'7202','TOILI'),
(5336,'7202','TOILI BARAT'),
(5337,'7202','MOILONG'),
(5338,'7202','BATUI'),
(5339,'7202','BATUI SELATAN'),
(5340,'7202','BUNTA'),
(5341,'7202','NUHON'),
(5342,'7202','SIMPANG RAYA'),
(5343,'7202','KINTOM'),
(5344,'7202','LUWUK'),
(5345,'7202','LUWUK TIMUR'),
(5346,'7202','LUWUK UTARA'),
(5347,'7202','LUWUK SELATAN'),
(5348,'7202','NAMBO'),
(5349,'7202','PAGIMANA'),
(5350,'7202','BUALEMO'),
(5351,'7202','LOBU'),
(5352,'7202','LAMALA'),
(5353,'7202','MASAMA'),
(5354,'7202','MANTOH'),
(5355,'7202','BALANTAK'),
(5356,'7202','BALANTAK SELATAN'),
(5357,'7202','BALANTAK UTARA'),
(5358,'7203','MENUI KEPULAUAN'),
(5359,'7203','BUNGKU SELATAN'),
(5360,'7203','BAHODOPI'),
(5361,'7203','BUNGKU PESISIR'),
(5362,'7203','BUNGKU TENGAH'),
(5363,'7203','BUNGKU TIMUR'),
(5364,'7203','BUNGKU BARAT'),
(5365,'7203','BUMI RAYA'),
(5366,'7203','WITA PONDA'),
(5367,'7204','PAMONA SELATAN'),
(5368,'7204','PAMONA BARAT'),
(5369,'7204','PAMONA TENGGARA'),
(5370,'7204','LORE SELATAN'),
(5371,'7204','LORE BARAT'),
(5372,'7204','PAMONA PUSALEMBA'),
(5373,'7204','PAMONA TIMUR'),
(5374,'7204','PAMONA UTARA'),
(5375,'7204','LORE UTARA'),
(5376,'7204','LORE TENGAH'),
(5377,'7204','LORE TIMUR'),
(5378,'7204','LORE PEORE'),
(5379,'7204','POSO PESISIR'),
(5380,'7204','POSO PESISIR SELATAN'),
(5381,'7204','POSO PESISIR UTARA'),
(5382,'7204','LAGE'),
(5383,'7204','POSO KOTA'),
(5384,'7204','POSO KOTA UTARA'),
(5385,'7204','POSO KOTA SELATAN'),
(5386,'7205','RIO PAKAVA'),
(5387,'7205','PINEMBANI'),
(5388,'7205','BANAWA'),
(5389,'7205','BANAWA SELATAN'),
(5390,'7205','BANAWA TENGAH'),
(5391,'7205','LABUAN'),
(5392,'7205','TANANTOVEA'),
(5393,'7205','SINDUE'),
(5394,'7205','SINDUE TOMBUSABORA'),
(5395,'7205','SINDUE TOBATA'),
(5396,'7205','SIRENJA'),
(5397,'7205','BALAESANG'),
(5398,'7205','BALAESANG TANJUNG'),
(5399,'7205','DAMPELAS'),
(5400,'7205','SOJOL'),
(5401,'7205','SOJOL UTARA'),
(5402,'7206','DAMPAL SELATAN'),
(5403,'7206','DAMPAL UTARA'),
(5404,'7206','DONDO'),
(5405,'7206','OGODEIDE'),
(5406,'7206','BASIDONDO'),
(5407,'7206','BAOLAN'),
(5408,'7206','LAMPASIO'),
(5409,'7206','GALANG'),
(5410,'7206','TOLITOLI UTARA'),
(5411,'7206','DAKO PAMEAN'),
(5412,'7207','LAKEA'),
(5413,'7207','BIAU'),
(5414,'7207','KARAMAT'),
(5415,'7207','MOMUNU'),
(5416,'7207','TILOAN'),
(5417,'7207','BOKAT'),
(5418,'7207','BUKAL'),
(5419,'7207','BUNOBOGU'),
(5420,'7207','GADUNG'),
(5421,'7207','PALELEH'),
(5422,'7207','PALELEH BARAT'),
(5423,'7208','SAUSU'),
(5424,'7208','TORUE'),
(5425,'7208','BALINGGI'),
(5426,'7208','PARIGI'),
(5427,'7208','PARIGI SELATAN'),
(5428,'7208','PARIGI BARAT'),
(5429,'7208','PARIGI UTARA'),
(5430,'7208','PARIGI TENGAH'),
(5431,'7208','AMPIBABO'),
(5432,'7208','KASIMBAR'),
(5433,'7208','TORIBULU'),
(5434,'7208','SINIU'),
(5435,'7208','TINOMBO'),
(5436,'7208','TINOMBO SELATAN'),
(5437,'7208','SIDOAN'),
(5438,'7208','TOMINI'),
(5439,'7208','MEPANGA'),
(5440,'7208','PALASA'),
(5441,'7208','MOUTONG'),
(5442,'7208','BOLANO LAMBUNU'),
(5443,'7208','TAOPA'),
(5444,'7208','BOLANO'),
(5445,'7208','ONGKA MALINO'),
(5446,'7209','TOJO BARAT'),
(5447,'7209','TOJO'),
(5448,'7209','ULUBONGKA'),
(5449,'7209','AMPANA TETE'),
(5450,'7209','AMPANA KOTA'),
(5451,'7209','RATOLINDO'),
(5452,'7209','UNA - UNA'),
(5453,'7209','BATUDAKA'),
(5454,'7209','TOGEAN'),
(5455,'7209','WALEA KEPULAUAN'),
(5456,'7209','WALEA BESAR'),
(5457,'7209','TALATAKO'),
(5458,'7210','PIPIKORO'),
(5459,'7210','KULAWI SELATAN'),
(5460,'7210','KULAWI'),
(5461,'7210','LINDU'),
(5462,'7210','NOKILALAKI'),
(5463,'7210','PALOLO'),
(5464,'7210','GUMBASA'),
(5465,'7210','DOLO SELATAN'),
(5466,'7210','DOLO BARAT'),
(5467,'7210','TANAMBULAVA'),
(5468,'7210','DOLO'),
(5469,'7210','SIGI BIROMARU'),
(5470,'7210','MARAWOLA'),
(5471,'7210','MARAWOLA BARAT'),
(5472,'7210','KINOVARO'),
(5473,'7211','BANGKURUNG'),
(5474,'7211','LABOBO'),
(5475,'7211','BANGGAI UTARA'),
(5476,'7211','BANGGAI'),
(5477,'7211','BANGGAI TENGAH'),
(5478,'7211','BANGGAI SELATAN'),
(5479,'7211','BOKAN KEPULAUAN'),
(5480,'7212','MORI ATAS'),
(5481,'7212','LEMBO'),
(5482,'7212','LEMBO RAYA'),
(5483,'7212','PETASIA TIMUR'),
(5484,'7212','PETASIA'),
(5485,'7212','PETASIA BARAT'),
(5486,'7212','MORI UTARA'),
(5487,'7212','SOYO JAYA'),
(5488,'7212','BUNGKU UTARA'),
(5489,'7212','MAMOSALATO'),
(5490,'7271','PALU BARAT'),
(5491,'7271','TATANGA'),
(5492,'7271','ULUJADI'),
(5493,'7271','PALU SELATAN'),
(5494,'7271','PALU TIMUR'),
(5495,'7271','MANTIKULORE'),
(5496,'7271','PALU UTARA'),
(5497,'7271','TAWAELI'),
(5498,'7301','PASIMARANNU'),
(5499,'7301','PASILAMBENA'),
(5500,'7301','PASIMASSUNGGU'),
(5501,'7301','TAKABONERATE'),
(5502,'7301','PASIMASSUNGGU TIMUR'),
(5503,'7301','BONTOSIKUYU'),
(5504,'7301','BONTOHARU'),
(5505,'7301','BENTENG'),
(5506,'7301','BONTOMANAI'),
(5507,'7301','BONTOMATENE'),
(5508,'7301','BUKI'),
(5509,'7302','GANTARANG'),
(5510,'7302','UJUNG BULU'),
(5511,'7302','UJUNG LOE'),
(5512,'7302','BONTO BAHARI'),
(5513,'7302','BONTOTIRO'),
(5514,'7302','HERO LANGE-LANGE'),
(5515,'7302','KAJANG'),
(5516,'7302','BULUKUMPA'),
(5517,'7302','RILAU ALE'),
(5518,'7302','KINDANG'),
(5519,'7303','BISSAPPU'),
(5520,'7303','ULUERE'),
(5521,'7303','SINOA'),
(5522,'7303','BANTAENG'),
(5523,'7303','EREMERASA'),
(5524,'7303','TOMPOBULU'),
(5525,'7303','PA\'JUKUKANG'),
(5526,'7303','GANTARANGKEKE'),
(5527,'7304','BANGKALA'),
(5528,'7304','BANGKALA BARAT'),
(5529,'7304','TAMALATEA'),
(5530,'7304','BONTORAMBA'),
(5531,'7304','BINAMU'),
(5532,'7304','TURATEA'),
(5533,'7304','BATANG'),
(5534,'7304','ARUNGKEKE'),
(5535,'7304','TAROWANG'),
(5536,'7304','KELARA'),
(5537,'7304','RUMBIA'),
(5538,'7305','MANGARA BOMBANG'),
(5539,'7305','MAPPAKASUNGGU'),
(5540,'7305','SANROBONE'),
(5541,'7305','POLOMBANGKENG SELATAN'),
(5542,'7305','PATTALLASSANG'),
(5543,'7305','POLOMBANGKENG UTARA'),
(5544,'7305','GALESONG SELATAN'),
(5545,'7305','GALESONG'),
(5546,'7305','GALESONG UTARA'),
(5547,'7306','BONTONOMPO'),
(5548,'7306','BONTONOMPO SELATAN'),
(5549,'7306','BAJENG'),
(5550,'7306','BAJENG BARAT'),
(5551,'7306','PALLANGGA'),
(5552,'7306','BAROMBONG'),
(5553,'7306','SOMBA OPU'),
(5554,'7306','BONTOMARANNU'),
(5555,'7306','PATTALLASSANG'),
(5556,'7306','PARANGLOE'),
(5557,'7306','MANUJU'),
(5558,'7306','TINGGIMONCONG'),
(5559,'7306','TOMBOLO PAO'),
(5560,'7306','PARIGI'),
(5561,'7306','BUNGAYA'),
(5562,'7306','BONTOLEMPANGAN'),
(5563,'7306','TOMPOBULU'),
(5564,'7306','BIRINGBULU'),
(5565,'7307','SINJAI BARAT'),
(5566,'7307','SINJAI BORONG'),
(5567,'7307','SINJAI SELATAN'),
(5568,'7307','TELLU LIMPOE'),
(5569,'7307','SINJAI TIMUR'),
(5570,'7307','SINJAI TENGAH'),
(5571,'7307','SINJAI UTARA'),
(5572,'7307','BULUPODDO'),
(5573,'7307','PULAU SEMBILAN'),
(5574,'7308','MANDAI'),
(5575,'7308','MONCONGLOE'),
(5576,'7308','MAROS BARU'),
(5577,'7308','MARUSU'),
(5578,'7308','TURIKALE'),
(5579,'7308','LAU'),
(5580,'7308','BONTOA'),
(5581,'7308','BANTIMURUNG'),
(5582,'7308','SIMBANG'),
(5583,'7308','TANRALILI'),
(5584,'7308','TOMPU BULU'),
(5585,'7308','CAMBA'),
(5586,'7308','CENRANA'),
(5587,'7308','MALLAWA'),
(5588,'7309','LIUKANG TANGAYA'),
(5589,'7309','LIUKANG KALMAS'),
(5590,'7309','LIUKANG TUPABBIRING'),
(5591,'7309','LIUKANG TUPABBIRING UTARA'),
(5592,'7309','PANGKAJENE'),
(5593,'7309','MINASATENE'),
(5594,'7309','BALOCCI'),
(5595,'7309','TONDONG TALLASA'),
(5596,'7309','BUNGORO'),
(5597,'7309','LABAKKANG'),
(5598,'7309','MA\'RANG'),
(5599,'7309','SEGERI'),
(5600,'7309','MANDALLE'),
(5601,'7310','TANETE RIAJA'),
(5602,'7310','PUJANANTING'),
(5603,'7310','TANETE RILAU'),
(5604,'7310','BARRU'),
(5605,'7310','SOPPENG RIAJA'),
(5606,'7310','BALUSU'),
(5607,'7310','MALLUSETASI'),
(5608,'7311','BONTOCANI'),
(5609,'7311','KAHU'),
(5610,'7311','KAJUARA'),
(5611,'7311','SALOMEKKO'),
(5612,'7311','TONRA'),
(5613,'7311','PATIMPENG'),
(5614,'7311','LIBURENG'),
(5615,'7311','MARE'),
(5616,'7311','SIBULUE'),
(5617,'7311','CINA'),
(5618,'7311','BAREBBO'),
(5619,'7311','PONRE'),
(5620,'7311','LAPPARIAJA'),
(5621,'7311','LAMURU'),
(5622,'7311','TELLU LIMPOE'),
(5623,'7311','BENGO'),
(5624,'7311','ULAWENG'),
(5625,'7311','PALAKKA'),
(5626,'7311','AWANGPONE'),
(5627,'7311','TELLU SIATTINGE'),
(5628,'7311','AMALI'),
(5629,'7311','AJANGALE'),
(5630,'7311','DUA BOCCOE'),
(5631,'7311','CENRANA'),
(5632,'7311','TANETE RIATTANG BARAT'),
(5633,'7311','TANETE RIATTANG'),
(5634,'7311','TANETE RIATTANG TIMUR'),
(5635,'7312','MARIO RIWAWO'),
(5636,'7312','LALABATA'),
(5637,'7312','LILI RIAJA'),
(5638,'7312','GANRA'),
(5639,'7312','CITTA'),
(5640,'7312','LILI RILAU'),
(5641,'7312','DONRI DONRI'),
(5642,'7312','MARIO RIAWA'),
(5643,'7313','SABBANG PARU'),
(5644,'7313','TEMPE'),
(5645,'7313','PAMMANA'),
(5646,'7313','BOLA'),
(5647,'7313','TAKKALALLA'),
(5648,'7313','SAJOANGING'),
(5649,'7313','PENRANG'),
(5650,'7313','MAJAULENG'),
(5651,'7313','TANA SITOLO'),
(5652,'7313','BELAWA'),
(5653,'7313','MANIANG PAJO'),
(5654,'7313','GILIRENG'),
(5655,'7313','KEERA'),
(5656,'7313','PITUMPANUA'),
(5657,'7314','PANCA LAUTANG'),
(5658,'7314','TELLULIMPO E'),
(5659,'7314','WATANG PULU'),
(5660,'7314','BARANTI'),
(5661,'7314','PANCA RIJANG'),
(5662,'7314','KULO'),
(5663,'7314','MARITENGNGAE'),
(5664,'7314','WATANG SIDENRENG'),
(5665,'7314','PITU RIAWA'),
(5666,'7314','DUAPITUE'),
(5667,'7314','PITU RIASE'),
(5668,'7315','SUPPA'),
(5669,'7315','MATTIROSOMPE'),
(5670,'7315','LANRISANG'),
(5671,'7315','MATTIRO BULU'),
(5672,'7315','WATANG SAWITTO'),
(5673,'7315','PALETEANG'),
(5674,'7315','TIROANG'),
(5675,'7315','PATAMPANUA'),
(5676,'7315','CEMPA'),
(5677,'7315','DUAMPANUA'),
(5678,'7315','BATULAPPA'),
(5679,'7315','LEMBANG'),
(5680,'7316','MAIWA'),
(5681,'7316','BUNGIN'),
(5682,'7316','ENREKANG'),
(5683,'7316','CENDANA'),
(5684,'7316','BARAKA'),
(5685,'7316','BUNTU BATU'),
(5686,'7316','ANGGERAJA'),
(5687,'7316','MALUA'),
(5688,'7316','ALLA'),
(5689,'7316','CURIO'),
(5690,'7316','MASALLE'),
(5691,'7316','BAROKO'),
(5692,'7317','LAROMPONG'),
(5693,'7317','LAROMPONG SELATAN'),
(5694,'7317','SULI'),
(5695,'7317','SULI BARAT'),
(5696,'7317','BELOPA'),
(5697,'7317','KAMANRE'),
(5698,'7317','BELOPA UTARA'),
(5699,'7317','BAJO'),
(5700,'7317','BAJO BARAT'),
(5701,'7317','BASSESANGTEMPE'),
(5702,'7317','LATIMOJONG'),
(5703,'7317','BASSESANGTEMPE UTARA'),
(5704,'7317','BUPON'),
(5705,'7317','PONRANG'),
(5706,'7317','PONRANG SELATAN'),
(5707,'7317','BUA'),
(5708,'7317','WALENRANG'),
(5709,'7317','WALENRANG TIMUR'),
(5710,'7317','LAMASI'),
(5711,'7317','WALENRANG UTARA'),
(5712,'7317','WALENRANG BARAT'),
(5713,'7317','LAMASI TIMUR'),
(5714,'7318','BONGGAKARADENG'),
(5715,'7318','SIMBUANG'),
(5716,'7318','RANO'),
(5717,'7318','MAPPAK'),
(5718,'7318','MENGKENDEK'),
(5719,'7318','GANDANG BATU SILANAN'),
(5720,'7318','SANGALLA'),
(5721,'7318','SANGALA SELATAN'),
(5722,'7318','SANGALLA UTARA'),
(5723,'7318','MAKALE'),
(5724,'7318','MAKALE SELATAN'),
(5725,'7318','MAKALE UTARA'),
(5726,'7318','SALUPUTTI'),
(5727,'7318','BITTUANG'),
(5728,'7318','REMBON'),
(5729,'7318','MASANDA'),
(5730,'7318','MALIMBONG BALEPE'),
(5731,'7318','RANTETAYO'),
(5732,'7318','KURRA'),
(5733,'7322','SABBANG'),
(5734,'7322','BAEBUNTA'),
(5735,'7322','MALANGKE'),
(5736,'7322','MALANGKE BARAT'),
(5737,'7322','SUKAMAJU'),
(5738,'7322','BONE-BONE'),
(5739,'7322','TANA LILI'),
(5740,'7322','MASAMBA'),
(5741,'7322','MAPPEDECENG'),
(5742,'7322','RAMPI'),
(5743,'7322','LIMBONG'),
(5744,'7322','SEKO'),
(5745,'7325','BURAU'),
(5746,'7325','WOTU'),
(5747,'7325','TOMONI'),
(5748,'7325','TOMONI TIMUR'),
(5749,'7325','ANGKONA'),
(5750,'7325','MALILI'),
(5751,'7325','TOWUTI'),
(5752,'7325','NUHA'),
(5753,'7325','WASUPONDA'),
(5754,'7325','MANGKUTANA'),
(5755,'7325','KALAENA'),
(5756,'7326','SOPAI'),
(5757,'7326','KESU'),
(5758,'7326','SANGGALANGI'),
(5759,'7326','BUNTAO'),
(5760,'7326','RANTEBUA'),
(5761,'7326','NANGGALA'),
(5762,'7326','TONDON'),
(5763,'7326','TALLUNGLIPU'),
(5764,'7326','RANTEPAO'),
(5765,'7326','TIKALA'),
(5766,'7326','SESEAN'),
(5767,'7326','BALUSU'),
(5768,'7326','SA\'DAN'),
(5769,'7326','BENGKELEKILA'),
(5770,'7326','SESEAN SULOARA'),
(5771,'7326','KAPALA PITU'),
(5772,'7326','DENDE PIONGAN NAPO'),
(5773,'7326','AWAN RANTE KARUA'),
(5774,'7326','RINDINGALO'),
(5775,'7326','BUNTU PEPASAN'),
(5776,'7326','BARUPPU'),
(5777,'7371','MARISO'),
(5778,'7371','MAMAJANG'),
(5779,'7371','TAMALATE'),
(5780,'7371','RAPPOCINI'),
(5781,'7371','MAKASSAR'),
(5782,'7371','UJUNG PANDANG'),
(5783,'7371','WAJO'),
(5784,'7371','BONTOALA'),
(5785,'7371','UJUNG TANAH'),
(5786,'7371','TALLO'),
(5787,'7371','PANAKKUKANG'),
(5788,'7371','MANGGALA'),
(5789,'7371','BIRING KANAYA'),
(5790,'7371','TAMALANREA'),
(5791,'7372','BACUKIKI'),
(5792,'7372','BACUKIKI BARAT'),
(5793,'7372','UJUNG'),
(5794,'7372','SOREANG'),
(5795,'7373','WARA SELATAN'),
(5796,'7373','SENDANA'),
(5797,'7373','WARA'),
(5798,'7373','WARA TIMUR'),
(5799,'7373','MUNGKAJANG'),
(5800,'7373','WARA UTARA'),
(5801,'7373','BARA'),
(5802,'7373','TELLUWANUA'),
(5803,'7373','WARA BARAT'),
(5804,'7401','LASALIMU'),
(5805,'7401','LASALIMU SELATAN'),
(5806,'7401','SIONTAPINA'),
(5807,'7401','PASAR WAJO'),
(5808,'7401','WOLOWA'),
(5809,'7401','WABULA'),
(5810,'7401','KAPONTORI'),
(5811,'7402','TONGKUNO'),
(5812,'7402','TONGKUNO SELATAN'),
(5813,'7402','PARIGI'),
(5814,'7402','BONE'),
(5815,'7402','MAROBO'),
(5816,'7402','KABAWO'),
(5817,'7402','KABANGKA'),
(5818,'7402','KONTUKOWUNA'),
(5819,'7402','KONTUNAGA'),
(5820,'7402','WATOPUTE'),
(5821,'7402','KATOBU'),
(5822,'7402','LOHIA'),
(5823,'7402','DURUKA'),
(5824,'7402','BATALAIWORU'),
(5825,'7402','NAPABALANO'),
(5826,'7402','LASALEPA'),
(5827,'7402','TOWEA'),
(5828,'7402','WAKORUMBA SELATAN'),
(5829,'7402','PASIR PUTIH'),
(5830,'7402','PASI KOLAGA'),
(5831,'7402','MALIGANO'),
(5832,'7402','BATUKARA'),
(5833,'7403','SOROPIA'),
(5834,'7403','LALONGGASUMEETO'),
(5835,'7403','SAMPARA'),
(5836,'7403','BONDOALA'),
(5837,'7403','BESULUTU'),
(5838,'7403','KAPOIALA'),
(5839,'7403','ANGGALOMOARE'),
(5840,'7403','MOROSI'),
(5841,'7403','LAMBUYA'),
(5842,'7403','UEPAI'),
(5843,'7403','PURIALA'),
(5844,'7403','ONEMBUTE'),
(5845,'7403','PONDIDAHA'),
(5846,'7403','WONGGEDUKU'),
(5847,'7403','AMONGGEDO'),
(5848,'7403','WONGGEDUKU BARAT'),
(5849,'7403','WAWOTOBI'),
(5850,'7403','MELUHU'),
(5851,'7403','KONAWE'),
(5852,'7403','UNAAHA'),
(5853,'7403','ANGGABERI'),
(5854,'7403','ABUKI'),
(5855,'7403','LATOMA'),
(5856,'7403','TONGAUNA'),
(5857,'7403','ASINUA'),
(5858,'7403','PADANGGUNI'),
(5859,'7403','TONGAUNA UTARA'),
(5860,'7403','ROUTA'),
(5861,'7404','WATUBANGGA'),
(5862,'7404','TANGGETADA'),
(5863,'7404','TOARI'),
(5864,'7404','POLINGGONA'),
(5865,'7404','POMALAA'),
(5866,'7404','WUNDULAKO'),
(5867,'7404','BAULA'),
(5868,'7404','KOLAKA'),
(5869,'7404','LATAMBAGA'),
(5870,'7404','WOLO'),
(5871,'7404','SAMATURU'),
(5872,'7404','IWOIMENDAA'),
(5873,'7405','TINANGGEA'),
(5874,'7405','LALEMBUU'),
(5875,'7405','ANDOOLO'),
(5876,'7405','BUKE'),
(5877,'7405','ANDOOLO BARAT'),
(5878,'7405','PALANGGA'),
(5879,'7405','PALANGGA SELATAN'),
(5880,'7405','BAITO'),
(5881,'7405','LAINEA'),
(5882,'7405','LAEYA'),
(5883,'7405','KOLONO'),
(5884,'7405','KOLONO TIMUR'),
(5885,'7405','LAONTI'),
(5886,'7405','MORAMO'),
(5887,'7405','MORAMO UTARA'),
(5888,'7405','KONDA'),
(5889,'7405','WOLASI'),
(5890,'7405','RANOMEETO'),
(5891,'7405','RANOMEETO BARAT'),
(5892,'7405','LANDONO'),
(5893,'7405','MOWILA'),
(5894,'7405','SABULAKOA'),
(5895,'7405','ANGATA'),
(5896,'7405','BENUA'),
(5897,'7405','BASALA'),
(5898,'7406','KABAENA'),
(5899,'7406','KABAENA UTARA'),
(5900,'7406','KABAENA SELATAN'),
(5901,'7406','KABAENA BARAT'),
(5902,'7406','KABAENA TIMUR'),
(5903,'7406','KABAENA TENGAH'),
(5904,'7406','RUMBIA'),
(5905,'7406','MATA OLEO'),
(5906,'7406','KEP. MASALOKA RAYA'),
(5907,'7406','RUMBIA TENGAH'),
(5908,'7406','RAROWATU'),
(5909,'7406','RAROWATU UTARA'),
(5910,'7406','MATA USU'),
(5911,'7406','LANTARI JAYA'),
(5912,'7406','POLEANG TIMUR'),
(5913,'7406','POLEANG UTARA'),
(5914,'7406','POLEANG SELATAN'),
(5915,'7406','POLEANG TENGGARA'),
(5916,'7406','POLEANG'),
(5917,'7406','POLEANG BARAT'),
(5918,'7406','TONTONUNU'),
(5919,'7406','POLEANG TENGAH'),
(5920,'7407','BINONGKO'),
(5921,'7407','TOGO BINONGKO'),
(5922,'7407','TOMIA'),
(5923,'7407','TOMIA TIMUR'),
(5924,'7407','KALEDUPA'),
(5925,'7407','KALEDUPA SELATAN'),
(5926,'7407','WANGI-WANGI'),
(5927,'7407','WANGI-WANGI SELATAN'),
(5928,'7408','RANTEANGIN'),
(5929,'7408','LAMBAI'),
(5930,'7408','WAWO'),
(5931,'7408','LASUSUA'),
(5932,'7408','KATOI'),
(5933,'7408','KODEOHA'),
(5934,'7408','TIWU'),
(5935,'7408','NGAPA'),
(5936,'7408','WATUNOHU'),
(5937,'7408','PAKUE'),
(5938,'7408','PAKUE UTARA'),
(5939,'7408','PAKUE TENGAH'),
(5940,'7408','BATU PUTIH'),
(5941,'7408','POREHU'),
(5942,'7408','TOLALA'),
(5943,'7409','BONEGUNU'),
(5944,'7409','KAMBOWA'),
(5945,'7409','WAKORUMBA'),
(5946,'7409','KULISUSU'),
(5947,'7409','KULISUSU BARAT'),
(5948,'7409','KULISUSU UTARA'),
(5949,'7410','SAWA'),
(5950,'7410','MOTUI'),
(5951,'7410','LEMBO'),
(5952,'7410','LASOLO'),
(5953,'7410','MOLAWE'),
(5954,'7410','ASERA'),
(5955,'7410','ANDOWIA'),
(5956,'7410','OHEO'),
(5957,'7410','LANGGIKIMA'),
(5958,'7410','WIWIRANO'),
(5959,'7411','AERE'),
(5960,'7411','LAMBANDIA'),
(5961,'7411','POLI-POLIA'),
(5962,'7411','DANGIA'),
(5963,'7411','LADONGI'),
(5964,'7411','LOEA'),
(5965,'7411','TIRAWUTA'),
(5966,'7411','LALOLAE'),
(5967,'7411','MOWEWE'),
(5968,'7411','TINONDO'),
(5969,'7411','ULUIWOI'),
(5970,'7411','UEESI'),
(5971,'7412','WAWONII TENGGARA'),
(5972,'7412','WAWONII TIMUR'),
(5973,'7412','WAWONII TIMUR LAUT'),
(5974,'7412','WAWONII UTARA'),
(5975,'7412','WAWONII SELATAN'),
(5976,'7412','WAWONII TENGAH'),
(5977,'7412','WAWONII BARAT'),
(5978,'7413','TIWORO KEPULAUAN'),
(5979,'7413','MAGINTI'),
(5980,'7413','TIWORO TENGAH'),
(5981,'7413','TIWORO SELATAN'),
(5982,'7413','TIWORO UTARA'),
(5983,'7413','LAWA'),
(5984,'7413','SAWERIGADI'),
(5985,'7413','BARANGKA'),
(5986,'7413','WA DAGA'),
(5987,'7413','KUSAMBI'),
(5988,'7413','NAPANO KUSAMBI'),
(5989,'7414','TALAGA RAYA'),
(5990,'7414','MAWASANGKA'),
(5991,'7414','MAWASANGKA TENGAH'),
(5992,'7414','MAWASANGKA TIMUR'),
(5993,'7414','LAKUDO'),
(5994,'7414','GU'),
(5995,'7414','SANGIA WAMBULU'),
(5996,'7415','BATU ATAS'),
(5997,'7415','LAPANDEWA'),
(5998,'7415','SAMPOLAWA'),
(5999,'7415','BATAUGA'),
(6000,'7415','SIOMPU BARAT'),
(6001,'7415','SIOMPU'),
(6002,'7415','KADATUA'),
(6003,'7471','MANDONGA'),
(6004,'7471','BARUGA'),
(6005,'7471','PUUWATU'),
(6006,'7471','KADIA'),
(6007,'7471','WUA-WUA'),
(6008,'7471','POASIA'),
(6009,'7471','ABELI'),
(6010,'7471','KAMBU'),
(6011,'7471','KENDARI'),
(6012,'7471','KENDARI BARAT'),
(6013,'7472','BETOAMBARI'),
(6014,'7472','MURHUM'),
(6015,'7472','BATUPOARO'),
(6016,'7472','WOLIO'),
(6017,'7472','KOKALUKUNA'),
(6018,'7472','SORAWOLIO'),
(6019,'7472','BUNGI'),
(6020,'7472','LEA-LEA'),
(6021,'7501','MANANGGU'),
(6022,'7501','TILAMUTA'),
(6023,'7501','DULUPI'),
(6024,'7501','BOTUMOITO'),
(6025,'7501','PAGUYAMAN'),
(6026,'7501','WONOSARI'),
(6027,'7501','PAGUYAMAN PANTAI'),
(6028,'7502','BATUDAA PANTAI'),
(6029,'7502','BILUHU'),
(6030,'7502','BATUDAA'),
(6031,'7502','BONGOMEME'),
(6032,'7502','TABONGO'),
(6033,'7502','DUNGALIYO'),
(6034,'7502','TIBAWA'),
(6035,'7502','PULUBALA'),
(6036,'7502','BOLIYOHUTO'),
(6037,'7502','MOOTILANGO'),
(6038,'7502','TOLANGOHULA'),
(6039,'7502','ASPARAGA'),
(6040,'7502','BILATO'),
(6041,'7502','LIMBOTO'),
(6042,'7502','LIMBOTO BARAT'),
(6043,'7502','TELAGA'),
(6044,'7502','TELAGA BIRU'),
(6045,'7502','TILANGO'),
(6046,'7502','TELAGA JAYA'),
(6047,'7503','POPAYATO'),
(6048,'7503','POPAYATO BARAT'),
(6049,'7503','POPAYATO TIMUR'),
(6050,'7503','LEMITO'),
(6051,'7503','WANGGARASI'),
(6052,'7503','MARISA'),
(6053,'7503','PATILANGGIO'),
(6054,'7503','BUNTULIA'),
(6055,'7503','DUHIADAA'),
(6056,'7503','RANDANGAN'),
(6057,'7503','TALUDITI'),
(6058,'7503','PAGUAT'),
(6059,'7503','DENGILO'),
(6060,'7504','TAPA'),
(6061,'7504','BULANGO UTARA'),
(6062,'7504','BULANGO SELATAN'),
(6063,'7504','BULANGO TIMUR'),
(6064,'7504','BULANGO ULU'),
(6065,'7504','KABILA'),
(6066,'7504','BOTU PINGGE'),
(6067,'7504','TILONGKABILA'),
(6068,'7504','SUWAWA'),
(6069,'7504','SUWAWA SELATAN'),
(6070,'7504','SUWAWA TIMUR'),
(6071,'7504','SUWAWA TENGAH'),
(6072,'7504','PINOGU'),
(6073,'7504','BONEPANTAI'),
(6074,'7504','KABILA BONE'),
(6075,'7504','BONE RAYA'),
(6076,'7504','BONE'),
(6077,'7504','BULAWA'),
(6078,'7505','ATINGGOLA'),
(6079,'7505','GENTUMA RAYA'),
(6080,'7505','KWANDANG'),
(6081,'7505','TOMILITO'),
(6082,'7505','PONELO KEPULAUAN'),
(6083,'7505','ANGGREK'),
(6084,'7505','MONANO'),
(6085,'7505','SUMALATA'),
(6086,'7505','SUMALATA TIMUR'),
(6087,'7505','TOLINGGULA'),
(6088,'7505','BIAU'),
(6089,'7571','KOTA BARAT'),
(6090,'7571','DUNGINGI'),
(6091,'7571','KOTA SELATAN'),
(6092,'7571','KOTA TIMUR'),
(6093,'7571','HULONTHALANGI'),
(6094,'7571','DUMBO RAYA'),
(6095,'7571','KOTA UTARA'),
(6096,'7571','KOTA TENGAH'),
(6097,'7571','SIPATANA'),
(6098,'7601','BANGGAE'),
(6099,'7601','BANGGAE TIMUR'),
(6100,'7601','PAMBOANG'),
(6101,'7601','SENDANA'),
(6102,'7601','TAMMERODO'),
(6103,'7601','TUBO SENDANA'),
(6104,'7601','MALUNDA'),
(6105,'7601','ULUMANDA'),
(6106,'7602','TINAMBUNG'),
(6107,'7602','BALANIPA'),
(6108,'7602','LIMBORO'),
(6109,'7602','TUBBI TARAMANU'),
(6110,'7602','ALU'),
(6111,'7602','CAMPALAGIAN'),
(6112,'7602','LUYO'),
(6113,'7602','WONOMULYO'),
(6114,'7602','MAPILLI'),
(6115,'7602','TAPANGO'),
(6116,'7602','MATAKALI'),
(6117,'7602','B U L O'),
(6118,'7602','POLEWALI'),
(6119,'7602','BINUANG'),
(6120,'7602','ANREAPI'),
(6121,'7602','MATANGNGA'),
(6122,'7603','SUMARORONG'),
(6123,'7603','MESSAWA'),
(6124,'7603','PANA'),
(6125,'7603','NOSU'),
(6126,'7603','TABANG'),
(6127,'7603','MAMASA'),
(6128,'7603','TANDUK KALUA'),
(6129,'7603','BALLA'),
(6130,'7603','SESENAPADANG'),
(6131,'7603','TAWALIAN'),
(6132,'7603','MAMBI'),
(6133,'7603','BAMBANG'),
(6134,'7603','RANTEBULAHAN TIMUR'),
(6135,'7603','MEHALAAN'),
(6136,'7603','ARALLE'),
(6137,'7603','BUNTU MALANGKA'),
(6138,'7603','TABULAHAN'),
(6139,'7604','TAPALANG'),
(6140,'7604','TAPALANG BARAT'),
(6141,'7604','MAMUJU'),
(6142,'7604','SIMBORO'),
(6143,'7604','BALABALAKANG'),
(6144,'7604','KALUKKU'),
(6145,'7604','PAPALANG'),
(6146,'7604','SAMPAGA'),
(6147,'7604','TOMMO'),
(6148,'7604','KALUMPANG'),
(6149,'7604','BONEHAU'),
(6150,'7605','SARUDU'),
(6151,'7605','DAPURANG'),
(6152,'7605','DURIPOKU'),
(6153,'7605','BARAS'),
(6154,'7605','BULU TABA'),
(6155,'7605','LARIANG'),
(6156,'7605','PASANGKAYU'),
(6157,'7605','TIKKE RAYA'),
(6158,'7605','PEDONGGA'),
(6159,'7605','BAMBALAMOTU'),
(6160,'7605','BAMBAIRA'),
(6161,'7605','SARJO'),
(6162,'7606','PANGALE'),
(6163,'7606','BUDONG-BUDONG'),
(6164,'7606','TOBADAK'),
(6165,'7606','TOPOYO'),
(6166,'7606','KAROSSA'),
(6167,'8101','TANIMBAR SELATAN'),
(6168,'8101','WER TAMRIAN'),
(6169,'8101','WER MAKTIAN'),
(6170,'8101','SELARU'),
(6171,'8101','TANIMBAR UTARA'),
(6172,'8101','YARU'),
(6173,'8101','WUAR LABOBAR'),
(6174,'8101','NIRUNMAS'),
(6175,'8101','KORMOMOLIN'),
(6176,'8101','MOLU MARU'),
(6177,'8102','KEI KECIL'),
(6178,'8102','KEI KECIL BARAT'),
(6179,'8102','KEI KECIL TIMUR'),
(6180,'8102','HOAT SORBAY'),
(6181,'8102','MANYEUW'),
(6182,'8102','KEI KECIL TIMUR SELATAN'),
(6183,'8102','KEI BESAR'),
(6184,'8102','KEI BESAR UTARA TIMUR'),
(6185,'8102','KEI BESAR SELATAN'),
(6186,'8102','KEI BESAR UTARA BARAT'),
(6187,'8102','KEI BESAR SELATAN BARAT'),
(6188,'8103','BANDA'),
(6189,'8103','TEHORU'),
(6190,'8103','TELUTIH'),
(6191,'8103','AMAHAI'),
(6192,'8103','KOTA MASOHI'),
(6193,'8103','TELUK ELPAPUTIH'),
(6194,'8103','TEON NILA SERUA'),
(6195,'8103','SAPARUA'),
(6196,'8103','NUSALAUT'),
(6197,'8103','SAPARUA TIMUR'),
(6198,'8103','P. HARUKU'),
(6199,'8103','SALAHUTU'),
(6200,'8103','LEIHITU'),
(6201,'8103','LEIHITU BARAT'),
(6202,'8103','SERAM UTARA'),
(6203,'8103','SERAM UTARA BARAT'),
(6204,'8103','SERAM UTARA TIMUR KOBI'),
(6205,'8103','SERAM UTARA TIMUR SETI'),
(6206,'8104','NAMLEA'),
(6207,'8104','WAEAPO'),
(6208,'8104','WAPLAU'),
(6209,'8104','BATA BUAL'),
(6210,'8104','TELUK KAIELY'),
(6211,'8104','WAELATA'),
(6212,'8104','LOLONG GUBA'),
(6213,'8104','LILIALY'),
(6214,'8104','AIR BUAYA'),
(6215,'8104','FENA LEISELA'),
(6216,'8105','ARU SELATAN'),
(6217,'8105','ARU SELATAN TIMUR'),
(6218,'8105','ARU SELATAN UTARA'),
(6219,'8105','ARU TENGAH'),
(6220,'8105','ARU TENGAH TIMUR'),
(6221,'8105','ARU TENGAH SELATAN'),
(6222,'8105','PULAU-PULAU ARU'),
(6223,'8105','ARU UTARA'),
(6224,'8105','ARU UTARA TIMUR BATULEY'),
(6225,'8105','SIR-SIR'),
(6226,'8106','HUAMUAL BELAKANG'),
(6227,'8106','KEPULAUAN MANIPA'),
(6228,'8106','SERAM BARAT'),
(6229,'8106','HUAMUAL'),
(6230,'8106','KAIRATU'),
(6231,'8106','KAIRATU BARAT'),
(6232,'8106','INAMOSOL'),
(6233,'8106','AMALATU'),
(6234,'8106','ELPAPUTIH'),
(6235,'8106','TANIWEL'),
(6236,'8106','TANIWEL TIMUR'),
(6237,'8107','PULAU GOROM'),
(6238,'8107','WAKATE'),
(6239,'8107','TEOR'),
(6240,'8107','GOROM TIMUR'),
(6241,'8107','PULAU PANJANG'),
(6242,'8107','SERAM TIMUR'),
(6243,'8107','TUTUK TOLU'),
(6244,'8107','KILMURY'),
(6245,'8107','LIAN VITU'),
(6246,'8107','KIAN DARAT'),
(6247,'8107','WERINAMA'),
(6248,'8107','SIWALALAT'),
(6249,'8107','BULA'),
(6250,'8107','BULA BARAT'),
(6251,'8107','TELUK WARU'),
(6252,'8108','WETAR'),
(6253,'8108','WETAR BARAT'),
(6254,'8108','WETAR UTARA'),
(6255,'8108','WETAR TIMUR'),
(6256,'8108','PP. TERSELATAN'),
(6257,'8108','KISAR UTARA'),
(6258,'8108','KEPULAUAN ROMANG'),
(6259,'8108','LETTI'),
(6260,'8108','MOA'),
(6261,'8108','LAKOR'),
(6262,'8108','DAMER'),
(6263,'8108','MDONA HIERA'),
(6264,'8108','PP. BABAR'),
(6265,'8108','PULAU WETANG'),
(6266,'8108','BABAR TIMUR'),
(6267,'8108','PULAU MASELA'),
(6268,'8108','DAWELOR DAWERA'),
(6269,'8109','KEPALA MADAN'),
(6270,'8109','LEKSULA'),
(6271,'8109','FENA FAFAN'),
(6272,'8109','NAMROLE'),
(6273,'8109','WAISAMA'),
(6274,'8109','AMBALAU'),
(6275,'8171','NUSANIWE'),
(6276,'8171','SIRIMAU'),
(6277,'8171','LEITIMUR SELATAN'),
(6278,'8171','TELUK AMBON BAGUALA'),
(6279,'8171','TELUK AMBON'),
(6280,'8172','PP. KUR'),
(6281,'8172','KUR SELATAN'),
(6282,'8172','TAYANDO TAM'),
(6283,'8172','PULAU DULLAH UTARA'),
(6284,'8172','PULAU DULLAH SELATAN'),
(6285,'8201','JAILOLO'),
(6286,'8201','JAILOLO SELATAN'),
(6287,'8201','SAHU'),
(6288,'8201','SAHU TIMUR'),
(6289,'8201','IBU'),
(6290,'8201','IBU SELATAN'),
(6291,'8201','TABARU'),
(6292,'8201','LOLODA'),
(6293,'8202','WEDA'),
(6294,'8202','WEDA SELATAN'),
(6295,'8202','WEDA UTARA'),
(6296,'8202','WEDA TENGAH'),
(6297,'8202','WEDA TIMUR'),
(6298,'8202','PULAU GEBE'),
(6299,'8202','PATANI'),
(6300,'8202','PATANI UTARA'),
(6301,'8202','PATANI BARAT'),
(6302,'8202','PATANI TIMUR'),
(6303,'8203','SULA BESI BARAT'),
(6304,'8203','SULABESI SELATAN'),
(6305,'8203','SANANA'),
(6306,'8203','SULA BESI TENGAH'),
(6307,'8203','SULABESI TIMUR'),
(6308,'8203','SANANA UTARA'),
(6309,'8203','MANGOLI TIMUR'),
(6310,'8203','MANGOLI TENGAH'),
(6311,'8203','MANGOLI UTARA TIMUR'),
(6312,'8203','MANGOLI BARAT'),
(6313,'8203','MANGOLI UTARA'),
(6314,'8203','MANGOLI SELATAN'),
(6315,'8204','OBI SELATAN'),
(6316,'8204','OBI'),
(6317,'8204','OBI BARAT'),
(6318,'8204','OBI TIMUR'),
(6319,'8204','OBI UTARA'),
(6320,'8204','BACAN'),
(6321,'8204','MANDIOLI SELATAN'),
(6322,'8204','MANDIOLI UTARA'),
(6323,'8204','BACAN SELATAN'),
(6324,'8204','BATANG LOMANG'),
(6325,'8204','BACAN TIMUR'),
(6326,'8204','BACAN TIMUR SELATAN'),
(6327,'8204','BACAN TIMUR TENGAH'),
(6328,'8204','BACAN BARAT'),
(6329,'8204','KASIRUTA BARAT'),
(6330,'8204','KASIRUTA TIMUR'),
(6331,'8204','BACAN BARAT UTARA'),
(6332,'8204','KAYOA'),
(6333,'8204','KAYOA BARAT'),
(6334,'8204','KAYOA SELATAN'),
(6335,'8204','KAYOA UTARA'),
(6336,'8204','PULAU MAKIAN'),
(6337,'8204','MAKIAN BARAT'),
(6338,'8204','GANE BARAT'),
(6339,'8204','GANE BARAT SELATAN'),
(6340,'8204','GANE BARAT UTARA'),
(6341,'8204','KEPULAUAN JORONGA'),
(6342,'8204','GANE TIMUR'),
(6343,'8204','GANE TIMUR TENGAH'),
(6344,'8204','GANE TIMUR SELATAN'),
(6345,'8205','MALIFUT'),
(6346,'8205','KAO TELUK'),
(6347,'8205','KAO'),
(6348,'8205','KAO BARAT'),
(6349,'8205','KAO UTARA'),
(6350,'8205','TOBELO SELATAN'),
(6351,'8205','TOBELO BARAT'),
(6352,'8205','TOBELO TIMUR'),
(6353,'8205','TOBELO'),
(6354,'8205','TOBELO TENGAH'),
(6355,'8205','TOBELO UTARA'),
(6356,'8205','GALELA'),
(6357,'8205','GALELA SELATAN'),
(6358,'8205','GALELA BARAT'),
(6359,'8205','GALELA UTARA'),
(6360,'8205','LOLODA UTARA'),
(6361,'8205','LOLODA KEPULAUAN'),
(6362,'8206','MABA SELATAN'),
(6363,'8206','KOTA MABA'),
(6364,'8206','WASILE SELATAN'),
(6365,'8206','WASILE'),
(6366,'8206','WASILE TIMUR'),
(6367,'8206','WASILE TENGAH'),
(6368,'8206','WASILE UTARA'),
(6369,'8206','MABA'),
(6370,'8206','MABA TENGAH'),
(6371,'8206','MABA UTARA'),
(6372,'8207','MOROTAI SELATAN'),
(6373,'8207','MOROTAI TIMUR'),
(6374,'8207','MOROTAI SELATAN BARAT'),
(6375,'8207','MOROTAI JAYA'),
(6376,'8207','MOROTAI UTARA'),
(6377,'8208','TALIABU BARAT'),
(6378,'8208','TALIABU SELATAN'),
(6379,'8208','TABONA'),
(6380,'8208','TALIABU TIMUR SELATAN'),
(6381,'8208','TALIABU TIMUR'),
(6382,'8208','TALIABU UTARA'),
(6383,'8208','LEDE'),
(6384,'8208','TALIABU BARAT LAUT'),
(6385,'8271','PULAU TERNATE'),
(6386,'8271','MOTI'),
(6387,'8271','PULAU BATANG DUA'),
(6388,'8271','PULAU HIRI'),
(6389,'8271','TERNATE SELATAN'),
(6390,'8271','TERNATE TENGAH'),
(6391,'8271','TERNATE UTARA'),
(6392,'8272','TIDORE SELATAN'),
(6393,'8272','TIDORE UTARA'),
(6394,'8272','TIDORE'),
(6395,'8272','TIDORE TIMUR'),
(6396,'8272','OBA'),
(6397,'8272','OBA SELATAN'),
(6398,'8272','OBA UTARA'),
(6399,'8272','OBA TENGAH'),
(6400,'9101','FAKFAK TIMUR'),
(6401,'9101','KARAS'),
(6402,'9101','FAKFAK TIMUR TENGAH'),
(6403,'9101','FAKFAK'),
(6404,'9101','FAKFAK TENGAH'),
(6405,'9101','PARIWARI'),
(6406,'9101','FAKFAK BARAT'),
(6407,'9101','WARTUTIN'),
(6408,'9101','KOKAS'),
(6409,'9101','TELUK PATIPI'),
(6410,'9101','KRAMONGMONGGA'),
(6411,'9101','BOMBERAY'),
(6412,'9101','ARGUNI'),
(6413,'9101','MBAHAMDANDARA'),
(6414,'9101','FURWAGI'),
(6415,'9101','KAYAUNI'),
(6416,'9101','TOMAGE'),
(6417,'9102','BURUWAY'),
(6418,'9102','TELUK ARGUNI'),
(6419,'9102','TELUK ARGUNI BAWAH'),
(6420,'9102','KAIMANA'),
(6421,'9102','KAMBRAU'),
(6422,'9102','TELUK ETNA'),
(6423,'9102','YAMOR'),
(6424,'9103','NAIKERE'),
(6425,'9103','WONDIBOY'),
(6426,'9103','RASIEY'),
(6427,'9103','KURI WAMESA'),
(6428,'9103','WASIOR'),
(6429,'9103','DUAIRI'),
(6430,'9103','ROON'),
(6431,'9103','WINDESI'),
(6432,'9103','NIKIWAR'),
(6433,'9103','WAMESA'),
(6434,'9103','ROSWAR'),
(6435,'9103','RUMBERPON'),
(6436,'9103','SOUG JAYA'),
(6437,'9104','FAFURWAR'),
(6438,'9104','BABO'),
(6439,'9104','SUMURI'),
(6440,'9104','AROBA'),
(6441,'9104','KAITARO'),
(6442,'9104','KURI'),
(6443,'9104','WAMESA'),
(6444,'9104','BINTUNI'),
(6445,'9104','MANIMERI'),
(6446,'9104','TUHIBA'),
(6447,'9104','DATARAN BEIMES'),
(6448,'9104','TEMBUNI'),
(6449,'9104','ARANDAY'),
(6450,'9104','KAMUNDAN'),
(6451,'9104','TOMU'),
(6452,'9104','WERIAGAR'),
(6453,'9104','MOSKONA SELATAN'),
(6454,'9104','MEYADO'),
(6455,'9104','MOSKONA BARAT'),
(6456,'9104','MERDEY'),
(6457,'9104','BISCOOP'),
(6458,'9104','MASYETA'),
(6459,'9104','MOSKONA UTARA'),
(6460,'9104','MOSKONA TIMUR'),
(6461,'9105','WARMARE'),
(6462,'9105','PRAFI'),
(6463,'9105','MANOKWARI BARAT'),
(6464,'9105','MANOKWARI TIMUR'),
(6465,'9105','MANOKWARI UTARA'),
(6466,'9105','MANOKWARI SELATAN'),
(6467,'9105','TANAH RUBU'),
(6468,'9105','MASNI'),
(6469,'9105','SIDEY'),
(6470,'9106','INANWATAN'),
(6471,'9106','METEMANI'),
(6472,'9106','KOKODA'),
(6473,'9106','KAIS'),
(6474,'9106','KOKODA UTARA'),
(6475,'9106','KAIS DARAT'),
(6476,'9106','MOSWAREN'),
(6477,'9106','TEMINABUAN'),
(6478,'9106','SEREMUK'),
(6479,'9106','WAYER'),
(6480,'9106','KONDA'),
(6481,'9106','SAIFI'),
(6482,'9106','SAWIAT'),
(6483,'9106','FOKOUR'),
(6484,'9106','SALKMA'),
(6485,'9107','MORAID'),
(6486,'9107','KLASO'),
(6487,'9107','MAKBON'),
(6488,'9107','KLAYILI'),
(6489,'9107','BERAUR'),
(6490,'9107','KLAMONO'),
(6491,'9107','KLABOT'),
(6492,'9107','KLAWAK'),
(6493,'9107','SALAWATI'),
(6494,'9107','MAYAMUK'),
(6495,'9107','SALAWATI TIMUR'),
(6496,'9107','SEGET'),
(6497,'9107','SEGUN'),
(6498,'9107','SALAWATI SELATAN'),
(6499,'9107','AIMAS'),
(6500,'9107','MARIAT'),
(6501,'9107','SORONG'),
(6502,'9107','SAYOSA'),
(6503,'9107','MAUDUS'),
(6504,'9108','MISOOL SELATAN'),
(6505,'9108','MISOOL BARAT'),
(6506,'9108','MISOOL'),
(6507,'9108','KOFIAU'),
(6508,'9108','MISOOL TIMUR'),
(6509,'9108','KEPULAUAN SEMBILAN'),
(6510,'9108','SALAWATI UTARA'),
(6511,'9108','SALAWATI TENGAH'),
(6512,'9108','SALAWATI BARAT'),
(6513,'9108','BATANTA SELATAN'),
(6514,'9108','BATANTA UTARA'),
(6515,'9108','WAIGEO SELATAN'),
(6516,'9108','TELUK MAYALIBIT'),
(6517,'9108','MEOS MANSAR'),
(6518,'9108','KOTA WAISAI'),
(6519,'9108','TIPLOL MAYALIBIT'),
(6520,'9108','WAIGEO BARAT'),
(6521,'9108','WAIGEO BARAT KEPULAUAN'),
(6522,'9108','WAIGEO UTARA'),
(6523,'9108','WARWARBOMI'),
(6524,'9108','SUPNIN'),
(6525,'9108','KEPULAUAN AYAU'),
(6526,'9108','AYAU'),
(6527,'9108','WAIGEO TIMUR'),
(6528,'9109','FEF'),
(6529,'9109','SYUJAK'),
(6530,'9109','MIYAH'),
(6531,'9109','ABUN'),
(6532,'9109','KWOOR'),
(6533,'9109','SAUSAPOR'),
(6534,'9109','YEMBUN'),
(6535,'9109','KEBAR'),
(6536,'9109','SENOPI'),
(6537,'9109','AMBERBAKEN'),
(6538,'9109','MUBARNI / ARFU'),
(6539,'9110','AITINYO BARAT/ATHABU'),
(6540,'9110','AYAMARU SELATAN JAYA'),
(6541,'9110','AITINYO'),
(6542,'9110','AITINYO TENGAH'),
(6543,'9110','AIFAT SELATAN'),
(6544,'9110','AIFAT TIMUR SELATAN'),
(6545,'9110','AIFAT'),
(6546,'9110','AITINYO UTARA'),
(6547,'9110','AITINYO RAYA'),
(6548,'9110','AYAMARU TIMUR'),
(6549,'9110','AYAMARU TIMUR SELATAN'),
(6550,'9110','AYAMARU'),
(6551,'9110','AYAMARU SELATAN'),
(6552,'9110','AYAMARU JAYA'),
(6553,'9110','AYAMARU TENGAH'),
(6554,'9110','AYAMARU BARAT'),
(6555,'9110','AYAMARU UTARA'),
(6556,'9110','AYAMARU UTARA TIMUR'),
(6557,'9110','MARE'),
(6558,'9110','MARE SELATAN'),
(6559,'9110','AIFAT UTARA'),
(6560,'9110','AIFAT TIMUR'),
(6561,'9110','AIFAT TIMUR TENGAH'),
(6562,'9110','AIFAT TIMUR JAUH'),
(6563,'9111','TAHOTA'),
(6564,'9111','DATARAN ISIM'),
(6565,'9111','NENEI'),
(6566,'9111','MOMI WAREN'),
(6567,'9111','RANSIKI'),
(6568,'9111','ORANSBARI'),
(6569,'9112','DIDOHU'),
(6570,'9112','SURUREY'),
(6571,'9112','ANGGI GIDA'),
(6572,'9112','MEMBEY'),
(6573,'9112','ANGGI'),
(6574,'9112','TAIGE'),
(6575,'9112','HINGK'),
(6576,'9112','MENYAMBOUW'),
(6577,'9112','CATUBOUW'),
(6578,'9112','TESTEGA'),
(6579,'9171','SORONG BARAT'),
(6580,'9171','SORONG KEPULAUAN'),
(6581,'9171','MALADUM MES'),
(6582,'9171','SORONG TIMUR'),
(6583,'9171','SORONG UTARA'),
(6584,'9171','SORONG'),
(6585,'9171','SORONG MANOI'),
(6586,'9171','KLAURUNG'),
(6587,'9171','MALAIMSIMSA'),
(6588,'9171','SORONG KOTA'),
(6589,'9401','KIMAAM'),
(6590,'9401','WAAN'),
(6591,'9401','TABONJI'),
(6592,'9401','ILWAYAB'),
(6593,'9401','OKABA'),
(6594,'9401','TUBANG'),
(6595,'9401','NGGUTI'),
(6596,'9401','KAPTEL'),
(6597,'9401','KURIK'),
(6598,'9401','MALIND'),
(6599,'9401','ANIMHA'),
(6600,'9401','MERAUKE'),
(6601,'9401','SEMANGGA'),
(6602,'9401','TANAH MIRING'),
(6603,'9401','JAGEBOB'),
(6604,'9401','SOTA'),
(6605,'9401','NAUKENJERAI'),
(6606,'9401','MUTING'),
(6607,'9401','ELIGOBEL'),
(6608,'9401','ULILIN'),
(6609,'9402','WAMENA'),
(6610,'9402','ASOLOKOBAL'),
(6611,'9402','WALELAGAMA'),
(6612,'9402','TRIKORA'),
(6613,'9402','NAPUA'),
(6614,'9402','WALAIK'),
(6615,'9402','WOUMA'),
(6616,'9402','WALESI'),
(6617,'9402','ASOTIPO'),
(6618,'9402','MAIMA'),
(6619,'9402','HUBIKOSI'),
(6620,'9402','PELEBAGA'),
(6621,'9402','IBELE'),
(6622,'9402','TAILAREK'),
(6623,'9402','HUBIKIAK'),
(6624,'9402','ASOLOGAIMA'),
(6625,'9402','MUSATFAK'),
(6626,'9402','SILO KARNO DOGA'),
(6627,'9402','PYRAMID'),
(6628,'9402','MULIAMA'),
(6629,'9402','WAME'),
(6630,'9402','KURULU'),
(6631,'9402','USILIMO'),
(6632,'9402','WITA WAYA'),
(6633,'9402','LIBAREK'),
(6634,'9402','WADANGKU'),
(6635,'9402','PISUGI'),
(6636,'9402','BOLAKME'),
(6637,'9402','WOLLO'),
(6638,'9402','YALENGGA'),
(6639,'9402','TAGIME'),
(6640,'9402','MOLAGALOME'),
(6641,'9402','TAGINERI'),
(6642,'9402','BUGI'),
(6643,'9402','BPIRI'),
(6644,'9402','KORAGI'),
(6645,'9402','ITLAY HASIGE'),
(6646,'9402','SIEPKOSI'),
(6647,'9402','POPUGOBA'),
(6648,'9403','KAUREH'),
(6649,'9403','AIRU'),
(6650,'9403','YAPSI'),
(6651,'9403','KEMTUK'),
(6652,'9403','KEMTUK GRESI'),
(6653,'9403','GRESI SELATAN'),
(6654,'9403','NIMBORAN'),
(6655,'9403','NIMBORAN TIMUR / NAMBLONG'),
(6656,'9403','NIMBOKRANG'),
(6657,'9403','UNURUM GUAY'),
(6658,'9403','DEMTA'),
(6659,'9403','YOKARI'),
(6660,'9403','DEPAPRE'),
(6661,'9403','RAVENIRARA'),
(6662,'9403','SENTANI BARAT'),
(6663,'9403','WAIBU'),
(6664,'9403','SENTANI'),
(6665,'9403','EBUNGFAU'),
(6666,'9403','SENTANI TIMUR'),
(6667,'9404','UWAPA'),
(6668,'9404','MENOU'),
(6669,'9404','DIPA'),
(6670,'9404','YAUR'),
(6671,'9404','TELUK UMAR'),
(6672,'9404','WANGGAR'),
(6673,'9404','NABIRE BARAT'),
(6674,'9404','NABIRE'),
(6675,'9404','TELUK KIMI'),
(6676,'9404','NAPAN'),
(6677,'9404','MAKIMI'),
(6678,'9404','WAPOGA'),
(6679,'9404','KEPULAUAN MOORA'),
(6680,'9404','SIRIWO'),
(6681,'9404','YARO'),
(6682,'9408','YAPEN TIMUR'),
(6683,'9408','PANTURA YAPEN'),
(6684,'9408','TELUK AMPIMOI'),
(6685,'9408','RAIMBAWI'),
(6686,'9408','PULAU KURUDU'),
(6687,'9408','ANGKAISERA'),
(6688,'9408','KEP. AMBAI'),
(6689,'9408','YAWAKUKAT'),
(6690,'9408','YAPEN SELATAN'),
(6691,'9408','KOSIWO'),
(6692,'9408','ANATAUREI'),
(6693,'9408','YAPEN BARAT'),
(6694,'9408','WONAWA'),
(6695,'9408','PULAU YERUI'),
(6696,'9408','POOM'),
(6697,'9408','WINDESI'),
(6698,'9409','NUMFOR BARAT'),
(6699,'9409','ORKERI'),
(6700,'9409','NUMFOR TIMUR'),
(6701,'9409','BRUYADORI'),
(6702,'9409','POIRU'),
(6703,'9409','PADAIDO'),
(6704,'9409','AIMANDO PADAIDO'),
(6705,'9409','BIAK TIMUR'),
(6706,'9409','ORIDEK'),
(6707,'9409','BIAK KOTA'),
(6708,'9409','SAMOFA'),
(6709,'9409','YENDIDORI'),
(6710,'9409','BIAK UTARA'),
(6711,'9409','ANDEY'),
(6712,'9409','WARSA'),
(6713,'9409','YAWOSI'),
(6714,'9409','BONDIFUAR'),
(6715,'9409','BIAK BARAT'),
(6716,'9409','SWANDIWE'),
(6717,'9410','PANIAI TIMUR'),
(6718,'9410','YATAMO'),
(6719,'9410','KEBO'),
(6720,'9410','BIBIDA'),
(6721,'9410','DUMADAMA'),
(6722,'9410','ARADIDE'),
(6723,'9410','EKADIDE'),
(6724,'9410','PANIAI BARAT'),
(6725,'9410','SIRIWO'),
(6726,'9410','BOGOBAIDA'),
(6727,'9411','FAWI'),
(6728,'9411','DAGAI'),
(6729,'9411','KIYAGE'),
(6730,'9411','MULIA'),
(6731,'9411','YAMBI'),
(6732,'9411','ILAMBURAWI'),
(6733,'9411','MUARA'),
(6734,'9411','PAGALEME'),
(6735,'9411','GURAGE'),
(6736,'9411','IRIMULI'),
(6737,'9411','ILU'),
(6738,'9411','TORERE'),
(6739,'9411','YAMONERI'),
(6740,'9411','WAEGI'),
(6741,'9411','NUME'),
(6742,'9411','NIOGA'),
(6743,'9411','GUBUME'),
(6744,'9411','TAGANOMBAK'),
(6745,'9411','TINGGINAMBUT'),
(6746,'9411','KALOME'),
(6747,'9411','WANWI'),
(6748,'9411','MEWOLUK'),
(6749,'9411','LUMO'),
(6750,'9411','MOLANIKIME'),
(6751,'9411','YAMO'),
(6752,'9411','DOKOME'),
(6753,'9412','MIMIKA BARAT'),
(6754,'9412','MIMIKA BARAT JAUH'),
(6755,'9412','MIMIKA BARAT TENGAH'),
(6756,'9412','AMAR'),
(6757,'9412','MIMIKA TIMUR'),
(6758,'9412','MIMIKA TENGAH'),
(6759,'9412','MIMIKA TIMUR JAUH'),
(6760,'9412','MIMIKA BARU'),
(6761,'9412','KUALA KENCANA'),
(6762,'9412','TEMBAGAPURA'),
(6763,'9412','WANIA'),
(6764,'9412','IWAKA'),
(6765,'9412','KWAMKI NARAMA'),
(6766,'9412','AGIMUGA'),
(6767,'9412','JILA'),
(6768,'9412','JITA'),
(6769,'9412','ALAMA'),
(6770,'9412','HOYA'),
(6771,'9413','JAIR'),
(6772,'9413','SUBUR'),
(6773,'9413','KIA'),
(6774,'9413','MINDIPTANA'),
(6775,'9413','INIYANDIT'),
(6776,'9413','KOMBUT'),
(6777,'9413','SESNUK'),
(6778,'9413','MANDOBO'),
(6779,'9413','FOFI'),
(6780,'9413','ARIMOP'),
(6781,'9413','KOUH'),
(6782,'9413','BOMAKIA'),
(6783,'9413','FIRIWAGE'),
(6784,'9413','MANGGELUM'),
(6785,'9413','YANIRUMA'),
(6786,'9413','KAWAGIT'),
(6787,'9413','KOMBAY'),
(6788,'9413','WAROPKO'),
(6789,'9413','AMBATKWI'),
(6790,'9413','NINATI'),
(6791,'9414','NAMBIOMAN BAPAI'),
(6792,'9414','MINYAMUR'),
(6793,'9414','EDERA'),
(6794,'9414','VENAHA'),
(6795,'9414','SYAHCAME'),
(6796,'9414','BAMGI'),
(6797,'9414','YAKOMI'),
(6798,'9414','OBAA'),
(6799,'9414','PASSUE'),
(6800,'9414','HAJU'),
(6801,'9414','ASSUE'),
(6802,'9414','CITAKMITAK'),
(6803,'9414','KAIBAR'),
(6804,'9414','PASSUE BAWAH'),
(6805,'9414','TI-ZAIN'),
(6806,'9415','PANTAI KASUARI'),
(6807,'9415','KOPAY'),
(6808,'9415','DER KOUMUR'),
(6809,'9415','SAFAN'),
(6810,'9415','FAYIT'),
(6811,'9415','ATSY'),
(6812,'9415','SIRETS'),
(6813,'9415','AYIP'),
(6814,'9415','BECTBAMU'),
(6815,'9415','SUATOR'),
(6816,'9415','KOLF BRAZA'),
(6817,'9415','AKAT'),
(6818,'9415','JETSY'),
(6819,'9415','AGATS'),
(6820,'9415','SAWA ERMA'),
(6821,'9415','SURU-SURU'),
(6822,'9415','UNIR SIRAU'),
(6823,'9415','JOERAT'),
(6824,'9415','PULAU TIGA'),
(6825,'9416','KURIMA'),
(6826,'9416','MUSAIK'),
(6827,'9416','DEKAI'),
(6828,'9416','OBIO'),
(6829,'9416','PASEMA'),
(6830,'9416','AMUMA'),
(6831,'9416','SURU-SURU'),
(6832,'9416','WUSAMA'),
(6833,'9416','SILIMO'),
(6834,'9416','NINIA'),
(6835,'9416','HOLUWON'),
(6836,'9416','LOLAT'),
(6837,'9416','LANGDA'),
(6838,'9416','BOMELA'),
(6839,'9416','SUNTAMON'),
(6840,'9416','SOBAHAM'),
(6841,'9416','KORUPUN'),
(6842,'9416','SELA'),
(6843,'9416','KWELAMDUA'),
(6844,'9416','ANGGRUK'),
(6845,'9416','PANGGEMA'),
(6846,'9416','WALMA'),
(6847,'9416','KOSAREK'),
(6848,'9416','UBAHAK'),
(6849,'9416','NALCA'),
(6850,'9416','PULDAMA'),
(6851,'9416','NIPSAN'),
(6852,'9416','SAMENAGE'),
(6853,'9416','TANGMA'),
(6854,'9416','SOBA'),
(6855,'9416','MUGI'),
(6856,'9416','YOGOSEM'),
(6857,'9416','KAYO'),
(6858,'9416','SUMO'),
(6859,'9416','HOGIO'),
(6860,'9416','UKHA'),
(6861,'9416','WERIMA'),
(6862,'9416','SOLOIKMA'),
(6863,'9416','SERADALA'),
(6864,'9416','KABIANGGAMA'),
(6865,'9416','KWIKMA'),
(6866,'9416','HILIPUK'),
(6867,'9416','YAHULIAMBUT'),
(6868,'9416','HEREAPINI'),
(6869,'9416','UBALIHI'),
(6870,'9416','TALAMBO'),
(6871,'9416','PRONGGOLI'),
(6872,'9416','ENDOMEN'),
(6873,'9416','KONA'),
(6874,'9416','DURAM'),
(6875,'9416','DIRWEMNA'),
(6876,'9417','IWUR'),
(6877,'9417','KAWOR'),
(6878,'9417','TARUP'),
(6879,'9417','AWINBON'),
(6880,'9417','OKSIBIL'),
(6881,'9417','PEPERA'),
(6882,'9417','ALEMSOM'),
(6883,'9417','SERAMBAKON'),
(6884,'9417','KOLOMDOL'),
(6885,'9417','OKSOP'),
(6886,'9417','OK BAPE'),
(6887,'9417','OK AON'),
(6888,'9417','BORME'),
(6889,'9417','BIME'),
(6890,'9417','EPUMEK'),
(6891,'9417','WEIME'),
(6892,'9417','PAMEK'),
(6893,'9417','NONGME'),
(6894,'9417','BATANI'),
(6895,'9417','OKBI'),
(6896,'9417','ABOY'),
(6897,'9417','OKBAB'),
(6898,'9417','TEIRAPLU'),
(6899,'9417','YEFTA'),
(6900,'9417','KIWIROK'),
(6901,'9417','KIWIROK TIMUR'),
(6902,'9417','OKSEBANG'),
(6903,'9417','OKHIKA'),
(6904,'9417','OKLIP'),
(6905,'9417','OKSAMOL'),
(6906,'9417','OKBEMTA'),
(6907,'9417','BATOM'),
(6908,'9417','MURKIM'),
(6909,'9417','MOFINOP'),
(6910,'9418','KANGGIME'),
(6911,'9418','WONIKI'),
(6912,'9418','NABUNAGE'),
(6913,'9418','GILUBANDU'),
(6914,'9418','WAKUO'),
(6915,'9418','AWEKU'),
(6916,'9418','BOGONUK'),
(6917,'9418','KARUBAGA'),
(6918,'9418','GOYAGE'),
(6919,'9418','WUNIN'),
(6920,'9418','KONDAGA'),
(6921,'9418','NELAWI'),
(6922,'9418','KUARI'),
(6923,'9418','LIANOGOMA'),
(6924,'9418','BIUK'),
(6925,'9418','BOKONDINI'),
(6926,'9418','BOKONERI'),
(6927,'9418','BEWANI'),
(6928,'9418','KEMBU'),
(6929,'9418','WINA'),
(6930,'9418','UMAGI'),
(6931,'9418','PANAGA'),
(6932,'9418','POGANERI'),
(6933,'9418','KAMBONERI'),
(6934,'9418','AIR GARAM'),
(6935,'9418','DOW'),
(6936,'9418','WARI / TAIYEVE'),
(6937,'9418','EGIAM'),
(6938,'9418','NUNGGAWI'),
(6939,'9418','KUBU'),
(6940,'9418','ANAWI'),
(6941,'9418','WUGI'),
(6942,'9418','GEYA'),
(6943,'9418','WENAM'),
(6944,'9418','NUMBA'),
(6945,'9418','KAI'),
(6946,'9418','DUNDU'),
(6947,'9418','GUNDAGI'),
(6948,'9418','TIMORI'),
(6949,'9418','YUNERI'),
(6950,'9418','TAGIME'),
(6951,'9418','DANIME'),
(6952,'9418','YUKO'),
(6953,'9418','TELENGGEME'),
(6954,'9418','GIKA'),
(6955,'9418','TAGINERI'),
(6956,'9419','PANTAI TIMUR BAGIAN BARAT'),
(6957,'9419','PANTAI TIMUR'),
(6958,'9419','SUNGAI BIRI'),
(6959,'9419','BONGGO'),
(6960,'9419','BONGGO TIMUR'),
(6961,'9419','BONGGO BARAT'),
(6962,'9419','TOR ATAS'),
(6963,'9419','ISMARI'),
(6964,'9419','SARMI'),
(6965,'9419','SARMI TIMUR'),
(6966,'9419','SARMI SELATAN'),
(6967,'9419','SOBEY'),
(6968,'9419','MUARA TOR'),
(6969,'9419','VERKAM'),
(6970,'9419','PANTAI BARAT'),
(6971,'9419','APAWER HULU'),
(6972,'9419','APAWER HILIR'),
(6973,'9419','APAWER TENGAH'),
(6974,'9420','WEB'),
(6975,'9420','TOWE'),
(6976,'9420','YAFFI'),
(6977,'9420','SENGGI'),
(6978,'9420','KAISENAR'),
(6979,'9420','WARIS'),
(6980,'9420','ARSO'),
(6981,'9420','ARSO TIMUR'),
(6982,'9420','ARSO BARAT'),
(6983,'9420','MANNEM'),
(6984,'9420','SKANTO'),
(6985,'9426','WAROPEN BAWAH'),
(6986,'9426','INGGERUS'),
(6987,'9426','UREI FAISEI'),
(6988,'9426','OUDATE'),
(6989,'9426','WAPOGA'),
(6990,'9426','MASIREI'),
(6991,'9426','RISEI SAYATI'),
(6992,'9426','DEMBA'),
(6993,'9426','SOYOI MAMBAI'),
(6994,'9426','WONTI'),
(6995,'9426','WALANI'),
(6996,'9426','KIRIHI'),
(6997,'9427','SUPIORI SELATAN'),
(6998,'9427','KEPULAUAN ARURI'),
(6999,'9427','SUPIORI UTARA'),
(7000,'9427','SUPIORI BARAT'),
(7001,'9427','SUPIORI TIMUR'),
(7002,'9428','WAROPEN ATAS'),
(7003,'9428','BENUKI'),
(7004,'9428','SAWAI'),
(7005,'9428','MAMBERAMO ILIR'),
(7006,'9428','MAMBERAMO TENGAH'),
(7007,'9428','IWASO'),
(7008,'9428','MAMBERAMO TENGAH TIMUR'),
(7009,'9428','ROFAER'),
(7010,'9428','MAMBERAMO ULU'),
(7011,'9429','WOSAK'),
(7012,'9429','KENYAM'),
(7013,'9429','GESELMA'),
(7014,'9429','MAPENDUMA'),
(7015,'9429','MUGI'),
(7016,'9429','YIGI'),
(7017,'9429','MBUWA'),
(7018,'9429','GEAREK'),
(7019,'9430','MAKKI'),
(7020,'9430','GUPURA'),
(7021,'9430','KOLAWA'),
(7022,'9430','GELOK BEAM'),
(7023,'9430','PIRIME'),
(7024,'9430','BUGUK GONA'),
(7025,'9430','MILIMBO'),
(7026,'9430','GOLLO'),
(7027,'9430','WIRINGGABUT'),
(7028,'9430','TIOM'),
(7029,'9430','NOGI'),
(7030,'9430','MOKONI'),
(7031,'9430','NINAME'),
(7032,'9430','YIGINUA'),
(7033,'9430','BALINGGA'),
(7034,'9430','BALINGGA BARAT'),
(7035,'9430','BRUWA'),
(7036,'9430','KUYAWAGE'),
(7037,'9430','WANO BARAT'),
(7038,'9430','MALAGAINERI'),
(7039,'9430','MELAGAI'),
(7040,'9430','TIOMNERI'),
(7041,'9430','WEREKA'),
(7042,'9430','DIMBA'),
(7043,'9430','KELULOME'),
(7044,'9430','GAMELIA'),
(7045,'9430','KARU'),
(7046,'9430','YILUK'),
(7047,'9430','GUNA'),
(7048,'9430','POGA'),
(7049,'9430','MUARA'),
(7050,'9431','KOBAKMA'),
(7051,'9431','ILUGWA'),
(7052,'9431','KELILA'),
(7053,'9431','ERAGAYAM'),
(7054,'9431','MEGAMBILIS'),
(7055,'9432','WELAREK'),
(7056,'9432','APALAPSILI'),
(7057,'9432','ABENAHO'),
(7058,'9432','ELELIM'),
(7059,'9432','BENAWA'),
(7060,'9433','AGADUGUME'),
(7061,'9433','GOME'),
(7062,'9433','ILAGA'),
(7063,'9433','SINAK'),
(7064,'9433','POGOMA'),
(7065,'9433','WANGBE'),
(7066,'9433','BEOGA'),
(7067,'9433','DOUFO'),
(7068,'9434','SUKIKAI SELATAN'),
(7069,'9434','PIYAIYE'),
(7070,'9434','MAPIA BARAT'),
(7071,'9434','MAPIA TENGAH'),
(7072,'9434','MAPIA'),
(7073,'9434','DOGIYAI'),
(7074,'9434','KAMU SELATAN'),
(7075,'9434','KAMU'),
(7076,'9434','KAMU TIMUR'),
(7077,'9434','KAMU UTARA'),
(7078,'9435','HOMEYO'),
(7079,'9435','SUGAPA'),
(7080,'9435','HITADIPA'),
(7081,'9435','AGISIGA'),
(7082,'9435','BIANDOGA'),
(7083,'9435','WANDAI'),
(7084,'9436','KAPIRAYA'),
(7085,'9436','TIGI BARAT'),
(7086,'9436','TIGI'),
(7087,'9436','TIGI TIMUR'),
(7088,'9436','BOWOBADO'),
(7089,'9471','MUARA TAMI'),
(7090,'9471','ABEPURA'),
(7091,'9471','HERAM'),
(7092,'9471','JAYAPURA SELATAN'),
(7093,'9471','JAYAPURA UTARA');

/*Data for the table `jabatan` */

insert  into `jabatan`(`id_jabatan`,`nama_jabatan`,`status_jabatan`) values 
(1,'Account Manager','A'),
(2,'Channel & Reseller Management','A');

/*Data for the table `jenis_lampiran` */

insert  into `jenis_lampiran`(`id_jenis_lampiran`,`nama_jenis_lampiran`,`jenis_lampiran_untuk`,`status_jenis_lampiran`) values 
(1,'Akta','C','A'),
(2,'Surat Kuasa','C','A'),
(3,'NPWP','C','A'),
(4,'SPPKP','C','A'),
(5,'Akta','V','A'),
(6,'Surat Kuasa','V','A'),
(7,'NPWP','V','A'),
(8,'SPPKP','V','A'),
(9,'Logo Vendor','V','A');

/*Data for the table `lampiran_customer` */

/*Data for the table `lampiran_vendor` */

/*Data for the table `product` */

insert  into `product`(`id_product`,`nama_product`,`status_product`) values 
(1,'One Smart Operation','A'),
(2,'One Smart Cloud','A'),
(3,'One Smart Connect','A'),
(4,'One Smart Secure','A'),
(5,'One Smart Biz Apps','A'),
(6,'One Smart Project','A');

/*Data for the table `project` */

insert  into `project`(`id_project`,`project_year`,`nama_project`,`id_product`,`project_type`,`tipe_kontrak_project`,`nilai_project`,`project_start_date`,`project_end_date`,`tgl_fs_approved`,`tgl_project_final`,`no_fs_barang`,`nilai_fs_barang`,`spk_fs_barang`,`tgl_fs_barang`,`nilai_project_barang`,`start_date_barang`,`end_date_barang`,`no_fs_jasa`,`nilai_fs_jasa`,`spk_fs_jasa`,`tgl_fs_jasa`,`nilai_project_jasa`,`start_date_jasa`,`end_date_jasa`,`tipe_pembelian`,`id_customer`,`nama_pic_project`,`no_hp_pic_project`,`email_pic_project`,`id_sales`,`status_project`,`tgl_pengisian_tender`,`created_at`,`created_by`,`modified_at`,`modified_by`,`project_deleted`) values 
(1,'2018','New Cabling & UPS for Estate Management New Office at Grand Wisata Bekasi',6,'TL','O',126909563,'2018-01-01','2018-12-31','2018-02-12','2018-06-26','0101/FS/JV/IX/2018',1,'-','0000-00-00',44250000,'2018-04-24','2018-05-23','0108/FS/JV/IX/2018',1,'-','0000-00-00',82709563,'2018-01-01','2018-12-31','BJ',6,'A','0','d@gmail.com',1,'W','2019-08-21 17:30:44','2018-02-12 00:00:00','superadmin','2019-08-21 17:30:44','superadmin',0),
(2,'2018','IP Phone & WAN as a  Service Nava Park Country Club',3,'TL','O',0,'2018-07-23','2018-08-22','2018-05-21','2018-03-15','0105/FS/JV/IX/2018',0,'5000000554','2018-05-21',372883500,'2018-07-23','2018-08-22',NULL,NULL,'','0000-00-00',NULL,'0000-00-00','0000-00-00','B',12,'','0','',1,'W','2019-08-27 14:15:27','2018-05-21 00:00:00',NULL,'2019-08-27 14:15:27','superadmin',0),
(3,'2018','Palm Spring Golf System',3,'TL','O',0,'0000-00-00','0000-00-00','2018-05-09','2018-07-10',NULL,NULL,'','0000-00-00',NULL,'0000-00-00','0000-00-00','0076/FS/SML Subs/IX/2018',0,'001/GMO/PT AD/VII/18','2018-05-09',1167600000,'0000-00-00','0000-00-00','J',27,'','0','',1,'W','2019-08-27 13:30:03','2018-05-09 00:00:00',NULL,'2019-09-09 16:04:44','syafira',0),
(4,'2018','GPON Club House The Eminent',3,'TL','O',0,'0000-00-00','0000-00-00','2018-08-14','2018-08-15','0021/FS/SML Subs/VIII/2018',0,'334/SML/RESI/HS1/BSD/VII/2018','2018-08-14',NULL,'0000-00-00','0000-00-00',NULL,NULL,'','0000-00-00',NULL,'0000-00-00','0000-00-00','B',3,'','0','',1,'W',NULL,'2018-08-14 00:00:00',NULL,'2019-08-27 11:53:09','superadmin',0),
(5,'2018','Interm Solution for  Manage Service ICE',3,'TL','O',0,'0000-00-00','0000-00-00','2018-05-21','2018-06-13',NULL,NULL,'','0000-00-00',NULL,'0000-00-00','0000-00-00','0066/FS/JV/IX/2018',0,'SPK/134/ICE/IV/2018','2018-05-21',1125000000,'0000-00-00','0000-00-00','J',14,'','0','',3,'W','2019-08-27 13:31:53','2018-05-21 00:00:00',NULL,'2019-08-27 13:31:53','superadmin',0),
(6,'2018','Panahome - Network ÊInfrastructure',3,'TL','O',0,'0000-00-00','0000-00-00','2018-07-09','2018-06-06','0020/FS/JV/VIII/2018',0,'07/PHDI/SPKK-MKT/VI/18','2018-07-09',311100000,'0000-00-00','0000-00-00',NULL,NULL,'','0000-00-00',NULL,'0000-00-00','0000-00-00','B',15,'','0','',3,'W',NULL,'2018-07-09 00:00:00',NULL,'2019-08-27 13:46:48','superadmin',0),
(7,'2018','Sinarmasland Office    365 Renewal 2018',3,'TL','O',0,'0000-00-00','0000-00-00','2018-07-05','2018-07-17','0018/FS/SML Subs/VIII/2018',0,'4500031811','2018-07-05',6923070000,'0000-00-00','0000-00-00',NULL,0,'','0000-00-00',NULL,'0000-00-00','0000-00-00','B',3,'','0','',1,'W',NULL,'2018-07-05 00:00:00',NULL,'2019-08-27 13:47:37','superadmin',0),
(8,'2018','Terminal Intermoda pengadaan  End User Computing & Scanner ',3,'TE','O',0,'0000-00-00','0000-00-00','2018-07-19','2018-08-10','0050/FS/SML Subs/IX/2018',0,'4500000025','2018-07-19',16900000,'0000-00-00','0000-00-00',NULL,0,'','0000-00-00',NULL,'0000-00-00','0000-00-00','B',3,'','0','',1,'W',NULL,'2018-07-19 00:00:00',NULL,'2019-08-27 13:48:14','superadmin',0),
(9,'2018','Hyperwall System  Command Center BSD',3,'TL','O',0,'0000-00-00','0000-00-00','2018-07-19','2018-07-25','0004/FS/SML Subs/VIII/2018',0,'018/SPK/SAM/VII/2018','2018-07-19',1387980000,'0000-00-00','0000-00-00',NULL,0,'','0000-00-00',NULL,'0000-00-00','0000-00-00','B',3,'','0','',1,'W',NULL,'2018-07-19 00:00:00',NULL,'2019-08-27 13:48:37','superadmin',0),
(10,'2018','Terminal Intermoda Network ÊEquipment',3,'TL','O',0,'0000-00-00','0000-00-00','2018-07-19','2018-07-16','0008/FS/SML Subs/VIII/2018',0,'5000016593','2018-07-19',64152000,'0000-00-00','0000-00-00',NULL,0,'5000016594','2018-07-11',NULL,'0000-00-00','0000-00-00','B',3,'','0','',1,'W',NULL,'2018-07-19 00:00:00',NULL,'2019-08-27 11:51:32','superadmin',0),
(11,'2018','Sedana Golf System',3,'TL','O',0,'0000-00-00','0000-00-00','2018-05-09','2018-07-10',NULL,NULL,'','0000-00-00',NULL,'0000-00-00','0000-00-00','0076/FS/SML Subs/IX/2018',0,'002/PKS/KBG-SAM/III/2019','2018-07-16',1167600000,'2018-07-10','2018-07-15','J',1,'','0','',3,'W',NULL,'2018-05-09 00:00:00',NULL,'2019-09-09 16:17:43','syafira',0),
(12,'2018','Supply PC & Server \nPT. Karawang Bukit Golf System',3,'TL','O',0,'2018-06-01','2019-05-31','2018-07-19','2018-07-18','0155/External/X/2018',0,'0000-3607','2018-07-19',73440000,'0000-00-00','0000-00-00','',0,'','0000-00-00',0,'0000-00-00','0000-00-00','BJ',1,'','','',3,'W',NULL,'2018-07-19 00:00:00',NULL,'2019-09-02 10:06:36',NULL,0),
(13,'2018','Rewiring LAN Ê\nSouthgate Gallery Office',3,'TL','O',0,'2018-08-10','2018-09-09','2018-07-23','0000-00-00','0041/FS/SML Subs/VIII/2018',0,'0','2018-07-23',0,'0000-00-00','0000-00-00','',0,'','0000-00-00',0,'0000-00-00','0000-00-00','B',3,'','','',1,'L',NULL,'2018-07-23 00:00:00',NULL,'2019-09-02 10:06:36',NULL,0),
(14,'2018','Pembelian dan Deployment \n Switch Aruba 2530 untuk kantor P2T',3,'TL','O',0,'2018-07-16','2018-07-30','2018-07-19','2019-05-03','0006/FS/SML Subs/VIII/2018',0,'4500037264','2018-07-19',25765400,'0000-00-00','0000-00-00','',0,'','0000-00-00',0,'0000-00-00','0000-00-00','B',3,'','','',1,'W',NULL,'2018-07-19 00:00:00',NULL,'2019-09-02 10:08:52',NULL,0),
(15,'2018','Pengadaan Jalur Data Plaza Mezzanine',3,'TL','O',0,'2018-07-27','2018-08-13','2018-07-19','2018-04-23','',0,'','0000-00-00',0,'0000-00-00','0000-00-00','0070/FS/SML Subs/IX/2018',0,'001/SPK/BSD-SAM/X/2018','2018-07-19',10786500,'0000-00-00','0000-00-00','J',3,'','','',1,'W',NULL,'2018-07-19 00:00:00',NULL,'2019-09-02 10:08:52',NULL,0),
(16,'2018','Pengadaan Jalur Data GOP 6 Lantai 2A',3,'TL','O',0,'2018-07-27','2018-08-13','2018-07-19','2018-04-23','',0,'','0000-00-00',0,'0000-00-00','0000-00-00','0070/FS/SML Subs/IX/2018',0,'001/SPK/BSD-SAM/X/2018','2018-07-19',10786500,'0000-00-00','0000-00-00','J',3,'','','',1,'W',NULL,'2018-07-19 00:00:00',NULL,'2019-09-03 15:45:19',NULL,0),
(17,'2018','Pembelian Switch Juniper EX2 200',3,'TL','O',0,'2018-08-10','2018-08-24','2018-08-16','2018-06-14','0011/FS/JV/VIII/2018',0,'00201/PO/V/2018','2018-08-16',23061500,'0000-00-00','0000-00-00','',0,'','0000-00-00',0,'0000-00-00','0000-00-00','B',3,'','','',1,'W',NULL,'2018-08-16 00:00:00',NULL,'2019-09-03 15:45:20',NULL,0),
(18,'2018','MSIG Tower Building Management Network Equipment',3,'TL','O',0,'0000-00-00','0000-00-00','2018-06-10','2018-10-16','0043/FS/SML Subs/VIII/2018',0,'031/SPK/DCP/ME/IX/18','2018-06-10',365410139,'0000-00-00','0000-00-00','0043/FS/SML Subs/VIII/2018',0,'','0000-00-00',NULL,'0000-00-00','0000-00-00','BJ',16,'','','',1,'W',NULL,'2018-06-10 00:00:00',NULL,'2019-09-11 16:11:09','superadmin',0),
(19,'2018','Manage Service Microsoft License',3,'TL','',0,'2018-08-21','2019-08-20','2018-08-27','0000-00-00','0086/FS/External/IX/2018',0,'0','2018-08-27',0,'0000-00-00','0000-00-00','',0,'','0000-00-00',0,'0000-00-00','0000-00-00','B',28,'','','',1,'L',NULL,'2018-08-27 00:00:00','','2019-09-03 15:52:29',NULL,0),
(20,'2018','Manage Service Security License',3,'TL','O',0,'2018-08-21','2019-08-20','2018-08-27','0000-00-00','0083/FS/External/IX/2018',0,'0','2018-08-27',0,'0000-00-00','0000-00-00','',0,'','0000-00-00',0,'0000-00-00','0000-00-00','B',28,'','','',1,'L',NULL,'2018-08-27 00:00:00',NULL,'2019-09-03 15:47:59',NULL,0),
(21,'2018','Rewiring LAN Southgate Gallery Office',3,'TL','O',0,'2018-08-10','2018-09-09','2018-07-23','0000-00-00','0041/FS/SML Subs/VIII/2018',0,'0','2018-08-28',0,'0000-00-00','0000-00-00','',0,'','0000-00-00',0,'0000-00-00','0000-00-00','B',3,'','','',1,'L',NULL,'2018-07-23 00:00:00',NULL,'2019-09-03 15:47:59',NULL,0),
(22,'2018','SML Fusion Chart',3,'TL','O',0,'2018-09-05','2018-09-12','2018-09-05','2018-11-02','0047/FS/SML Subs/IX/2018',0,'4500033892','2018-09-05',7137900,'0000-00-00','0000-00-00','',0,'','0000-00-00',0,'0000-00-00','0000-00-00','B',3,'','','',1,'W',NULL,'2018-09-05 00:00:00',NULL,'2019-09-03 15:47:59',NULL,0),
(23,'2018','Food City POS System Grand Wisata',3,'TL','O',0,'2018-09-25','2019-09-24','2018-09-17','2018-09-24','0077/FS/JV/IX/2018',0,'4700001179/SPPB/PAP-TNK-ME/XI/18','2018-09-17',894283000,'0000-00-00','0000-00-00','',0,'','0000-00-00',0,'0000-00-00','0000-00-00','BJ',6,'','','',3,'W',NULL,'2018-09-17 00:00:00',NULL,'2019-09-03 15:49:49',NULL,0),
(24,'2018','Network Infrastructure Food City POS System Grand Wisata',3,'TL','O',0,'2018-09-10','2019-09-09','2018-09-07','2018-09-24','0073/FS/JV/IX/2018',0,'4700001179/SPPB/PAP-TNK-ME/XI/18','2018-09-07',894283000,'0000-00-00','0000-00-00','',0,'','0000-00-00',0,'0000-00-00','0000-00-00','B',6,'','','',3,'W',NULL,'2018-09-07 00:00:00',NULL,'2019-09-03 15:49:49',NULL,0),
(25,'2018','e-Property System',3,'TL','O',0,'2018-09-25','2019-09-24','2018-09-17','2018-09-24','0077/FS/JV/IX/2018',0,'PO 001','2018-09-07',894283000,'0000-00-00','0000-00-00','',0,'','0000-00-00',0,'0000-00-00','0000-00-00','B',20,'','','',3,'W',NULL,'2018-09-17 00:00:00',NULL,'2019-09-03 15:49:49',NULL,0),
(26,'2018','Project Network Sedana Golf',3,'TL','O',0,'2018-08-24','2018-09-23','2018-09-05','2018-11-06','0049/FS/SML Subs/IX/2018',0,'003/KBG-PSGK/XI/18, 4900006562','2018-09-05',129366596,'0000-00-00','0000-00-00','',0,'','0000-00-00',0,'0000-00-00','0000-00-00','B',1,'','','',3,'W',NULL,'2018-09-05 00:00:00',NULL,'2019-09-03 15:53:48',NULL,0),
(27,'2018','New Office - Keikyu',3,'TL','O',0,'2018-10-01','2018-11-01','2018-09-30','2018-10-29','0132/FS/JV/IX/2018',0,'Formulir Permintaan Barang','2018-09-30',122937000,'0000-00-00','0000-00-00','',0,'','0000-00-00',0,'0000-00-00','0000-00-00','B',20,'','','',3,'W',NULL,'2018-09-30 00:00:00',NULL,'2019-09-03 15:53:49',NULL,0),
(28,'2018','Grounding System Mangga Dua',3,'TL','O',0,'0000-00-00','0000-00-00','2018-10-06','2018-11-28','0157/FS/SML Subs/X/2018',0,'4500038473','2018-10-06',88425000,'2019-07-22','2019-08-05','',0,'','0000-00-00',0,'2019-07-23','0000-00-00','BJ',19,'','','',1,'W',NULL,'2018-10-06 00:00:00',NULL,'2019-09-13 15:47:08',NULL,0),
(29,'2018','Grounding System Villa Bukit Mas Surabaya ',3,'TL','O',0,'0000-00-00','0000-00-00','2018-10-06','2018-11-28','0158/FS/SML Subs/X/2018',0,'003/PKS/SAM-BKS/III/2019','2018-10-06',88425000,'2019-09-06','2019-09-13','',0,'','0000-00-00',0,'2019-02-18','0000-00-00','BJ',30,'','','',1,'W',NULL,'2018-10-06 00:00:00',NULL,'2019-09-12 10:50:30',NULL,0),
(30,'2018','Grounding System Ocean Park ',3,'TL','O',0,'0000-00-00','0000-00-00','2018-10-06','2018-11-28','0159/FS/SML Subs/X/2018',0,'4500038031','2018-10-06',88425000,'2019-07-01','2019-08-05','',0,'','0000-00-00',0,'2019-01-21','0000-00-00','BJ',3,'','','',1,'W',NULL,'2018-10-06 00:00:00',NULL,'2019-09-12 10:50:38',NULL,0),
(31,'2018','Grounding System Kota Bunga  ',3,'TL','O',0,'0000-00-00','0000-00-00','2018-10-06','2018-11-28','0160/FS/SML Subs/2018',0,'007/PO-KB/VII/2019','2018-10-06',88425000,'2019-07-25','2019-08-08','',0,'','0000-00-00',0,'2019-04-11','0000-00-00','BJ',31,'','','',1,'W',NULL,'2018-10-06 00:00:00',NULL,'2019-09-12 10:50:54',NULL,0),
(32,'2018','Grounding System Palm Spring Golf Karawang ',3,'TL','O',0,'0000-00-00','0000-00-00','2018-10-06','2018-11-28','0161/FS/SML Subs/X/2018',0,'4500038653','2018-10-06',88425000,'2019-07-18','2019-08-01','0161/FS/SML Subs/X/2018',0,'002/PKS/KBG-SAM/II/2019','0000-00-00',0,'2019-02-06','0000-00-00','BJ',1,'Prishylia Maha Putri','82220869964','Prishylia.Putri@samaktamitra.com',3,'W',NULL,'2018-10-06 00:00:00',NULL,'2019-09-12 10:52:58','syafira',0),
(33,'2018','Grounding System Grand City Balikpapan',3,'TL','O',0,'0000-00-00','0000-00-00','2018-10-06','2018-11-28','0162/FS/SML/Subs/X/2018',0,'0','2018-10-06',88425000,'0000-00-00','0000-00-00','',0,'','0000-00-00',0,'0000-00-00','0000-00-00','BJ',32,'','','',1,'L',NULL,'2018-10-06 00:00:00',NULL,'2019-09-03 15:56:47',NULL,0),
(34,'2018','GPON Club House The Eminent',3,'TL','O',0,'2018-08-01','2018-10-01','2018-08-14','2018-08-15','0021/FS/SML Subs/VIII/2018',0,'334/SML/RESI/HS1/BSD/VII/2018','2018-08-14',83838400,'0000-00-00','0000-00-00','',0,'','0000-00-00',0,'0000-00-00','0000-00-00','B',3,'','','',1,'W',NULL,'2018-08-14 00:00:00',NULL,'2019-09-03 15:56:48',NULL,0),
(35,'2018','BSD Junction Firewall',3,'TL','O',0,'2018-09-26','2018-11-25','2018-08-31','0000-00-00','0029/FS/SML Subs/VIII/2018',0,'0','2018-08-31',0,'0000-00-00','0000-00-00','',0,'','0000-00-00',0,'0000-00-00','0000-00-00','B',3,'','','',1,'L',NULL,'2018-08-31 00:00:00',NULL,'2019-09-03 16:00:09',NULL,0),
(36,'2018','Graha Cempaka Mas Firewall',3,'TL','O',0,'2018-09-26','2018-11-25','2018-08-31','0000-00-00','0033/FS/SML Subs/VIII/2018',0,'0','2018-08-31',0,'0000-00-00','0000-00-00','',0,'','0000-00-00',0,'0000-00-00','0000-00-00','B',18,'','','',1,'L',NULL,'2018-08-31 00:00:00',NULL,'2019-09-03 15:58:06',NULL,0),
(37,'2018','ITC BSD Firewall',3,'TL','O',0,'2018-09-26','2018-11-25','2018-08-31','0000-00-00','0028/FS/SML Subs/VIII/2018',0,'0','2018-08-31',0,'0000-00-00','0000-00-00','',0,'','0000-00-00',0,'0000-00-00','0000-00-00','B',3,'','','',1,'L',NULL,'2018-08-31 00:00:00',NULL,'2019-09-03 15:58:06',NULL,0),
(38,'2018','ITC Cempaka Mas Firewall',3,'TL','O',0,'2018-09-26','2018-11-25','2018-08-31','0000-00-00','0032/FS/SML Subs/VIII/2018',0,'0','2018-08-31',0,'0000-00-00','0000-00-00','',0,'','0000-00-00',0,'0000-00-00','0000-00-00','B',18,'','','',1,'L',NULL,'2018-08-31 00:00:00',NULL,'2019-09-03 15:58:06',NULL,0),
(39,'2018','ITC Depok Firewall',3,'TL','O',0,'2018-09-26','2018-11-25','2018-08-31','0000-00-00','0040/FS/JV/VIII/2018',0,'0','2018-08-31',0,'0000-00-00','0000-00-00','',0,'','0000-00-00',0,'0000-00-00','0000-00-00','B',33,'','','',1,'L',NULL,'2018-08-31 00:00:00',NULL,'2019-09-03 15:59:26',NULL,0),
(40,'2018','ITC Fatmawati Firewall',3,'TL','O',0,'2018-09-26','2018-11-25','2018-08-31','0000-00-00','0026/FS/SML Subs/VIII/2018',0,'0','2018-08-31',0,'0000-00-00','0000-00-00','',0,'','0000-00-00',0,'0000-00-00','0000-00-00','B',18,'','','',1,'L',NULL,'2018-08-31 00:00:00',NULL,'2019-09-03 15:59:26',NULL,0),
(41,'2018','ITC Kuningan Firewall',3,'TL','O',0,'2018-09-26','2018-11-25','2018-08-31','0000-00-00','0025/FS/SML Subs/VIII/2018',0,'0','2018-08-31',0,'0000-00-00','0000-00-00','',0,'','0000-00-00',0,'0000-00-00','0000-00-00','B',40,'','','',1,'L',NULL,'2018-08-31 00:00:00',NULL,'2019-09-03 15:59:26',NULL,0),
(42,'2018','ITC Mangga Dua Firewall',3,'TL','O',0,'2018-09-26','2018-11-25','2018-08-31','0000-00-00','0034/FS/SML Subs/VIII/2018',0,'0','2018-08-31',0,'0000-00-00','0000-00-00','',0,'','0000-00-00',0,'0000-00-00','0000-00-00','B',19,'','','',1,'L',NULL,'2018-08-31 00:00:00',NULL,'2019-09-03 16:01:36',NULL,0),
(43,'2018','ITC Permata Hijau Firewall',3,'TL','O',0,'2018-09-26','2018-11-25','2018-08-31','0000-00-00','0038/FS/JV/VIII/2018',0,'0','2018-08-31',0,'0000-00-00','0000-00-00','',0,'','0000-00-00',0,'0000-00-00','0000-00-00','B',0,'','','',1,'L',NULL,'2018-08-31 00:00:00',NULL,'2019-09-03 16:01:36',NULL,0),
(44,'2018','ITC Roxy Mas Firewall',3,'TL','O',0,'2018-09-26','2018-11-25','2018-08-31','0000-00-00','0037/FS/SML Subs/VIII/2018',0,'0','2018-08-31',0,'0000-00-00','0000-00-00','',0,'','0000-00-00',0,'0000-00-00','0000-00-00','B',19,'','','',1,'L',NULL,'2018-08-31 00:00:00',NULL,'2019-09-03 16:01:36',NULL,0),
(45,'2018','Kawasan Mangga Dua Firewall',3,'TL','O',0,'2018-09-26','2018-11-25','2018-08-31','0000-00-00','0036/FS/SML Subs/VIII/2018',0,'0','2018-08-31',0,'0000-00-00','0000-00-00','',0,'','0000-00-00',0,'0000-00-00','0000-00-00','B',19,'','','',1,'L',NULL,'2018-08-31 00:00:00',NULL,'2019-09-03 16:02:39',NULL,0),
(46,'2018','Mall Ambassador Firewall',3,'TL','O',0,'2018-09-26','2018-11-25','2018-08-31','0000-00-00','0031/FS/SML Subs/VIII/2018',0,'0','2018-08-31',0,'0000-00-00','0000-00-00','',0,'','0000-00-00',0,'0000-00-00','0000-00-00','B',40,'','','',1,'L',NULL,'2018-08-31 00:00:00',NULL,'2019-09-05 10:53:26',NULL,0),
(47,'2018','ITC Cempaka Mas Server Replacement',3,'TL','O',0,'2018-08-30','2018-09-29','2018-09-27','2018-11-11','0136/FS/SML Subs/IX/2018',0,'0067/SPK-ITCCMMG/XII/2018','2018-09-27',224556750,'0000-00-00','0000-00-00','',0,'','0000-00-00',0,'0000-00-00','0000-00-00','BJ',18,'','','',1,'W',NULL,'2018-09-27 00:00:00',NULL,'2019-09-05 10:53:26',NULL,0),
(48,'2018','ITC Roxy Mas Server Replacement',3,'TL','O',0,'2018-08-30','2018-09-29','2018-09-27','2018-11-11','0141/FS/SML Subs/IX/2018',0,'028/SPK-ITCRM/XII/2018','2018-09-27',224067500,'0000-00-00','0000-00-00','',0,'','0000-00-00',0,'0000-00-00','0000-00-00','BJ',19,'','','',1,'W',NULL,'2018-09-27 00:00:00',NULL,'2019-09-05 10:53:26',NULL,0),
(49,'2018','ITC Fatmawati Server Replacement',3,'TL','O',0,'2018-08-30','2018-09-29','2018-09-27','2018-11-11','0140/FS/SML Subs/IX/2018',0,'005/GS/FM/II/2019','2018-09-27',210556750,'0000-00-00','0000-00-00','',0,'','0000-00-00',0,'0000-00-00','0000-00-00','BJ',18,'','','',1,'W',NULL,'2018-09-27 00:00:00',NULL,'2019-09-05 10:54:37',NULL,0),
(50,'2018','ITC Kuningan & Ambassador Server Replacement',3,'TL','O',0,'2018-08-30','2018-09-29','2018-09-27','2018-11-11','0137/FS/SML Subs/IX/2018',0,'034/GS/KN/XII/2018','2018-09-27',210556750,'0000-00-00','0000-00-00','',0,'','0000-00-00',0,'0000-00-00','0000-00-00','BJ',40,'','','',1,'W',NULL,'2018-09-27 00:00:00',NULL,'2019-09-05 10:54:37',NULL,0),
(51,'2018','ITC Permata Hijau Server Replacement',3,'TL','O',0,'2018-08-30','2018-09-29','2018-09-27','2018-11-11','0138/FS/SML Subs/IX/2018',0,'001/GS/GITC-PH/II/2019','2018-09-27',227560000,'0000-00-00','0000-00-00','',0,'','0000-00-00',0,'0000-00-00','0000-00-00','BJ',35,'','','',1,'W',NULL,'2018-09-27 00:00:00',NULL,'2019-09-05 10:56:08',NULL,0),
(52,'2018','ITC Depok Server Replacement',3,'TL','O',0,'2018-08-30','2018-09-29','2018-09-27','2018-11-11','0139/FS/SML Subs/IX/2018',0,'010/SPK/PM/ITC-DEPOK/PZN/II/2019','2018-09-27',213560000,'0000-00-00','0000-00-00','',0,'','0000-00-00',0,'0000-00-00','0000-00-00','BJ',33,'','','',1,'W',NULL,'2018-09-27 00:00:00',NULL,'2019-09-05 10:56:08',NULL,0),
(53,'2018','Kawasan Mangga Dua Server Replacement',3,'TL','O',0,'2018-08-30','2018-09-29','2018-09-27','2018-11-11','0142/FS/SML Subs/IX/2018',0,'003/SPK/GS-GA/KM2M/II/2019','2018-09-27',224067500,'0000-00-00','0000-00-00','',0,'','0000-00-00',0,'0000-00-00','0000-00-00','BJ',19,'','','',1,'W',NULL,'2018-09-27 00:00:00',NULL,'2019-09-05 10:56:08',NULL,0),
(54,'2018','ITC Mangga Dua Server Replacement',3,'TL','O',0,'2018-08-30','2018-09-29','2018-09-27','2018-11-11','0143/FS/SML Subs/IX/2018',0,'003/SPK/GS-GA/KM2M/II/2019','2018-09-27',0,'0000-00-00','0000-00-00','',0,'','0000-00-00',0,'0000-00-00','0000-00-00','B',19,'','','',1,'W',NULL,'2018-09-27 00:00:00',NULL,'2019-09-05 10:57:55',NULL,0),
(55,'2018','Switch Aruba MSIG Tower',3,'TL','O',0,'2018-10-04','2018-11-03','2018-10-16','2018-09-04','0177/FS/SML Subs/X/2018',0,'0','2018-10-16',0,'0000-00-00','0000-00-00','',0,'','0000-00-00',0,'0000-00-00','0000-00-00','B',16,'','','',1,'L',NULL,'2018-10-16 00:00:00',NULL,'2019-09-05 10:57:55',NULL,0),
(56,'2018','P2T Security Office Cabling',3,'TL','O',0,'2018-10-04','2018-11-03','2018-10-16','0000-00-00','0176/FS/SML Subs/X/2018',0,'0','2018-10-16',0,'0000-00-00','0000-00-00','',0,'','0000-00-00',0,'0000-00-00','0000-00-00','B',3,'','','',1,'L',NULL,'2018-10-16 00:00:00',NULL,'2019-09-05 10:57:55',NULL,0),
(57,'2018','Kabel Data 9 Titik P2T Security',3,'TL','O',0,'2018-10-04','2018-11-03','2018-10-16','0000-00-00','0176/FS/SML Subs/X/2018',0,'4500037265','2018-10-16',0,'0000-00-00','0000-00-00','',0,'','0000-00-00',0,'0000-00-00','0000-00-00','B',3,'','','',1,'L',NULL,'2018-10-16 00:00:00',NULL,'2019-09-05 10:59:07',NULL,0),
(58,'2018','SML License Vision Online',3,'TL','O',2589300,'2018-10-01','2019-09-30','2018-09-24','2018-10-09','0123/FS/SML Subs/IX/2018',0,'4500033978','2018-09-24',0,'0000-00-00','0000-00-00','',0,'','0000-00-00',0,'0000-00-00','0000-00-00','B',3,'','','',1,'W',NULL,'2018-09-24 00:00:00',NULL,'2019-09-05 10:59:07',NULL,0),
(59,'2018','SML License Corel Draw',3,'TL','O',2589300,'2018-10-01','2019-09-30','2018-09-24','2018-10-09','0123/FS/SML Subs/IX/2018',0,'4500033995','2018-09-24',0,'0000-00-00','0000-00-00','',0,'','0000-00-00',0,'0000-00-00','0000-00-00','B',3,'','','',1,'W',NULL,'2018-09-24 00:00:00',NULL,'2019-09-05 10:59:07',NULL,0),
(60,'2018','SML License Autocad',3,'TL','O',2589300,'2018-10-01','2019-09-30','2018-09-24','2018-10-09','0123/FS/SML Subs/IX/2018',0,'4500033995','2018-09-24',0,'0000-00-00','0000-00-00','',0,'','0000-00-00',0,'0000-00-00','0000-00-00','B',3,'','','',1,'W',NULL,'2018-09-24 00:00:00',NULL,'2019-09-05 11:00:30',NULL,0),
(61,'2018','SML License',3,'TL','O',2589300,'2018-10-01','2019-09-30','2018-09-24','2018-10-09','0123/FS/SML Subs/IX/2018',0,'4500033978','2018-09-24',0,'0000-00-00','0000-00-00','',0,'','0000-00-00',0,'0000-00-00','0000-00-00','B',3,'','','',1,'W',NULL,'2018-09-24 00:00:00',NULL,'2019-09-05 11:00:30',NULL,0),
(62,'2018','SML Renewal Adobe',3,'TL','O',2589300,'2018-10-01','2019-09-30','2018-09-24','2018-10-09','0123/FS/SML Subs/IX/2018',0,'4500033974','2018-09-24',0,'0000-00-00','0000-00-00','',0,'','0000-00-00',0,'0000-00-00','0000-00-00','B',3,'','','',1,'W',NULL,'2018-09-24 00:00:00',NULL,'2019-09-05 11:00:30',NULL,0),
(63,'2018','Juniper for PT Bumi Mekar Hijau',3,'TL','O',31511500,'2018-11-01','2018-11-30','2018-10-26','2018-10-20','0196/FS/SMG/X/2018',0,'C022-4500089352 /20.10.2018','2018-10-26',0,'0000-00-00','0000-00-00','',0,'','0000-00-00',0,'0000-00-00','0000-00-00','B',11,'','','',1,'W',NULL,'2018-10-26 00:00:00',NULL,'2019-09-05 11:03:01',NULL,0),
(64,'2018','PT BAP Juniper Network',3,'TL','O',31511500,'2018-11-01','2018-11-30','2018-10-25','2018-10-20','0189/FS/SMG/X/2018',0,'C032-4500089349 /20.10.2018','2018-10-25',0,'0000-00-00','0000-00-00','',0,'','0000-00-00',0,'0000-00-00','0000-00-00','B',36,'','','',1,'W',NULL,'2018-10-25 00:00:00',NULL,'2019-09-05 11:03:01',NULL,0),
(65,'2018','Juniper for PT Arara Abadi',3,'TL','O',63023000,'2018-11-01','2018-11-30','2018-10-29','2018-10-29','0203/FS/SMG/X/2018',0,'A012-4500089589','2018-10-29',0,'0000-00-00','0000-00-00','',0,'','0000-00-00',0,'0000-00-00','0000-00-00','B',24,'','','',1,'W',NULL,'2018-10-29 00:00:00',NULL,'2019-09-05 11:03:01',NULL,0),
(66,'2018','Juniper for New Branch Office',3,'TL','O',59375000,'2018-11-01','2018-11-30','2018-10-29','2018-10-22','0198/FS/SMG/X/2018',0,'H301-4500089127 /22.10.2018','2018-10-29',0,'0000-00-00','0000-00-00','',0,'','0000-00-00',0,'0000-00-00','0000-00-00','B',5,'','','',1,'W',NULL,'2018-10-29 00:00:00',NULL,'2019-09-05 11:04:36',NULL,0),
(67,'2019','Commvault License',3,'TL','O',8093090000,'0000-00-00','0000-00-00','2019-02-07','2019-05-02','0271/FS/SML Subs/XI/2018',0,'4500037419','2019-02-07',0,'2019-05-15','2019-06-26',NULL,0,'','0000-00-00',0,'0000-00-00','0000-00-00','B',3,'','0','',1,'W',NULL,'2019-02-07 00:00:00',NULL,'2019-09-12 10:56:36','syafira',0),
(68,'2019','Commvault Services',3,'TL','O',8093090000,'0000-00-00','0000-00-00','2019-02-07','2019-05-02','0271/FS/SML Subs/XI/2018',0,'002/SPK/BSD-SAM/V/2019','2019-02-07',0,'0000-00-00','0000-00-00','',0,'','0000-00-00',0,'0000-00-00','0000-00-00','B',3,'','','',1,'W',NULL,'2019-02-07 00:00:00',NULL,'2019-09-05 15:56:51',NULL,0),
(69,'2018','New Office BMGU',3,'TE','O',54960000,'0000-00-00','0000-00-00','2018-11-02','2018-11-09','0211/FS/JV/XI/2018',0,'004/PO/BMGU/X/18','2018-11-02',0,'0000-00-00','0000-00-00','',0,'','0000-00-00',0,'0000-00-00','0000-00-00','BJ',21,'','','',3,'W',NULL,'2018-11-02 00:00:00',NULL,'2019-09-12 11:02:18',NULL,0),
(70,'2018','SML Collaboration Upgrade (PABX)',3,'TL','O',8455943739,'0000-00-00','0000-00-00','2018-11-26','2019-05-02','0224/FS/SML Subs/XI/2018',0,'4500037329','2018-11-26',0,'2019-05-15','2019-07-10','',0,'001/SPK/BSD-SAM/V/2019','0000-00-00',0,'0000-00-00','0000-00-00','BJ',3,'','','',1,'W',NULL,'2018-11-26 00:00:00',NULL,'2019-09-12 11:02:41',NULL,0),
(71,'2018','Juniper for New Branch Office',3,'TL','O',59375000,'2018-11-01','2018-11-30','2018-10-29','2018-10-22','0198/FS/SMG/X/2018',0,'004/IT/GKM/JKT/X/18-01-01','2018-10-29',0,'0000-00-00','0000-00-00','',0,'','0000-00-00',0,'0000-00-00','0000-00-00','B',37,'','','',1,'W',NULL,'2018-10-29 00:00:00',NULL,'2019-09-05 11:06:05',NULL,0),
(72,'2018','Access Point & Cabling - Keikyu',3,'TL','O',37758000,'0000-00-00','0000-00-00','2018-11-09','2018-12-21','0216/FS/JV/XI/2018',0,'PO 002','2018-11-09',0,'2018-12-21','2019-12-28','',0,'','0000-00-00',0,'0000-00-00','0000-00-00','B',20,'','','',3,'W',NULL,'2018-11-09 00:00:00',NULL,'2019-09-12 11:04:06',NULL,0),
(73,'2018','GPON Club House The Eminent Tambahan',3,'TL','O',0,'0000-00-00','0000-00-00','2018-11-26','0000-00-00','0226/FS/SML Subs/XI/2018',0,'0','2018-11-26',0,'2019-01-11','2019-01-25','',0,'','0000-00-00',0,'0000-00-00','0000-00-00','BJ',3,'','','',1,'P',NULL,'2018-11-26 00:00:00',NULL,'2019-09-12 11:04:16',NULL,0),
(74,'2018','Rewiring LAN Southgate Project Office',3,'TL','O',50760000,'0000-00-00','0000-00-00','2018-12-10','2018-12-20','0244/FS/SML Subs/XI/2018',0,'020/SPK-DSM/COMM-1/MKT/I/2019','2018-12-10',0,'2019-01-07','2019-01-22','',0,'','0000-00-00',0,'0000-00-00','0000-00-00','B',3,'','','',1,'W',NULL,'2018-12-10 00:00:00',NULL,'2019-09-12 11:04:54',NULL,0),
(75,'2018','Antivirus dan Windows 10 Pro - PT. BMGU',3,'TL','O',0,'0000-00-00','0000-00-00','2018-11-26','0000-00-00','0222/FS/JV/XI/2018',0,'0','2018-11-26',0,'0000-00-00','0000-00-00','',0,'','0000-00-00',0,'0000-00-00','0000-00-00','B',21,'','','',1,'L',NULL,'2018-11-26 00:00:00',NULL,'2019-09-05 11:11:42',NULL,0),
(76,'2018','Pembelian Hardisk UCS untuk Grand Wisata',3,'TL','O',0,'0000-00-00','0000-00-00','2018-12-27','0000-00-00','0273/FS/SML Subs/XII/2018',0,'0','2018-12-27',0,'0000-00-00','0000-00-00','',0,'','0000-00-00',0,'0000-00-00','0000-00-00','B',6,'','','',3,'L',NULL,'2018-12-27 00:00:00',NULL,'2019-09-05 15:59:59',NULL,0),
(77,'2018','Videotron MSIG Option 2',3,'TL','O',0,'0000-00-00','0000-00-00','2018-12-21','0000-00-00','0267/FS/SML Subs/XII/2018',0,'0','2018-12-21',NULL,'0000-00-00','0000-00-00',NULL,NULL,'','0000-00-00',NULL,'0000-00-00','0000-00-00','B',16,'','0','',1,'L',NULL,'2018-12-21 00:00:00',NULL,'2019-09-09 16:08:23','putri',0),
(78,'2018','Videotron MSIG Option 1',3,'TL','O',0,'0000-00-00','0000-00-00','2018-12-21','0000-00-00','0266/FS/SML Subs/XII/2018',0,'0','2018-12-21',0,'0000-00-00','0000-00-00','',0,'','0000-00-00',0,'0000-00-00','0000-00-00','B',16,'','','',1,'L',NULL,'2018-12-21 00:00:00',NULL,'2019-09-05 15:56:51',NULL,0),
(79,'2019','Renewal Autodesk',3,'TL','O',1282842000,'0000-00-00','0000-00-00','2019-01-07','2019-01-30','0046/FS/SML Subs/I/2019',0,'4500036402','2019-01-07',0,'0000-00-00','0000-00-00','',0,'','0000-00-00',0,'0000-00-00','0000-00-00','B',3,'','','',1,'W',NULL,'2019-01-07 00:00:00','','2019-09-05 11:22:22',NULL,0),
(80,'2019','Pengadaan Mini OLT untuk Asatti',3,'TL','O',504344000,'0000-00-00','0000-00-00','2019-01-09','2019-01-31','0007/FS/SML Subs/I/2019',0,'SPPB-HS2/4700008459/A1-6A/II/2019','2019-01-09',0,'0000-00-00','0000-00-00','',0,'','0000-00-00',0,'0000-00-00','0000-00-00','B',3,'','','',1,'W',NULL,'2019-01-09 00:00:00',NULL,'2019-09-05 11:17:46',NULL,0),
(81,'2019','Additional Laptop ITOMAS',3,'TL','O',13850000,'0000-00-00','0000-00-00','2019-01-15','0000-00-00','0008/FS/JV/I/2019',0,'008/PO/AERIUM/HC-GA/I/2019','2019-01-15',0,'0000-00-00','0000-00-00','',0,'','0000-00-00',0,'0000-00-00','0000-00-00','B',7,'','','',3,'W',NULL,'2019-01-15 00:00:00',NULL,'2019-09-05 11:17:46',NULL,0),
(82,'2019','CCTV DELTAMAS',3,'TL','O',0,'0000-00-00','0000-00-00','2019-01-09','0000-00-00','0006/FS/JV/I/2019',0,'0','2019-01-09',0,'0000-00-00','0000-00-00','',0,'','0000-00-00',0,'0000-00-00','0000-00-00','BJ',4,'','','',3,'L',NULL,'2019-01-09 00:00:00',NULL,'2019-09-05 11:18:54',NULL,0),
(83,'2019','Deltamas Network Infrastructure',3,'TL','O',0,'0000-00-00','0000-00-00','2019-01-09','0000-00-00','0003/FS/JV/I/2019',0,'0','2019-01-09',0,'0000-00-00','0000-00-00','',0,'','0000-00-00',0,'0000-00-00','0000-00-00','BJ',4,'','','',3,'L',NULL,'2019-01-09 00:00:00',NULL,'2019-09-05 11:18:55',NULL,0),
(84,'2019','Additional Cabling - Grand WisataÊ',3,'TL','O',31398900,'0000-00-00','0000-00-00','2019-01-07','2019-03-21','0024/FS/JV/I/2019',0,'4700001259/SPPB/PAP-TNK-ME/II/19','2019-01-07',0,'0000-00-00','0000-00-00','',0,'','0000-00-00',0,'0000-00-00','0000-00-00','B',6,'','','',3,'W',NULL,'2019-01-07 00:00:00',NULL,'2019-09-05 11:18:55',NULL,0),
(85,'2019','Pembelian License Adobe',3,'TL','O',157656404,'0000-00-00','0000-00-00','2019-01-04','2019-03-27','0240/FS/SML Subs/XII/2018',0,'4500036633,Ê4500036634,Ê4500036687','2019-01-04',0,'0000-00-00','0000-00-00','',0,'','0000-00-00',0,'0000-00-00','0000-00-00','B',3,'','','',1,'W',NULL,'2019-01-04 00:00:00',NULL,'2019-09-05 11:20:12',NULL,0),
(86,'2019','Penggantian UPS 30 KVA Thamrin',3,'TL','O',0,'0000-00-00','0000-00-00','2019-01-21','0000-00-00','00010/FS/SML Subs/I/2019',0,'0','2019-01-21',0,'0000-00-00','0000-00-00','',0,'','0000-00-00',0,'0000-00-00','0000-00-00','B',3,'','','',1,'L',NULL,'2019-01-21 00:00:00',NULL,'2019-09-05 11:20:12',NULL,0),
(87,'2019','Autodesk Renewal',3,'TL','O',1282842000,'0000-00-00','0000-00-00','2019-01-07','2019-01-30','0091/FS/SML Subs/IX/2018',0,'4500036402','2019-01-07',0,'0000-00-00','0000-00-00','',0,'','0000-00-00',0,'0000-00-00','0000-00-00','B',3,'','','',1,'W',NULL,'2019-01-07 00:00:00',NULL,'2019-09-05 11:20:12',NULL,0),
(88,'2018','Project Network Sedana Golf',3,'TL','O',129366596,'0000-00-00','0000-00-00','2018-09-05','2018-11-06','0049/FS/SML Subs/IX/2018',0,'003/KBG-PSGK/XI/18','2018-09-05',NULL,'0000-00-00','0000-00-00',NULL,0,'','0000-00-00',NULL,'0000-00-00','0000-00-00','B',1,'','','',3,'W',NULL,'2018-09-05 00:00:00',NULL,'2019-09-13 15:44:30','superadmin',0),
(89,'2019','Additional RFID Card - Gelar Waroeng',3,'TL','O',35950000,'0000-00-00','0000-00-00','2019-01-30','2019-05-08','0019/FS/JV/I/2019',0,'4500001957','2019-01-30',0,'0000-00-00','0000-00-00','',0,'','0000-00-00',0,'0000-00-00','0000-00-00','B',6,'','','',3,'W',NULL,'2019-01-30 00:00:00',NULL,'2019-09-05 11:21:40',NULL,0),
(90,'2019','Penggantian Battery UPS',3,'TL','O',0,'0000-00-00','0000-00-00','2019-02-07','0000-00-00','0032/FS/SML Subs/II/2019',0,'0','2019-02-07',0,'0000-00-00','0000-00-00','',0,'','0000-00-00',0,'0000-00-00','0000-00-00','BJ',40,'','','',1,'L',NULL,'2019-02-07 00:00:00',NULL,'2019-09-05 11:21:40',NULL,0),
(91,'2019','Storage for Commvault',3,'TL','O',1151220000,'0000-00-00','0000-00-00','2019-02-07','2019-05-02','0036/FS/SML Subs/II/2019',0,'4500037419','2019-02-07',0,'0000-00-00','0000-00-00','',0,'','0000-00-00',0,'0000-00-00','0000-00-00','B',3,'','','',1,'W',NULL,'2019-02-07 00:00:00',NULL,'2019-09-05 11:24:08',NULL,0),
(92,'2019','Multimedia Revamp Maket BSD City',3,'TL','O',113197500,'0000-00-00','0000-00-00','2019-02-07','0000-00-00','0035/FS/JV/II/2019',0,'SPK Ð MARCOMM/BSD Ð 045/III/2019','2019-02-07',0,'0000-00-00','0000-00-00','',0,'','0000-00-00',0,'0000-00-00','0000-00-00','BJ',3,'','','',1,'W',NULL,'2019-02-07 00:00:00',NULL,'2019-09-05 11:24:08',NULL,0),
(93,'2019','Hyperwall Phase 1 Yearly Maintenance',3,'TL','O',0,'0000-00-00','0000-00-00','2019-02-07','0000-00-00','',0,'','0000-00-00',0,'0000-00-00','0000-00-00','0034/FS/SML Subs/II/2019',0,'0','2019-02-07',0,'0000-00-00','0000-00-00','J',3,'','','',1,'W',NULL,'2019-02-07 00:00:00',NULL,'2019-09-05 11:24:08',NULL,0),
(94,'2019','Relokasi CCTV GOP6',3,'TL','O',0,'0000-00-00','0000-00-00','2019-02-13','0000-00-00','0045/FS/SML Subs/II/2019',0,'0','2019-02-13',0,'0000-00-00','0000-00-00','',0,'','0000-00-00',0,'0000-00-00','0000-00-00','B',3,'','','',1,'L',NULL,'2019-02-13 00:00:00',NULL,'2019-09-05 11:27:06',NULL,0),
(95,'2019','Relokasi Kabel FO GOP 6',3,'TL','O',0,'0000-00-00','0000-00-00','2019-02-13','0000-00-00','0047/FS/SML Subs/II/2019',0,'0','2019-02-13',0,'0000-00-00','0000-00-00','',0,'','0000-00-00',0,'0000-00-00','0000-00-00','B',3,'','','',1,'L',NULL,'2019-02-13 00:00:00',NULL,'2019-09-05 11:27:06',NULL,0),
(96,'2019','Kabel Intercom Videophone',3,'TL','O',0,'0000-00-00','0000-00-00','2019-02-13','0000-00-00','0049/FS/SML Subs/II/2019',0,'0','2019-02-13',0,'0000-00-00','0000-00-00','',0,'','0000-00-00',0,'0000-00-00','0000-00-00','B',3,'','','',1,'L',NULL,'2019-02-13 00:00:00',NULL,'2019-09-05 11:27:06',NULL,0),
(97,'2019','HR System - PT. TBS',3,'TL','O',0,'0000-00-00','0000-00-00','2019-01-26','0000-00-00','0011/FS/JV/I/2019',0,'0','2019-01-26',0,'0000-00-00','0000-00-00','0026/FS/JV/I/2019',0,'','2019-02-26',0,'0000-00-00','0000-00-00','BJ',2,'','','',3,'L',NULL,'2019-01-26 00:00:00',NULL,'2019-09-05 11:28:18',NULL,0),
(98,'2019','Additional Adobe & Autocad',3,'TL','O',0,'0000-00-00','0000-00-00','2019-02-15','0000-00-00','0048/FS/JV/II/2019',0,'0','2019-02-15',0,'0000-00-00','0000-00-00','',0,'','0000-00-00',0,'0000-00-00','0000-00-00','B',7,'','','',3,'L',NULL,'2019-02-15 00:00:00',NULL,'2019-09-05 11:28:18',NULL,0),
(99,'2019','Additional PC - Sedana Golf',3,'TL','O',28616040,'0000-00-00','0000-00-00','2019-02-15','2019-04-09','0051/FS/SML Subs/II/2019',0,'4500036796','2019-02-15',NULL,'0000-00-00','0000-00-00',NULL,NULL,'','0000-00-00',NULL,'0000-00-00','0000-00-00','B',1,'','0','',3,'W',NULL,'2019-02-15 00:00:00',NULL,'2019-09-09 16:12:44','syafira',0),
(100,'2019','CCTV dan Smarthome Rumah Massal Jadeite',3,'TE','O',0,'0000-00-00','0000-00-00','2019-02-18','0000-00-00','0056/FS/SML Subs/II/2019',0,'0','2019-02-18',0,'0000-00-00','0000-00-00','0058/FS/SML Subs/II/2019',0,'','2019-02-18',0,'0000-00-00','0000-00-00','B',3,'','','',1,'L',NULL,'2019-02-18 00:00:00',NULL,'2019-09-05 11:28:42',NULL,0),
(101,'2019','Network Infrastructure Sport Club System - Kota Wisata',3,'TL','O',0,'0000-00-00','0000-00-00','2019-02-05','0000-00-00','0022/FS/SML Subs/I/2019',0,'0','2019-02-05',0,'0000-00-00','0000-00-00','',0,'','0000-00-00',0,'0000-00-00','0000-00-00','B',42,'','','',1,'C','2019-09-12 16:48:45','2019-02-05 00:00:00',NULL,'2019-09-12 16:48:45',NULL,0),
(102,'2019','Sport Club System - Kota Wisata',3,'TL','O',0,'0000-00-00','0000-00-00','2019-02-05','0000-00-00','0029/FS/SML Subs/II/2019',0,'0','2019-02-05',0,'0000-00-00','0000-00-00','0025/FS/SML Subs/I/2019',0,'','2019-02-05',0,'0000-00-00','0000-00-00','BJ',42,'','','',1,'C','2019-09-12 16:47:24','2019-02-05 00:00:00',NULL,'2019-09-12 16:47:24',NULL,0),
(103,'2019','Website - Grand Wisata',3,'TL','O',130000000,'0000-00-00','0000-00-00','2019-02-05','2019-03-18','',0,'','0000-00-00',0,'0000-00-00','0000-00-00','0057/FS/JV/II/2019',0,'SPK No.5000001207\nSPK No.5000001208','2019-02-05',0,'0000-00-00','0000-00-00','J',6,'','','',3,'W',NULL,'2019-02-05 00:00:00',NULL,'2019-09-05 11:36:02',NULL,0),
(104,'2019','CCTV for Security - Deltamas',3,'TL','O',440000000,'0000-00-00','0000-00-00','2019-02-27','2019-03-04','0073/FS/JV/II/2019',0,'4500001585','2019-02-27',0,'0000-00-00','0000-00-00','0065/FS/JV/II/2019',0,'4500001585','2019-02-27',0,'0000-00-00','0000-00-00','BJ',4,'','','',3,'W',NULL,'2019-02-27 00:00:00',NULL,'2019-09-05 11:37:29',NULL,0),
(105,'2019','The Element Office Network (Access Points)',3,'TL','O',163802160,'0000-00-00','0000-00-00','2019-03-11','2019-05-08','0078/FS/SML Subs/III/2019',0,'SPPB no.4700008867','2019-03-11',0,'0000-00-00','0000-00-00','',0,'','0000-00-00',0,'0000-00-00','0000-00-00','B',3,'','','',1,'W',NULL,'2019-03-11 00:00:00',NULL,'2019-09-05 11:37:29',NULL,0),
(106,'2019','The Element Office Network (Cabling)',3,'TL','O',163802160,'0000-00-00','0000-00-00','2019-03-11','2019-05-08','0078/FS/SML Subs/III/2019',0,'SPPB no.4700008867','2019-03-11',0,'0000-00-00','0000-00-00','0077/FS/SML Subs/II/2019',0,'SPKB no. 4700008866','2019-03-11',0,'0000-00-00','0000-00-00','BJ',3,'','','',1,'W',NULL,'2019-03-11 00:00:00',NULL,'2019-09-05 11:37:29',NULL,0),
(107,'2019','The Element Office Network (Network Device)',3,'TL','O',163802160,'0000-00-00','0000-00-00','2019-03-11','2019-05-08','0078/FS/SML Subs/III/2019',0,'SPKB no. 4700008866','2019-03-11',0,'0000-00-00','0000-00-00','',0,'','0000-00-00',0,'0000-00-00','0000-00-00','B',3,'','','',1,'W','2019-09-12 16:50:45','2019-03-11 00:00:00',NULL,'2019-09-12 16:50:45',NULL,0),
(108,'2019','Smarthome Cluster Kimora Type 8',3,'TL','O',0,'0000-00-00','0000-00-00','2019-03-08','2019-04-24','0079/FS/JV/III/2019',0,'0','2019-03-08',0,'0000-00-00','0000-00-00','0080/FS/JV/III/2019',0,'0','2019-03-08',0,'0000-00-00','0000-00-00','BJ',13,'','','',3,'W',NULL,'2019-03-08 00:00:00',NULL,'2019-09-05 11:38:29',NULL,0),
(109,'2019','Smarthome Cluster Kimora Type 9',3,'TL','O',0,'0000-00-00','0000-00-00','2019-03-08','2019-04-24','0083/FS/JV/III/2019',0,'0','2019-03-08',0,'0000-00-00','0000-00-00','0084/FS/JV/III/2019',0,'0','2019-03-08',0,'0000-00-00','0000-00-00','BJ',13,'','','',3,'W',NULL,'2019-03-08 00:00:00',NULL,'2019-09-05 11:38:29',NULL,0),
(110,'2019','Microsoft PerpetualÊLicense for Midea',3,'TE','O',0,'0000-00-00','0000-00-00','2019-02-27','0000-00-00','0071/FS/External/II/2019',0,'0','2019-02-27',0,'0000-00-00','0000-00-00','',0,'','0000-00-00',0,'0000-00-00','0000-00-00','B',43,'','','',3,'L',NULL,'2019-02-27 00:00:00',NULL,'2019-09-05 11:40:23',NULL,0),
(111,'2019','GPON Club House The Eminent Tambahan 8 core',3,'TL','O',0,'0000-00-00','0000-00-00','2019-03-14','0000-00-00','0090/FS/SML Subs/III/2019',0,'0','2019-03-14',0,'0000-00-00','0000-00-00','0093/FS/SML Subs/III/2019',0,'0','2019-03-15',0,'0000-00-00','0000-00-00','BJ',3,'','','',1,'P',NULL,'2019-03-14 00:00:00',NULL,'2019-09-05 11:40:23',NULL,0),
(112,'2019','SupportingÊFacility Ruang NetworkÊAsatti',3,'TE','O',0,'0000-00-00','0000-00-00','2019-03-19','2019-04-04','0098/FS/SML Subs/III/2019',0,'0','2019-03-19',0,'0000-00-00','0000-00-00','0099/FS/SML Subs/III/2019',0,'0','2019-03-19',0,'0000-00-00','0000-00-00','BJ',3,'','','',1,'W',NULL,'2019-03-19 00:00:00',NULL,'2019-09-05 11:40:23',NULL,0),
(113,'2019','Additional Cabling - Grand WisataÊ',3,'TL','O',31398900,'0000-00-00','0000-00-00','2019-01-07','2019-03-21','0024/FS/JV/I/2019',0,'4700001258/SPKB/PAP-TNK-ME/II/19','2019-01-07',0,'0000-00-00','0000-00-00','',0,'','0000-00-00',0,'0000-00-00','0000-00-00','B',6,'','','',3,'W',NULL,'2019-01-07 00:00:00',NULL,'2019-09-05 11:41:41',NULL,0),
(114,'2019','Finance & Accounting System - RobustApp Aplication',3,'TL','O',0,'0000-00-00','0000-00-00','2019-03-22','0000-00-00','0100/FS/JV/III/2019',0,'0','2019-03-22',0,'0000-00-00','0000-00-00','0102/FS/JV/III/2019',0,'0','2019-03-23',0,'0000-00-00','0000-00-00','BJ',44,'','','',1,'L',NULL,'2019-03-22 00:00:00',NULL,'2019-09-05 11:41:41',NULL,0),
(115,'2019','Additional RFID Card 2 - Gelar Waroeng',3,'TL','O',47000000,'0000-00-00','0000-00-00','2019-04-04','2019-05-08','0145/FS/JV/IV/2019',0,'4500002067','2019-04-04',0,'0000-00-00','0000-00-00','',0,'','0000-00-00',0,'0000-00-00','0000-00-00','B',6,'','','',3,'W',NULL,'2019-04-04 00:00:00',NULL,'2019-09-05 11:41:41',NULL,0),
(116,'2019','Banjar Wijaya Sport Club (Pengadaan Wifi ALE)',3,'TL','O',0,'0000-00-00','0000-00-00','2019-04-27','0000-00-00','0162/FS/SML Subs/IV/2019',0,'0','2019-04-27',0,'0000-00-00','0000-00-00','',0,'','0000-00-00',0,'0000-00-00','0000-00-00','B',3,'','','',1,'P',NULL,'2019-04-27 00:00:00',NULL,'2019-09-05 11:43:08',NULL,0),
(117,'2019','Banjar Wijaya Sport Club (Pengadaan Switch Juniper)',3,'TL','O',0,'0000-00-00','0000-00-00','2019-04-27','0000-00-00','0162/FS/SML Subs/IV/2019',0,'0','2019-04-27',0,'0000-00-00','0000-00-00','',0,'','0000-00-00',0,'0000-00-00','0000-00-00','B',3,'','','',1,'P',NULL,'2019-04-27 00:00:00',NULL,'2019-09-05 11:43:08',NULL,0),
(118,'2019','Banjar Wijaya Sport Club (Pengadaan CCTV Set & Material Instalasi)',3,'TL','O',0,'0000-00-00','0000-00-00','2019-04-27','0000-00-00','0162/FS/SML Subs/IV/2019',0,'0','2019-04-27',0,'0000-00-00','0000-00-00','',0,'','0000-00-00',0,'0000-00-00','0000-00-00','B',3,'','','',1,'P',NULL,'2019-04-27 00:00:00',NULL,'2019-09-05 11:43:08',NULL,0),
(119,'2019','Banjar Wijaya Sport ClubÊ(CCTV Instalasi)',3,'TL','O',0,'0000-00-00','0000-00-00','2019-04-27','0000-00-00','',0,'','0000-00-00',0,'0000-00-00','0000-00-00','0163/FS/SML Subs/IV/2019',0,'0','2019-04-27',0,'0000-00-00','0000-00-00','J',3,'','','',1,'P',NULL,'2019-04-27 00:00:00',NULL,'2019-09-05 11:44:50',NULL,0),
(120,'2019','Peralatan TOAÊBanjar Wijaya Sport Club',3,'TL','O',0,'0000-00-00','0000-00-00','2019-04-27','0000-00-00','0162/FS/SML Subs/IV/2019',0,'0','2019-04-27',0,'0000-00-00','0000-00-00','0163/FS/SML Subs/IV/2019',0,'0','2019-04-27',0,'0000-00-00','0000-00-00','BJ',3,'','','',1,'P',NULL,'2019-04-27 00:00:00',NULL,'2019-09-05 11:44:50',NULL,0),
(121,'2019','MSIG Additional LAN Connection (Aruba)',3,'TL','O',87140067,'0000-00-00','0000-00-00','2019-04-07','2019-07-19','0137/FS/SML Subs/IV/2019',0,'027/SPK/DCP/ME/VI/2019','2019-04-07',0,'0000-00-00','0000-00-00','',0,'','0000-00-00',0,'0000-00-00','0000-00-00','B',16,'','','',1,'W',NULL,'2019-04-07 00:00:00',NULL,'2019-09-05 11:44:50',NULL,0),
(122,'2019','MSIG Additional LAN Connection (Cabling)',3,'TL','O',87140067,'0000-00-00','0000-00-00','2019-04-07','2019-07-19','0137/FS/SML Subs/IV/2019',0,'027/SPK/DCP/ME/VI/2019','2019-04-07',0,'0000-00-00','0000-00-00','',0,'','0000-00-00',0,'0000-00-00','0000-00-00','B',16,'','','',1,'W',NULL,'2019-04-07 00:00:00',NULL,'2019-09-05 13:35:54',NULL,0),
(123,'2019','MSIG Additional LAN Connection (Switch Juniper)',3,'TL','O',87140067,'0000-00-00','0000-00-00','2019-04-07','2019-07-19','0137/FS/SML Subs/IV/2019',0,'027/SPK/DCP/ME/VI/2019','2019-04-07',0,'0000-00-00','0000-00-00','',0,'','0000-00-00',0,'0000-00-00','0000-00-00','B',16,'','','',1,'W',NULL,'2019-04-07 00:00:00',NULL,'2019-09-05 13:35:54',NULL,0),
(124,'2019','Casa De Parco LANÊ& Computer',3,'TL','O',0,'0000-00-00','0000-00-00','2019-04-04','0000-00-00','0143/FS/SML Subs/IV/2019',0,'0','2019-04-04',0,'0000-00-00','0000-00-00','',0,'','0000-00-00',0,'0000-00-00','0000-00-00','B',3,'','','',1,'P',NULL,'2019-04-04 00:00:00',NULL,'2019-09-05 13:35:54',NULL,0),
(125,'2019','Saveria LANÊ& Computer',3,'TL','O',0,'0000-00-00','0000-00-00','2019-04-04','0000-00-00','0144/FS/SML Subs/IV/2019',0,'0','2019-04-04',0,'0000-00-00','0000-00-00','',0,'','0000-00-00',0,'0000-00-00','0000-00-00','B',3,'','','',1,'P',NULL,'2019-04-04 00:00:00',NULL,'2019-09-05 13:54:29',NULL,0),
(126,'2019','Pembelian License Adobe',3,'TE','O',157656404,'0000-00-00','0000-00-00','2019-01-04','2019-03-27','0240/FS/SML Subs/XII/2018 R1',0,'4500036633,Ê4500036634,Ê4500036687','2019-01-04',0,'0000-00-00','0000-00-00','',0,'','0000-00-00',0,'0000-00-00','0000-00-00','B',3,'','','',1,'W',NULL,'2019-01-04 00:00:00',NULL,'2019-09-05 13:43:18',NULL,0),
(127,'2019','Casa De Parco LAN & Computer (PC)',3,'TL','O',0,'0000-00-00','0000-00-00','2019-04-04','0000-00-00','0143/FS/SML Subs/IV/2019',0,'0','2019-04-04',0,'0000-00-00','0000-00-00','',0,'','0000-00-00',0,'0000-00-00','0000-00-00','B',3,'','','',1,'P',NULL,'2019-04-04 00:00:00',NULL,'2019-09-05 13:43:18',NULL,0),
(128,'2019','Saveria LAN & Computer (PC)',3,'TL','O',0,'0000-00-00','0000-00-00','2019-04-04','0000-00-00','0144/FS/SML Subs/IV/2019',0,'0','2019-04-04',0,'0000-00-00','0000-00-00','',0,'','0000-00-00',0,'0000-00-00','0000-00-00','B',3,'','','',1,'P',NULL,'2019-04-04 00:00:00',NULL,'2019-09-05 13:43:18',NULL,0),
(129,'2019','Cabling Data LAN Banjar Wijaya SportClub (UTP Cable)',3,'TL','O',0,'0000-00-00','0000-00-00','2019-04-27','0000-00-00','0162/FS/SML Subs/IV/2019',0,'0','2019-04-27',0,'0000-00-00','0000-00-00','',0,'','0000-00-00',0,'0000-00-00','0000-00-00','B',3,'','','',1,'P',NULL,'2019-04-27 00:00:00',NULL,'2019-09-05 13:44:34',NULL,0),
(130,'2019','Fiber Optic & Cabling Wifi, CCTV, Access Banjar Wijaya SportClub',3,'TL','O',0,'0000-00-00','0000-00-00','2019-04-27','0000-00-00','0162/FS/SML Subs/IV/2019',0,'0','2019-04-27',0,'0000-00-00','0000-00-00','',0,'','0000-00-00',0,'0000-00-00','0000-00-00','B',3,'','','',1,'P',NULL,'2019-04-27 00:00:00',NULL,'2019-09-05 13:44:34',NULL,0),
(131,'2019','Banjar Wijaya SportClub - MaterialÊApplication System',3,'TL','O',0,'0000-00-00','0000-00-00','2019-04-01','0000-00-00','0125/FS/SML Subs/IV/2019',0,'0','2019-04-01',0,'0000-00-00','0000-00-00','0163/FS/SML Subs/IV/2019',0,'0','2019-04-27',0,'0000-00-00','0000-00-00','BJ',3,'','','',1,'P',NULL,'2019-04-01 00:00:00',NULL,'2019-09-05 13:44:34',NULL,0),
(132,'2019','Casa De Parco LANÊ& ComputerÊ- Material Cable',3,'TL','O',0,'0000-00-00','0000-00-00','2019-04-04','0000-00-00','0143/FS/SML Subs/IV/2019',0,'0','2019-04-04',0,'0000-00-00','0000-00-00','0115/FS/SML Subs/III/2019',0,'0','2019-03-27',0,'0000-00-00','0000-00-00','BJ',3,'','','',1,'P',NULL,'2019-04-04 00:00:00',NULL,'2019-09-05 13:46:28',NULL,0),
(133,'2019','Material GPON Club House The Eminent Tambahan Switch',3,'TL','O',0,'0000-00-00','0000-00-00','2019-05-03','0000-00-00','0186/FS/SML Subs/V/2019',0,'0','2019-05-03',0,'0000-00-00','0000-00-00','',0,'','0000-00-00',0,'0000-00-00','0000-00-00','B',3,'','','',1,'P',NULL,'2019-05-03 00:00:00',NULL,'2019-09-05 13:46:28',NULL,0),
(134,'2019','JVÊ- Additional PC ITOMAS',3,'TL','O',0,'0000-00-00','0000-00-00','2019-05-09','0000-00-00','0170/FS/JV/IV/2019',0,'0','2019-05-09',0,'0000-00-00','0000-00-00','',0,'','0000-00-00',0,'0000-00-00','0000-00-00','B',38,'','','',3,'L',NULL,'2019-05-09 00:00:00',NULL,'2019-09-05 13:46:28',NULL,0),
(135,'2019','Renewal Office 365 BSD 2019',3,'TL','O',7029126000,'0000-00-00','0000-00-00','2019-05-22','0000-00-00','0228/FS/SML Subs/V/2019',0,'4500038202','2019-05-22',0,'0000-00-00','0000-00-00','',0,'','0000-00-00',0,'0000-00-00','0000-00-00','B',3,'','','',1,'W',NULL,'2019-05-22 00:00:00',NULL,'2019-09-05 13:48:50',NULL,0),
(136,'2019','MC - CCTV Fresh Market - Kota Wisata (Material Cabling)',3,'TL','O',0,'0000-00-00','0000-00-00','2019-05-23','0000-00-00','0196/FS/SML Subs/V/2019',0,'0','2019-05-23',0,'0000-00-00','0000-00-00','',0,'','0000-00-00',0,'0000-00-00','0000-00-00','B',42,'','','',1,'P',NULL,'2019-05-23 00:00:00',NULL,'2019-09-05 13:48:50',NULL,0),
(137,'2019','MC - CCTV Fresh Market - Kota Wisata (Material CCTV)',3,'TL','O',0,'0000-00-00','0000-00-00','2019-05-23','0000-00-00','0196/FS/SML Subs/V/2019',0,'0','2019-05-23',0,'0000-00-00','0000-00-00','',0,'','0000-00-00',0,'0000-00-00','0000-00-00','B',42,'','','',1,'P',NULL,'2019-05-23 00:00:00',NULL,'2019-09-05 13:48:50',NULL,0),
(138,'2019','MC - CCTV Fresh Market - Kota Wisata (Material PC)',3,'TL','O',0,'0000-00-00','0000-00-00','2019-05-23','0000-00-00','0196/FS/SML Subs/V/2019',0,'0','2019-05-23',0,'0000-00-00','0000-00-00','',0,'','0000-00-00',0,'0000-00-00','0000-00-00','B',42,'','','',1,'P',NULL,'2019-05-23 00:00:00',NULL,'2019-09-05 13:49:49',NULL,0),
(139,'2019','MC - CCTV Fresh Market - Kota Wisata (Material Switch)',3,'TL','O',0,'0000-00-00','0000-00-00','2019-05-23','0000-00-00','0196/FS/SML Subs/V/2019',0,'0','2019-05-23',0,'0000-00-00','0000-00-00','',0,'','0000-00-00',0,'0000-00-00','0000-00-00','B',42,'','','',1,'P',NULL,'2019-05-23 00:00:00',NULL,'2019-09-05 13:49:49',NULL,0),
(140,'2019','MC - CCTV Fresh Market - Kota Wisata (Jasa CCTV)',3,'TL','O',0,'0000-00-00','0000-00-00','2019-05-23','0000-00-00','',0,'','0000-00-00',0,'0000-00-00','0000-00-00','0197/FS/SML Subs/V/2019',0,'0','2019-05-23',0,'0000-00-00','0000-00-00','J',42,'','','',1,'P',NULL,'2019-05-23 00:00:00',NULL,'2019-09-05 13:49:49',NULL,0),
(141,'2019','Rekomendasi Penggantian UPS (Material)',3,'TL','O',315000000,'0000-00-00','0000-00-00','2019-05-24','2019-07-12','0237/FS/SML Subs/V/2019',0,'4500038827','2019-05-24',0,'0000-00-00','0000-00-00','',0,'','0000-00-00',0,'0000-00-00','0000-00-00','B',3,'','','',1,'W',NULL,'2019-05-24 00:00:00',NULL,'2019-09-05 13:50:55',NULL,0),
(142,'2019','Relokasi Marketing Gallery Aerium ',3,'TL','O',0,'0000-00-00','0000-00-00','2019-05-29','0000-00-00','0233/FS/JV/V/2019',0,'0','2019-05-29',0,'0000-00-00','0000-00-00','0238/FS/JV/V/2019',0,'0','2019-05-29',0,'0000-00-00','0000-00-00','BJ',38,'','','',3,'P',NULL,'2019-05-29 00:00:00',NULL,'2019-09-05 13:50:55',NULL,0),
(143,'2019','SML Mall Loyalty Program Option 1 ',3,'TL','O',0,'0000-00-00','0000-00-00','2019-05-23','0000-00-00','0239/FS/SML Subs/V/2019',0,'0','2019-05-23',0,'0000-00-00','0000-00-00','0187/FS/SML Subs/V/2019',0,'0','2019-05-03',0,'0000-00-00','0000-00-00','BJ',3,'','','',1,'P',NULL,'2019-05-23 00:00:00',NULL,'2019-09-05 13:50:55',NULL,0),
(144,'2019','SML Mall Loyalty Program Option 2',3,'TL','O',0,'0000-00-00','0000-00-00','2019-05-29','0000-00-00','0240/FS/SML Subs/V/2019',0,'0','2019-05-29',0,'0000-00-00','0000-00-00','0171/FS/SML Subs/IV/2019',0,'0','2019-04-29',0,'0000-00-00','0000-00-00','BJ',3,'','','',1,'P',NULL,'2019-05-29 00:00:00',NULL,'2019-09-05 13:51:56',NULL,0),
(145,'2019','Kabel FO ITC Mangga Dua (Material)',3,'TL','O',2795820,'0000-00-00','0000-00-00','2019-05-29','0000-00-00','0241/FS/SML Subs/V/2019',0,'00350/PO/V/2019','2019-05-29',0,'0000-00-00','0000-00-00','',0,'','0000-00-00',0,'0000-00-00','0000-00-00','B',19,'','','',1,'W',NULL,'2019-05-29 00:00:00',NULL,'2019-09-05 13:51:56',NULL,0),
(146,'2019','BSD - Wifi for GIIAS & IIPE',3,'TL','O',0,'2019-07-10','2019-08-04','2019-06-24','0000-00-00','',0,'','0000-00-00',0,'0000-00-00','0000-00-00','0318/FS/SML Subs/VI/2019',0,'0','2019-06-24',0,'0000-00-00','0000-00-00','J',3,'','','',1,'W','2019-09-12 16:46:02','2019-06-24 00:00:00',NULL,'2019-09-12 16:46:02',NULL,0),
(147,'2019','CCTV Analog for Heritage ',3,'TL','O',0,'0000-00-00','0000-00-00','2019-06-21','0000-00-00','0310/FS/External/VI/2019',14750000,'0','2019-06-21',0,'0000-00-00','0000-00-00','0311/FS/External/VI/2019',4100000,'0','2019-06-21',0,'0000-00-00','0000-00-00','BJ',39,'Muhamad Savier Azmy A','','mohammad.savier@sinarmasland.com',4,'P',NULL,'2019-06-21 00:00:00',NULL,'2019-09-12 17:57:52','syafira',0),
(148,'2019','IIE Renewal Interm Solution Manage Service ICE - 2019',3,'TL','O',0,'0000-00-00','0000-00-00','2019-07-06','2019-07-31','0383/FS/JV/VII/2019',0,'0','2019-07-06',0,'0000-00-00','0000-00-00','0321//FS/JV/VI/2019',0,'SPK/225/ICE/V/2019, SPK/269/ICE/VI/2019,','2019-07-09',0,'0000-00-00','0000-00-00','BJ',14,'','','',3,'W','2019-09-12 16:49:48','2019-07-06 00:00:00',NULL,'2019-09-12 17:52:43','syafira',0),
(149,'2019','BSD - Videotron Marketing BSD Opsi 1 - (P2,5) (12 x 3,5 m)',3,'TE','O',0,'0000-00-00','0000-00-00','2019-06-20','0000-00-00','0190/FS/SML Subs/V/2019',0,'0','2019-06-20',0,'0000-00-00','0000-00-00','',0,'','0000-00-00',0,'0000-00-00','0000-00-00','B',3,'','','',1,'L',NULL,'2019-06-20 00:00:00',NULL,'2019-09-05 13:53:45',NULL,0),
(150,'2019','BSD - Videotron Marketing BSD Opsi 1 - (P2,5) (11 x 3,5 m)',3,'TE','O',0,'0000-00-00','0000-00-00','2019-06-20','0000-00-00','0189/FS/SML Subs/V/2019',0,'0','2019-06-20',0,'0000-00-00','0000-00-00','',0,'','0000-00-00',0,'0000-00-00','0000-00-00','B',3,'','','',1,'L',NULL,'2019-06-20 00:00:00',NULL,'2019-09-05 13:53:45',NULL,0),
(151,'2019','BSD - Videotron Marketing BSD Opsi 1 - (P2,5) (12 ,5 x 3,5 m)',3,'TE','O',0,'0000-00-00','0000-00-00','2019-05-09','0000-00-00','',0,'','0000-00-00',0,'0000-00-00','0000-00-00','0191/FS/SML Subs/V/2019',0,'0','2019-05-09',0,'0000-00-00','0000-00-00','J',3,'','','',1,'L',NULL,'2019-05-09 00:00:00',NULL,'2019-09-05 13:55:30',NULL,0),
(152,'2019','BSD - Videotron Marketing BSD Opsi 1 - (P2,5) (11 x 2,5 m)',3,'TE','O',0,'0000-00-00','0000-00-00','2019-06-21','0000-00-00','',0,'','0000-00-00',0,'0000-00-00','0000-00-00','0192/FS/SML Subs/V/2019',0,'0','2019-06-21',0,'0000-00-00','0000-00-00','J',3,'','','',1,'L',NULL,'2019-06-21 00:00:00',NULL,'2019-09-05 13:55:30',NULL,0),
(153,'2018','Juniper for New Branch Office',3,'TL','O',59375000,'2018-11-01','2018-11-30','2018-10-29','2018-10-22','0198/FS/SMG/X/2018',0,'004/IT/GKM/JKT/X/18-01-01','2018-10-29',0,'0000-00-00','0000-00-00','',0,'','0000-00-00',0,'0000-00-00','0000-00-00','B',23,'','','',1,'W',NULL,'2018-10-29 00:00:00',NULL,'2019-09-05 13:56:18',NULL,0),
(154,'2018','Juniper for New Branch Office',3,'TL','O',59375000,'2018-11-01','2018-11-30','2018-10-29','2018-10-22','0198/FS/SMG/X/2018',0,'004/IT/GKM/JKT/X/18-01-01','2018-10-29',0,'0000-00-00','0000-00-00','',0,'','0000-00-00',0,'0000-00-00','0000-00-00','B',26,'','','',1,'W',NULL,'2018-10-29 00:00:00',NULL,'2019-09-05 13:56:18',NULL,0),
(155,'2019','Additional RFID Card 2 - Gelar Waroeng',6,'TL','O',NULL,'2019-05-21','2019-06-20','2019-04-04','2019-05-08','0145/FS/JV/IV/2019',40000000,NULL,NULL,47000000,'2019-05-21','2019-06-20',NULL,NULL,NULL,NULL,NULL,'0000-00-00','0000-00-00','B',6,'Prishylia Maha Putri','082220869964','Prishylia.Putri@samaktamitra.com',3,'P',NULL,'2019-09-09 15:53:07','syafira','2019-09-09 15:55:19',NULL,1),
(156,'2019','In Building System GOP 1',6,'TE','O',0,'2019-07-16','2019-08-16','2019-07-16','2019-10-16','0413/FS/SML Subs/VII/2019',0,'','0000-00-00',0,'2019-07-16','2019-08-16','0412/FS/SML Subs/VII/2019',0,'','0000-00-00',0,'2019-07-16','2019-08-16','BJ',3,'Bambang Mulyanto','08129283828','Bambang.Mulyanto@samaktamitra.com',2,'P','2019-09-11 18:00:53','2019-07-16 00:00:00','syafira','2019-09-11 18:00:53','syafira',0),
(160,'2019','MBP - UPS for MBP',6,'TL','O',NULL,'0002-09-09','2019-09-08','2019-08-22','2019-08-26','0507/FS/External/VIII/2019',16400000,NULL,NULL,20437920,'0002-09-09','2019-09-08',NULL,NULL,NULL,NULL,NULL,'0000-00-00','0000-00-00','B',45,'Muhamad Savier Azmy A','0','mohammad.savier@sinarmasland.com',4,'P',NULL,'2019-09-10 17:32:27','syafira','2019-09-12 08:31:12','superadmin',0),
(161,'2019','Additional Infra for Maket Marketing Office BSD (UPS)',6,'TL','O',NULL,'2019-09-15','2019-10-14','2019-08-15','0000-00-00','0500/FS/SML Subs/VIII/2019',11400000,NULL,NULL,0,'2019-09-15','2019-10-14',NULL,NULL,NULL,NULL,NULL,'0000-00-00','0000-00-00','B',3,'Bambang Mulyanto','8129283828','Bambang.Mulyanto@samaktamitra.com',2,'P',NULL,'2019-09-11 09:23:30','syafira',NULL,NULL,0),
(162,'2019','Additional Infra for Maket Marketing Office BSD (Microserver)',6,'TE','O',NULL,'0000-00-00','0000-00-00','2019-08-15','0000-00-00','0500/FS/SML Subs/VIII/2019',142884000,NULL,NULL,NULL,'0000-00-00','0000-00-00',NULL,NULL,NULL,NULL,NULL,'0000-00-00','0000-00-00','B',3,'','0','',2,'P',NULL,'2019-09-11 14:33:59','putri','2019-09-11 16:05:21','superadmin',0),
(165,'2019','Additional Infra for Maket Marketing Office BSD (Touchscreen)',6,'TL','O',NULL,'0000-00-00','0000-00-00','2019-08-15','0000-00-00','0500/FS/SML Subs/VIII/2019',97594000,NULL,NULL,NULL,'0000-00-00','0000-00-00',NULL,NULL,NULL,NULL,NULL,'0000-00-00','0000-00-00','B',3,'Muhamad Bambang Mulyanto','8129283828','Bambang.Mulyanto@samaktamitra.com',2,'P',NULL,'2019-09-11 15:07:03','syafira','2019-09-11 16:04:06','superadmin',0),
(166,'2019','VM Application & VM Database (Azzure Cloud)',6,'TL','O',0,'0000-09-11','0000-09-11','2019-08-12','0000-00-00','0489/FS/External/VIII/2019',22500000,'','0000-00-00',NULL,'0000-00-00','0000-00-00','0490/FS/External/VIII/2019',2000000,'','0000-00-00',NULL,'0000-00-00','0000-00-00','BJ',46,'Alvonsus Bram Radityo Nugroho','02129393999','eproc@vibicloud.com',1,'L','2019-09-11 15:59:02','2019-09-11 15:56:50','syafira','2019-09-11 16:04:51','superadmin',0),
(167,'2019','BSD - UPS 2 KVA for GOP 1',6,'TL','O',NULL,'0000-00-00','0000-00-00','2019-07-30','0000-00-00','0459/FS/SML Subs/VII/2019',33880000,NULL,NULL,NULL,'0000-00-00','0000-00-00',NULL,NULL,NULL,NULL,NULL,'0000-00-00','0000-00-00','B',3,'Muhamad Bambang Mulyanto','08129283828','Bambang.Mulyanto@samaktamitra.com',2,'P',NULL,'2019-09-11 16:16:16','putri','2019-09-11 18:11:14','superadmin',0),
(168,'2019','MC - Boom Gate Cluster Bellwood - Kota Wisata',6,'TL','O',0,'0000-00-00','0000-00-00','2019-08-05','0000-00-00','0463/FS/SML Subs/VII/2019',179110000,'','0000-00-00',0,'0000-09-11','0000-09-11','0464/FS/SML Subs/VII/2019',184260000,'','0000-00-00',0,'0000-09-11','0000-09-11','BJ',47,'Prishylia Maha Putri','82220869964','Prishylia.Putri@samaktamitra.com',3,'L','2019-09-12 10:16:19','2019-08-05 00:00:00','syafira','2019-09-13 14:48:00','syafira',0),
(169,'2019','Banjar Wijaya Sport Club - PC & Server (Material)',6,'TL','O',0,'0000-09-11','0000-09-11','2019-08-05','2019-09-10','0472/FS/SML Subs/VIII/2019',74950000,'0','0000-00-00',0,'0000-09-11','0000-09-11',NULL,NULL,'','0000-00-00',NULL,'0000-00-00','0000-00-00','B',41,'Yuky Yonathan','87885111728','Yuky.Yonathan@samaktamitra.com',1,'W','2019-09-12 15:11:08','2019-09-12 15:08:51','syafira','2019-09-12 15:11:08',NULL,0),
(170,'2019','Banjar Wijaya Sport Club - Access Door (Jasa)',6,'TL','O',0,'0000-09-12','0000-09-12','2019-08-05','2019-09-10',NULL,NULL,'','0000-00-00',NULL,'0000-00-00','0000-00-00','0465/FS/SML Subs/VIII/2019',2250000,'0','0000-00-00',0,'0000-09-12','0000-09-12','J',41,'Yuky Yonathan','87885111728','Yuky.Yonathan@samaktamitra.com',1,'W','2019-09-12 15:33:54','2019-09-12 15:32:35','syafira','2019-09-12 15:33:54',NULL,0),
(172,'2019','Banjar Wijaya Sport Club - Access Door (Material)',6,'TL','O',0,'0000-09-11','0000-09-11','2019-08-05','2019-09-10','0472/FS/SML Subs/VIII/2019',25537500,'0','0000-00-00',0,'0000-09-11','0000-09-11',NULL,NULL,'','0000-00-00',NULL,'0000-00-00','0000-00-00','B',41,'Yuky Yonathan','87885111728','Yuky.Yonathan@samaktamitra.com',1,'W','2019-09-12 15:44:42','2019-09-12 15:42:20','syafira','2019-09-12 15:44:42',NULL,0);

/*Data for the table `project_vendor` */

insert  into `project_vendor`(`id_project`,`id_vendor`,`tipe_pembelian`,`tipe_project_vendor`,`no_fpt`,`no_quotation`,`nilai_quotation_awal`,`nilai_quotation_akhir`,`expired_quotation`,`status`,`keterangan`,`lampiran`) values 
(1,2,'J','TL','0002/FPT/II/2018','1',16200000,16200000,'0000-00-00','W','B','attach-1-2-CV_Wirelessindo.jpg'),
(1,6,'B','TL','0001/FPT/II/2018','1',33859000,30000000,'0000-00-00','W','A','attach-1-6-PT_Nalindo_Surya_Digital.jpg'),
(2,3,'B','TL','0003/FPT/V/2018','-',44515000,42000000,'0000-00-00','W','','attach-2-3-PT_Agiva_Indonesia.jpg'),
(2,6,'B','TL','0004/FPT/V/2018','-',4500000,2750000,'0000-00-00','W','','attach-2-6-PT_Nalindo_Surya_Digital.jpg'),
(3,13,'J','TL','0005/FPT/V/2018','',1070250000,1068000000,'0000-00-00','W',NULL,'upload'),
(4,6,'B','TL','0006/FPT/VIII/2018','',24878000,22628000,'0000-00-00','W',NULL,'upload'),
(4,21,'B','TL','0007/FPT/VIII/2018','',65239200,55000000,'0000-00-00','W',NULL,'upload'),
(5,16,'J','TL','0008/FPT/V/2018','',865800000,864000000,'0000-00-00','W',NULL,'upload'),
(5,22,'J','TL','0009/FPT/V/2018','',14160000,11428000,'0000-00-00','W',NULL,'upload'),
(6,0,'B','TL','0010/FPT/VII/2018','',960000,0,'0000-00-00','W',NULL,NULL),
(6,5,'B','TL','0014/FPT/VII/2018','',144000000,137875000,'0000-00-00','W',NULL,'upload'),
(6,16,'B','TL','0011/FPT/VII/2018','',42891866,40000000,'0000-00-00','W',NULL,'upload'),
(6,19,'B','TL','0010/FPT/VII/2018','',25410000,24900000,'0000-00-00','W',NULL,'upload'),
(6,36,'B','TL','0012/FPT/VII/2018','',21850000,19100000,'0000-00-00','W',NULL,'upload'),
(7,19,'B','TL','0015/FPT/VII/2018','',2147483647,2147483647,'0000-00-00','W',NULL,'upload'),
(8,54,'B','TE','0016/FPT/VII/2018','',21300000,20900000,'0000-00-00','W',NULL,'upload'),
(9,1,'B','TL','0017/FPT/VII/2018','',1564440000,1181152200,'0000-00-00','W',NULL,'upload'),
(9,1,'J','TL','0018/FPT/VII/2018',NULL,90000000,88847800,NULL,'W',NULL,'upload'),
(10,3,'B','TL','0019/FPT/VII/2018','',39639000,38500000,'0000-00-00','W',NULL,'upload'),
(10,3,'J','TL','0020/FPT/VII/2018',NULL,15000000,13000000,NULL,'W',NULL,'upload'),
(11,13,'J','TL','0021/FPT/V/2018','',1046000000,1046000000,'0000-00-00','W',NULL,'upload'),
(12,0,'B','TL','0022/FPT/VII/2018','',42335742,0,'0000-00-00','W',NULL,NULL),
(12,5,'B','TL','0023/FPT/VII/2018','',68625000,63500000,'0000-00-00','W',NULL,NULL),
(12,54,'B','TL','0024/FPT/VII/2018','',68000000,67500000,'0000-00-00','W',NULL,NULL),
(13,0,'B','TL','0025/FPT/VII/2018','',61048000,0,'0000-00-00','W',NULL,NULL),
(14,3,'B','TL','0026/FPT/VII/2018','',21806000,20500000,'0000-00-00','W',NULL,NULL),
(15,6,'J','TL','0027/FPT/VII/2018','',15336000,14100000,'0000-00-00','W',NULL,NULL),
(16,6,'J','TL','0028/FPT/VII/2018','',6390000,5875000,'0000-00-00','W',NULL,NULL),
(17,1,'B','TL','0029/FPT/VIII/2018','',20965000,18500000,'0000-00-00','W',NULL,NULL),
(18,3,'B','TL','0030/FPT/VI/2018','',161243000,165000000,'0000-00-00','W',NULL,'upload'),
(18,3,'J','TL','0031/FPT/VI/2018','',21500000,20900000,'0000-00-00','W',NULL,'upload'),
(18,6,'B','TL','0032/FPT/VI/2018','',9355000,6000000,'0000-00-00','W',NULL,'upload'),
(18,20,'B','TL','0033/FPT/VI/2018','',99105000,88000000,'0000-00-00','W',NULL,'upload'),
(18,24,'B','TL','0034/FPT/VI/2018','',69000000,57000000,'0000-00-00','W',NULL,'upload'),
(18,25,'B','TL','0035/FPT/VI/2018','',17500000,17500000,'0000-00-00','W',NULL,'upload'),
(19,0,'B','TL','0036/FPT/VIII/2018','',218567568,0,'0000-00-00','W',NULL,NULL),
(20,0,'B','TL','0037/FPT/VIII/2018','',293640000,0,'0000-00-00','W',NULL,NULL),
(21,0,'B','TL','0038/FPT/VII/2018','',61048000,0,'0000-00-00','W',NULL,NULL),
(22,26,'B','TL','0039/FPT/IX/2018','',7703500,6930000,'0000-00-00','W',NULL,NULL),
(23,37,'B','TL','0040/FPT/IX/2018','',708555190,684937907,'0000-00-00','W',NULL,NULL),
(23,37,'J','TL','0041/FPT/IX/2018','',5176500,5061822,'0000-00-00','W',NULL,NULL),
(24,3,'B','TL','0043/FPT/IX/2018','',39522000,37100000,'0000-00-00','W',NULL,NULL),
(24,3,'J','TL','0044/FPT/IX/2018','',16700000,10900000,'0000-00-00','W',NULL,NULL),
(24,4,'B','TL','0046/FPT/IX/2018','',29220000,24920000,'0000-00-00','W',NULL,NULL),
(24,4,'J','TL','0047/FPT/IX/2018','',65872900,55080000,'0000-00-00','W',NULL,NULL),
(24,16,'B','TL','0042/FPT/IX/2018','',66304419,67504088,'0000-00-00','W',NULL,NULL),
(24,36,'B','TL','0045/FPT/IX/2018','',126400000,91600000,'0000-00-00','W',NULL,NULL),
(25,17,'B','TL','0048/FPT/IX/2018','',519200000,400000000,'0000-00-00','W',NULL,NULL),
(26,16,'B','TL','0051/FPT/IX/2018','',36395476,0,'0000-00-00','W',NULL,NULL),
(26,20,'B','TL','0049/FPT/IX/2018','',64600000,61000000,'0000-00-00','W',NULL,NULL),
(26,36,'B','TL','0050/FPT/IX/2018','',9630000,8500000,'0000-00-00','W',NULL,NULL),
(27,27,'B','TL','0052/FPT/IX/2018','',80819100,78835700,'0000-00-00','W',NULL,NULL),
(28,31,'B','TL','0053/FPT/X/2018','',77038000,74981000,'0000-00-00','W',NULL,NULL),
(28,31,'J','TL','0054/FPT/X/2018','',16536000,11400000,'0000-00-00','W',NULL,NULL),
(29,31,'B','TL','0055/FPT/X/2018','',39626000,39139000,'0000-00-00','W',NULL,NULL),
(29,31,'J','TL','0056/FPT/X/2018','',33176100,30361000,'0000-00-00','W',NULL,NULL),
(30,31,'B','TL','0057/FPT/X/2018','',148642500,134065000,'0000-00-00','W',NULL,NULL),
(30,31,'J','TL','0058/FPT/X/2018','',15493000,28294000,'0000-00-00','W',NULL,NULL),
(31,31,'B','TL','0059/FPT/X/2018','',32938000,32393000,'0000-00-00','W',NULL,NULL),
(31,31,'J','TL','0060/FPT/X/2018','',22847000,20607000,'0000-00-00','W',NULL,NULL),
(32,31,'B','TL','0061/FPT/X/2018','',125758500,124570000,'0000-00-00','W',NULL,'upload'),
(32,31,'J','TL','0062/FPT/X/2018','',16977000,13430000,'0000-00-00','W',NULL,'upload'),
(33,31,'B','TL','0063/FPT/X/2018','',84333900,83433000,'0000-00-00','W',NULL,NULL),
(33,31,'J','TL','0064/FPT/X/2018','',32688900,28567000,'0000-00-00','W',NULL,NULL),
(34,6,'B','TL','0065/FPT/VIII/2018','',44435000,37372000,'0000-00-00','W',NULL,NULL),
(35,33,'B','TL','0066/FPT/VIII/2018','',22937752,21125000,'0000-00-00','W',NULL,NULL),
(36,33,'B','TL','0067/FPT/VIII/2018','',22937752,21125000,'0000-00-00','W',NULL,NULL),
(37,33,'B','TL','0068/FPT/VIII/2018','',22937752,21125000,'0000-00-00','W',NULL,NULL),
(38,33,'B','TL','0069/FPT/VIII/2018','',22937752,21125000,'0000-00-00','W',NULL,NULL),
(39,33,'B','TL','0070/FPT/VIII/2018','',22937752,21125000,'0000-00-00','W',NULL,NULL),
(40,33,'B','TL','0071/FPT/VIII/2018','',22937752,21125000,'0000-00-00','W',NULL,NULL),
(41,33,'B','TL','0072/FPT/VIII/2018','',22937752,21125000,'0000-00-00','W',NULL,NULL),
(42,20,'B','TL','0073/FPT/VIII/2018','',18300000,14400000,'0000-00-00','W',NULL,NULL),
(42,33,'B','TL','0074/FPT/VIII/2018','',22937752,21125000,'0000-00-00','W',NULL,NULL),
(43,33,'B','TL','0075/FPT/VIII/2018','',22937752,21125000,'0000-00-00','W',NULL,NULL),
(44,33,'B','TL','0076/FPT/VIII/2018','',22937752,21125000,'0000-00-00','W',NULL,NULL),
(45,33,'B','TL','0077/FPT/VIII/2018','',22937752,21125000,'0000-00-00','W',NULL,NULL),
(46,33,'B','TL','0078/FPT/VIII/2018','',22937752,21125000,'0000-00-00','W',NULL,NULL),
(47,1,'B','TL','0079/FPT/IX/2018','',79080000,76500000,'0000-00-00','W',NULL,NULL),
(47,1,'J','TL','0080/FPT/IX/2018','',79080000,76500000,'0000-00-00','W',NULL,NULL),
(47,8,'B','TL','0081/FPT/IX/2018','',4074000,25368750,'0000-00-00','W',NULL,NULL),
(47,25,'B','TL','0082/FPT/IX/2018','',95000000,85500000,'0000-00-00','W',NULL,NULL),
(47,62,'B','TL','0083/FPT/IX/2018','',12000000,12000000,'0000-00-00','W',NULL,NULL),
(48,1,'B','TL','0084/FPT/IX/2018','',79080000,76500000,'0000-00-00','W',NULL,NULL),
(48,1,'J','TL','0085/FPT/IX/2018','',7978000,7000000,'0000-00-00','W',NULL,NULL),
(48,8,'B','TL','0086/FPT/IX/2018','',3492000,25368750,'0000-00-00','W',NULL,NULL),
(48,25,'B','TL','0087/FPT/IX/2018','',95000000,85500000,'0000-00-00','W',NULL,NULL),
(48,62,'B','TL','0088/FPT/IX/2018','',1500000,1500000,'0000-00-00','W',NULL,NULL),
(49,1,'B','TL','0089/FPT/IX/2018','',79080000,76500000,'0000-00-00','W','0089/FPT/IX/2018',NULL),
(49,1,'J','TL','0090/FPT/IX/2018','',7978000,7000000,'0000-00-00','W',NULL,NULL),
(49,8,'B','TL','0091/FPT/IX/2018','',3492000,25368750,'0000-00-00','W',NULL,NULL),
(49,25,'B','TL','0092/FPT/IX/2018','',95000000,85500000,'0000-00-00','W',NULL,NULL),
(49,62,'B','TL','0093/FPT/IX/2018','',1500000,1500000,'0000-00-00','W',NULL,NULL),
(50,1,'B','TL','0094/FPT/IX/2018','',79080000,76500000,'0000-00-00','W',NULL,NULL),
(50,1,'J','TL','0095/FPT/IX/2018','',7978000,7000000,'0000-00-00','W',NULL,NULL),
(50,8,'B','TL','0096/FPT/IX/2018','',3492000,25368750,'0000-00-00','W',NULL,NULL),
(50,25,'B','TL','0097/FPT/IX/2018','',95000000,85500000,'0000-00-00','W',NULL,NULL),
(50,62,'B','TL','0098/FPT/IX/2018','',1500000,1500000,'0000-00-00','W',NULL,NULL),
(51,1,'B','TL','0099/FPT/IX/2018','',79080000,76500000,'0000-00-00','W',NULL,NULL),
(51,1,'J','TL','0100/FPT/IX/2018','',7978000,7000000,'0000-00-00','W',NULL,NULL),
(51,8,'B','TL','0101/FPT/IX/2018','',3492000,25368750,'0000-00-00','W',NULL,NULL),
(51,25,'B','TL','0102/FPT/IX/2018','',95000000,85500000,'0000-00-00','W',NULL,NULL),
(51,62,'B','TL','0103/FPT/IX/2018','',1500000,1500000,'0000-00-00','W',NULL,NULL),
(52,1,'B','TL','0104/FPT/IX/2018','',79080000,76500000,'0000-00-00','W',NULL,NULL),
(52,1,'J','TL','0105/FPT/IX/2018','',7978000,7000000,'0000-00-00','W',NULL,NULL),
(52,8,'B','TL','0106/FPT/IX/2018','',3492000,25368750,'0000-00-00','W',NULL,NULL),
(52,25,'B','TL','0107/FPT/IX/2018','',95000000,85500000,'0000-00-00','W',NULL,NULL),
(52,62,'B','TL','0108/FPT/IX/2018','',1500000,1500000,'0000-00-00','W',NULL,NULL),
(53,1,'B','TL','0109/FPT/IX/2018','',79080000,76500000,'0000-00-00','W',NULL,NULL),
(53,1,'J','TL','0110/FPT/IX/2018','',7978000,7000000,'0000-00-00','W',NULL,NULL),
(53,8,'B','TL','0111/FPT/IX/2018','',3492000,25368750,'0000-00-00','W',NULL,NULL),
(53,25,'B','TL','0112/FPT/IX/2018','',95000000,85500000,'0000-00-00','W',NULL,NULL),
(53,62,'B','TL','0113/FPT/IX/2018','',1500000,1500000,'0000-00-00','W',NULL,NULL),
(54,1,'B','TL','0114/FPT/IX/2018','',79080000,76500000,'0000-00-00','W',NULL,NULL),
(54,1,'J','TL','0115/FPT/IX/2018','',7978000,7000000,'0000-00-00','W',NULL,NULL),
(54,8,'B','TL','0116/FPT/IX/2018','',4074000,25368750,'0000-00-00','W',NULL,NULL),
(54,25,'B','TL','0117/FPT/IX/2018','',95000000,85500000,'0000-00-00','W',NULL,NULL),
(54,62,'B','TL','0118/FPT/IX/2018','',1500000,1500000,'0000-00-00','W',NULL,NULL),
(55,3,'B','TL','0119/FPT/IX/2018','',29141000,25600000,'0000-00-00','W',NULL,NULL),
(56,3,'B','TL','0120/FPT/IX/2018','',29141000,25600000,'0000-00-00','W',NULL,NULL),
(57,20,'B','TL','0121/FPT/IX/2018','',9850000,8800000,'0000-00-00','W',NULL,NULL),
(58,19,'B','TL','0122/FPT/X/2018','',3150000,2466000,'0000-00-00','W',NULL,NULL),
(59,27,'B','TL','0123/FPT/X/2018','',17130526,16600000,'0000-00-00','W',NULL,NULL),
(60,28,'B','TL','0124/FPT/X/2018','',7100000,7060000,'0000-00-00','W',NULL,NULL),
(61,55,'B','TL','0125/FPT/IX/2018','',75474000,75474000,'0000-00-00','W',NULL,NULL),
(61,55,'J','TL','0126/FPT/X/2018','',8955000,8955000,'0000-00-00','W',NULL,NULL),
(62,0,'B','TL','0127/FPT/X/2018','',105400000,892000,'0000-00-00','W',NULL,NULL),
(63,33,'B','TL','0128/FPT/X/2018','',22472667,21950000,'0000-00-00','W',NULL,NULL),
(64,33,'B','TL','0129/FPT/X/2018','',22472667,21950000,'0000-00-00','W',NULL,NULL),
(65,33,'B','TL','0130/FPT/X/2018','',67418002,65000000,'0000-00-00','W',NULL,NULL),
(66,33,'B','TL','0131/FPT/X/2018','',45092538,110350000,'0000-00-00','W',NULL,NULL),
(67,32,'B','TL','0023/FPT/II/2019','',2147483647,2147483647,'0000-00-00','W',NULL,'upload'),
(68,32,'B','TL','0024/FPT/II/2019','',2037153697,2147483647,'0000-00-00','W',NULL,NULL),
(69,3,'B','TE','0132/FPT/XI/2018','',38443000,35265000,'0000-00-00','W',NULL,NULL),
(69,3,'J','TE','0132/FPT/XI/2018','',4335000,3735000,'0000-00-00','W',NULL,NULL),
(69,33,'B','TE','0132/FPT/XI/2018','',15554760,14200000,'0000-00-00','W',NULL,NULL),
(69,36,'B','TE','0132/FPT/XI/2018','',13840000,11800000,'0000-00-00','W',NULL,NULL),
(70,7,'B','TL','0133/FPT/XI/2018','',2147483647,2147483647,'0000-00-00','W',NULL,NULL),
(70,7,'J','TL','0134/FPT/XI/2018','',1263860637,1235350000,'0000-00-00','W',NULL,NULL),
(71,33,'B','TL','0135/FPT/X/2018','',22472667,110350000,'0000-00-00','W',NULL,NULL),
(72,3,'B','TL','0136/FPT/XI/2018','',10820000,9500000,'0000-00-00','W',NULL,NULL),
(72,27,'B','TL','0137/FPT/XI/2018','',247200,247200,'0000-00-00','W',NULL,NULL),
(72,33,'B','TL','0138/FPT/XI/2018','',15554760,14200000,'0000-00-00','W',NULL,NULL),
(73,6,'B','TL','0139/FPT/XI/2018','',2250000,2000000,'0000-00-00','W',NULL,NULL),
(73,6,'J','TL','0140/FPT/XI/2018','',1200000,1000000,'0000-00-00','W',NULL,NULL),
(74,20,'B','TL','0141/FPT/XII/2018','',43517000,47000000,'0000-00-00','W',NULL,NULL),
(75,27,'B','TL','0142/FPT/XI/2018','',4420000,4300000,'0000-00-00','W',NULL,NULL),
(76,7,'B','TL','0143/FPT/XII/2018','',35012250,27750000,'0000-00-00','W',NULL,NULL),
(77,0,'B','TL','0144/FPT/XII/2018 	','',1612888000,0,'0000-00-00','W',NULL,NULL),
(78,0,'B','TL','0145/FPT/XII/2018 	','',1052888000,0,'0000-00-00','W',NULL,NULL),
(79,28,'B','TL','0001/FPT/I/2019','',1123000000,1123000000,'0000-00-00','W',NULL,NULL),
(80,35,'B','TL','0002/FPT/I/2019','',475000000,460000000,'0000-00-00','W',NULL,NULL),
(81,54,'B','TL','0003/FPT/I/2019','',11825000,11825000,'0000-00-00','W',NULL,NULL),
(82,56,'B','TL','0004/FPT/I/2019','',846188400,773992650,'0000-00-00','W',NULL,NULL),
(82,56,'J','TL','0005/FPT/I/2019','',81250000,68507350,'0000-00-00','W',NULL,NULL),
(83,4,'B','TL','0006/FPT/I/2019','',9465000,8000000,'0000-00-00','W',NULL,NULL),
(83,8,'B','TL','0007/FPT/I/2019','',47182000,44600000,'0000-00-00','W',NULL,NULL),
(83,33,'B','TL','0008/FPT/I/2019','',169277440,160000000,'0000-00-00','W',NULL,NULL),
(83,36,'B','TL','0009/FPT/I/2019','',9500000,8500000,'0000-00-00','W',NULL,NULL),
(83,57,'B','TL','0010/FPT/I/2019','',205000000,0,'0000-00-00','W',NULL,NULL),
(84,4,'B','TL','0011/FPT/I/2019','',23829000,21000000,'0000-00-00','W',NULL,NULL),
(85,54,'B','TL','0012/FPT/I/2019','',157425000,156000000,'0000-00-00','W',NULL,NULL),
(86,36,'B','TL','0013/FPT/I/2019','',209710000,157000000,'0000-00-00','W',NULL,NULL),
(87,58,'B','TL','0014/FPT/I/2019','',1246300000,1123000000,'0000-00-00','W',NULL,NULL),
(88,20,'B','TL','0015/FPT/I/2019','',64600000,61000000,'0000-00-00','W',NULL,'upload'),
(89,37,'B','TL','0016/FPT/I/2019','',31265000,28765000,'0000-00-00','W',NULL,NULL),
(90,0,'B','TL','0025/FPT/II/2019','',2250000,0,'0000-00-00','W',NULL,NULL),
(90,0,'J','TL','0026/FPT/II/2019','',1000000,0,'0000-00-00','W',NULL,NULL),
(91,38,'B','TL','0027/FPT/II/2019','',1218462787,1050000000,'0000-00-00','W',NULL,NULL),
(92,39,'B','TL','0028/FPT/II/2019','',2667000,2586000,'0000-00-00','W',NULL,NULL),
(92,59,'B','TL','0029/FPT/II/2019','',81000000,51000000,'0000-00-00','W',NULL,NULL),
(93,1,'J','TL','0030/FPT/II/2019','',290723000,200000000,'0000-00-00','W',NULL,NULL),
(94,0,'B','TL','0031/FPT/II/2019','',59443500,0,'0000-00-00','W',NULL,NULL),
(95,0,'B','TL','0032/FPT/II/2019','',0,0,'0000-00-00','W',NULL,NULL),
(96,0,'B','TL','0033/FPT/II/2019','',729296000,0,'0000-00-00','W',NULL,NULL),
(97,42,'B','TL','0034/FPT/II/2019','',79080000,69000000,'0000-00-00','W',NULL,NULL),
(97,42,'J','TL','0035/FPT/II/2019','',69425000,57000000,'0000-00-00','W',NULL,NULL),
(98,0,'B','TL','0036/FPT/II/2019','',22132000,0,'0000-00-00','W',NULL,NULL),
(98,28,'B','TL','0037/FPT/II/2019','',14800000,14680000,'0000-00-00','W',NULL,NULL),
(99,54,'B','TL','0038/FPT/II/2019','',29550000,26000000,'0000-00-00','W',NULL,'upload'),
(100,0,'B','TE','0039/FPT/II/2019','',44235000,0,'0000-00-00','W',NULL,NULL),
(100,0,'J','TE','0039/FPT/II/2019','',5167500,0,'0000-00-00','W',NULL,NULL),
(101,8,'B','TL','0017/FPT/II/2019','',21690240,21000000,'0000-00-00','W',NULL,NULL),
(101,33,'B','TL','0018/FPT/II/2019','',13644430,10748694,'0000-00-00','W',NULL,NULL),
(101,54,'B','TL','0019/FPT/II/2019','',46500000,21000000,'0000-00-00','W',NULL,NULL),
(102,0,'B','TL','0020/FPT/II/2019','',176000000,0,'0000-00-00','W',NULL,NULL),
(102,0,'J','TL','0021/FPT/II/2019','',27000000,0,'0000-00-00','W',NULL,NULL),
(103,0,'J','TL','0022/FPT/II/2019','',147800000,120000000,'0000-00-00','W',NULL,NULL),
(104,33,'B','TL','0040/FPT/II/2019','',14609509,14000000,'0000-00-00','W',NULL,NULL),
(104,56,'B','TL','0041/FPT/II/2019','',315457135,293500000,'0000-00-00','W',NULL,NULL),
(104,56,'J','TL','0042/FPT/II/2019','',29500000,26500000,'0000-00-00','W',NULL,NULL),
(105,60,'B','TL','0043/FPT/III/2019','',13769000,11900000,'0000-00-00','W',NULL,NULL),
(106,36,'B','TL','0044/FPT/III/2019','',93718000,86000000,'0000-00-00','W',NULL,NULL),
(106,36,'J','TE','0045/FPT/III/2019','',20454000,11000000,'0000-00-00','W',NULL,NULL),
(107,33,'B','TL','0046/FPT/III/2019','',56974302,51500000,'0000-00-00','W',NULL,NULL),
(108,63,'B','TL','0047/FPT/III/2019','',1794052000,1283672000,'0000-00-00','W',NULL,NULL),
(108,63,'J','TL','0048/FPT/III/2019','',356200000,135928000,'0000-00-00','W',NULL,NULL),
(109,63,'B','TL','0049/FPT/III/2019','',1514994000,1007533800,'0000-00-00','W',NULL,NULL),
(109,63,'J','TL','0050/FPT/III/2019','',290550000,102016200,'0000-00-00','W',NULL,NULL),
(110,0,'B','TE','0051/FPT/II/2019','',510533829,0,'0000-00-00','W',NULL,NULL),
(111,6,'B','TL','0052/FPT/III/2019','',20370000,18000000,'0000-00-00','W',NULL,NULL),
(111,6,'J','TL','0053/FPT/III/2019','',7500000,7500000,'0000-00-00','W',NULL,NULL),
(112,36,'B','TE','0054/FPT/III/2019','',25229000,24000000,'0000-00-00','W',NULL,NULL),
(112,36,'J','TE','0054/FPT/III/2019','',15063000,12500000,'0000-00-00','W',NULL,NULL),
(113,4,'B','TL','0056/FPT/I/2019','',34392600,26000000,'0000-00-00','W',NULL,NULL),
(114,42,'B','TL','0057/FPT/III/2019','',93000000,0,'0000-00-00','W',NULL,NULL),
(114,42,'J','TL','0058/FPT/III/2019','',170325000,126000000,'0000-00-00','W',NULL,NULL),
(115,37,'B','TL','0059/FPT/IV/2019','',40000000,40000000,'0000-00-00','W',NULL,NULL),
(116,46,'B','TL','0060/FPT/IV/2019','',9960000,0,'0000-00-00','W',NULL,NULL),
(117,33,'B','TL','0061/FPT/IV/2019','',40533255,0,'0000-00-00','W',NULL,NULL),
(118,56,'B','TL','0062/FPT/IV/2019','',43585224,0,'0000-00-00','W',NULL,NULL),
(119,56,'J','TL','0063/FPT/IV/2019','',12200000,0,'0000-00-00','W',NULL,NULL),
(120,47,'B','TL','0064/FPT/IV/2019','',68407500,0,'0000-00-00','W',NULL,NULL),
(120,47,'J','TL','0065/FPT/IV/2019','',14500000,0,'0000-00-00','W',NULL,NULL),
(121,3,'B','TL','0066/FPT/IV/2019','',10654000,10000000,'0000-00-00','W',NULL,NULL),
(122,20,'B','TL','0067/FPT/IV/2019','',23650000,20000000,'0000-00-00','W',NULL,NULL),
(123,33,'B','TL','0068/FPT/IV/2019','',36970895,35797215,'0000-00-00','W',NULL,NULL),
(124,33,'B','TL','0069/FPT/IV/2019','',26546586,25862202,'0000-00-00','W',NULL,NULL),
(125,33,'B','TL','0070/FPT/IV/2019','',26546586,25862202,'0000-00-00','W',NULL,NULL),
(126,54,'B','TE','0055/FPT/I/2019','',157425000,0,'0000-00-00','W',NULL,NULL),
(127,54,'B','TL','0071/FPT/IV/2019','',113400000,113400000,'0000-00-00','W',NULL,NULL),
(128,54,'B','TL','0072/FPT/IV/2019','',85050000,85050000,'0000-00-00','W',NULL,NULL),
(129,20,'B','TL','0073/FPT/IV/2019','',6925000,0,'0000-00-00','W',NULL,NULL),
(130,20,'B','TL','0074/FPT/IV/2019','',76245000,0,'0000-00-00','W',NULL,NULL),
(131,61,'B','TL','0075/FPT/IV/2019','',296500000,0,'0000-00-00','W',NULL,NULL),
(131,61,'J','TL','0076/FPT/IV/2019','',27000000,0,'0000-00-00','W',NULL,NULL),
(132,36,'B','TL','0077/FPT/IV/2019','',31834000,29000000,'0000-00-00','W',NULL,NULL),
(132,36,'J','TE','0078/FPT/IV/2019','',16058000,14500000,'0000-00-00','W',NULL,NULL),
(133,33,'B','TL','0079/FPT/V/2019','',43785400,43545230,'0000-00-00','W',NULL,NULL),
(134,54,'B','TL','0080/FPT/V/2019','',11580000,10600000,'0000-00-00','W',NULL,NULL),
(135,8,'B','TL','0081/FPT/V/2019','',2147483647,2147483647,'0000-00-00','W',NULL,NULL),
(136,20,'B','TL','0082/FPT/V/2019','',65906000,0,'0000-00-00','W',NULL,NULL),
(137,56,'B','TL','0083/FPT/V/2019','',39977500,0,'0000-00-00','W',NULL,NULL),
(138,54,'B','TL','0084/FPT/V/2019','',12250000,0,'0000-00-00','W',NULL,NULL),
(139,33,'B','TL','0085/FPT/V/2019','',73834630,0,'0000-00-00','W',NULL,NULL),
(140,56,'J','TL','0086/FPT/V/2019','',13000000,0,'0000-00-00','W',NULL,NULL),
(141,18,'B','TL','0087/FPT/V/2019','',332500000,294000000,'0000-00-00','W',NULL,NULL),
(142,20,'B','TL','0088/FPT/V/2019','',14350000,14350000,'0000-00-00','W',NULL,NULL),
(142,20,'J','TL','0089/FPT/V/2019','',1650000,1650000,'0000-00-00','W',NULL,NULL),
(143,37,'B','TL','0090/FPT/V/2019','',75600000,54000000,'0000-00-00','W',NULL,NULL),
(143,37,'J','TL','0091/FPT/V/2019','',20650000,11800000,'0000-00-00','W',NULL,NULL),
(144,37,'B','TL','0092/FPT/V/2019','',176400000,126000000,'0000-00-00','W',NULL,NULL),
(144,37,'J','TL','0093/FPT/V/2019','',20650000,11800000,'0000-00-00','W',NULL,NULL),
(145,36,'B','TL','0094/FPT/V/2019','',2550000,2100000,'0000-00-00','W',NULL,NULL),
(146,35,'J','TL','0095/FPT/VI/2019','',143000000,120000000,'0000-00-00','W',NULL,NULL),
(147,56,'B','TL','0096/FPT/VI/2019','',14750000,13000000,'0000-00-00','W',NULL,'upload'),
(147,56,'J','TL','0097/FPT/VI/2019','',4100000,3500000,'0000-00-00','W',NULL,'upload'),
(148,6,'B','TL','0100/FPT/VII/2019','',38892000,37000000,'0000-00-00','W',NULL,'upload'),
(149,0,'B','TE','0101/FPT/VI/2019','',2147483647,0,'0000-00-00','W',NULL,NULL),
(150,0,'B','TE','0102/FPT/VI/2019','',2147483647,0,'0000-00-00','W',NULL,NULL),
(151,0,'J','TE','0103/FPT/V/2019','',113594000,0,'0000-00-00','W',NULL,NULL),
(152,0,'J','TE','0104/FPT/VI/2019','',113594000,0,'0000-00-00','W',NULL,NULL),
(153,33,'B','TL','0153/FPT/X/2018','',22472667,110350000,'0000-00-00','W',NULL,NULL),
(154,33,'B','TL','0154/FPT/X/2018','',22472667,110350000,'0000-00-00','W',NULL,NULL),
(155,37,'B','TL','0155/FPT/IX/2019','019/MLS-QUO/III/2019',44000000,NULL,'2019-05-31','W','','attach-155-37-PT_Mitralink_Solusi_.pdf'),
(156,68,'B','TE','0156/FPT/IX/2019','0',0,0,'0000-00-00','P','Waiting Quotation','upload'),
(156,68,'J','TE','0156/FPT/IX/2019','0',0,0,'0000-00-00','P','','upload'),
(160,36,'B','TL','0157/FPT/IX/2019','QT/PQ/FF/0098r2/19',16400000,16400000,'2019-08-30','W','','attach-160-36-PT_Limawira_Wisesa.pdf'),
(161,62,'B','TL','0158/FPT/IX/2019','0',0,0,'0000-00-00','P','Waiting Quotation','attach-161-62-PT_Spartadua_Ribujaya.pdf'),
(162,69,'B','TE','0159/FPT/IX/2019','0',34090000,33600000,'0000-00-00','P','','upload'),
(165,54,'B','TL','0162/FPT/IX/2019','19100885',97594000,68200000,'2019-05-03','P','','attach-165-54-PT_Sentral_Mitra_Informatika.pdf'),
(166,66,'B','TL','0163/FPT/IX/2019','007/QUO/VIII/19/Rev',22550000,0,'2019-08-12','L','','attach-166-70-PT_Awan_Integrasi_Sandidata.pdf'),
(166,66,'J','TL','0164/FPT/IX/2019','007/QUO/VIII/19/Rev',2000000,0,'2019-08-12','L','','attach-166-70-PT_Awan_Integrasi_Sandidata.pdf'),
(167,36,'B','TL','0165/FPT/IX/2019','',0,32880000,'0000-00-00','P','','upload'),
(168,49,'B','TL','0166/FPT/IX/2019','0',0,0,'0000-00-00','L','','upload'),
(168,72,'J','TL','0167/FPT/IX/2019','0',0,0,'0000-00-00','L','','upload'),
(169,54,'B','TL','0168/FPT/IX/2019','19101408',88825000,80750000,'2019-08-06','W','',NULL),
(170,37,'J','TL','0169/FPT/IX/2019','0015/MLS-QUO/VII/2019',2250000,2250000,'2019-08-31','W','',NULL),
(172,37,'B','TL','0171/FPT/IX/2019','0015/MLS-QUO/VII/2019',25537500,25537500,'2019-08-31','W','',NULL);

/*Data for the table `province` */

insert  into `province`(`province_id`,`country_id`,`province_name`) values 
('11','1','ACEH'),
('12','1','SUMATERA UTARA'),
('13','1','SUMATERA BARAT'),
('14','1','RIAU'),
('15','1','JAMBI'),
('16','1','SUMATERA SELATAN'),
('17','1','BENGKULU'),
('18','1','LAMPUNG'),
('19','1','KEPULAUAN BANGKA BELITUNG'),
('21','1','KEPULAUAN RIAU'),
('31','1','DKI JAKARTA'),
('32','1','JAWA BARAT'),
('33','1','JAWA TENGAH'),
('34','1','DI YOGYAKARTA'),
('35','1','JAWA TIMUR'),
('36','1','BANTEN'),
('51','1','BALI'),
('52','1','NUSA TENGGARA BARAT'),
('53','1','NUSA TENGGARA TIMUR'),
('61','1','KALIMANTAN BARAT'),
('62','1','KALIMANTAN TENGAH'),
('63','1','KALIMANTAN SELATAN'),
('64','1','KALIMANTAN TIMUR'),
('65','1','KALIMANTAN UTARA'),
('71','1','SULAWESI UTARA'),
('72','1','SULAWESI TENGAH'),
('73','1','SULAWESI SELATAN'),
('74','1','SULAWESI TENGGARA'),
('75','1','GORONTALO'),
('76','1','SULAWESI BARAT'),
('81','1','MALUKU'),
('82','1','MALUKU UTARA'),
('91','1','PAPUA BARAT'),
('94','1','PAPUA');

/*Data for the table `sales` */

insert  into `sales`(`id_sales`,`id_jabatan`,`nik_sales`,`nama_sales`,`telp_sales`,`email_sales`,`path_foto_sales`,`status_sales`) values 
(1,1,'20021098','Yuki Yonathan','87885111728','Yuky.Yonathan@samaktamitra.com','1560480398094.jpg','A'),
(2,2,'10102768','Muhamad Bambang Mulyanto','8129283828','Bambang.Mulyanto@samaktamitra.com','1560823012080.JPG','A'),
(3,1,'20021107','Prishylia Maha Putri','82220869964','Prishylia.Putri@samaktamitra.com','1560822942564.JPG','A'),
(4,2,'20022083','Muhamad Savier Azmy A','','mohammad.savier@sinarmasland.com','','A');

/*Data for the table `settings` */

insert  into `settings`(`id_settings`,`nama_settings`,`setting_value`,`setting_default`) values 
('alamat_perusahaan','Alamat Perusahaan','My Republic Building 2nd Floor \r\nWings B Green Office Park BSD City, Tangerang','Alamat Perusahaan'),
('email_perusahaan','Email Perusahaan','info@samaktamitra.com','Email Perusahaan'),
('fax_perusahaan','Fax Perusahaan','(+62) 21 2958 0238','Fax Perusahaan'),
('nama_perusahaan','Nama Perusahaan','PT. Samakta Mitra','Nama Perusahaan'),
('path_logo_perusahaan','Logo Perusahaan','logo_upload_1563943075882.png','logo.png'),
('telepon_perusahaan','Telepon Perusahaan','(+62) 21 2958 0238','Telepon Perusahaan');

/*Data for the table `target_perusahaan` */

insert  into `target_perusahaan`(`tahun_target`,`nilai_target`,`nilai_target_one_time`,`nilai_target_recurring`) values 
('2018',200000000000,50000000000,20000000000),
('2019',204000000000,170000000000,34000000000);

/*Data for the table `tender_vendor` */

insert  into `tender_vendor`(`id_project`,`id_vendor`,`tipe_pembelian`,`no_po_spk`,`v_commitment_start`,`v_commitment_finish`,`spl_create`,`spl_internal_approve`,`spl_full_approve`,`fpt_sent`,`tgl_nego`,`wbs_create`,`p3_fps_create`,`p3_fps_release`,`sp_release`,`spk_fps_create`,`no_spk_fps`,`spk_fps_approve`,`contract_po_create`,`no_contract_po`,`contract_po_release`,`p3_fpb_cancel`,`cancel_vendor`) values 
(1,2,'J','4700001016/SPPB/PAP-TNK-ME/IV/18','2018-01-01','2018-03-31','2018-06-05','2018-07-03','2018-07-09','2018-07-12','2018-07-24',NULL,NULL,NULL,NULL,NULL,NULL,NULL,NULL,NULL,NULL,NULL,NULL),
(1,6,'B','4700000960/SPPB/PAP-TNK-ME/IV/18','2018-03-14','2018-03-28','2018-01-08','2018-01-22','2018-02-22','2018-02-23','2018-03-14','2018-02-09','2018-04-09','2018-04-11','2018-03-14','2018-04-19','7500000016','2018-04-24','2018-04-24','7500000016','2018-04-25',NULL,NULL),
(2,3,'B','5000000554','2018-05-23','2018-07-05','2018-05-02','2018-05-30','2018-06-12','2018-04-24','2018-05-23','0000-00-00','2018-06-28','2018-07-03','2018-05-23','2018-07-09','7500000018','2018-07-09','2018-07-09','4500000018','0000-00-00','2018-07-09','2018-02-17'),
(2,6,'B','5000000554','2018-05-23','2018-07-05','2018-05-02','2018-05-30','2018-06-12','2018-04-24','2018-05-23','0000-00-00','2018-06-28','2018-07-03','2018-05-23','2018-07-09','7500000018','2018-07-09','2018-07-09','4500000018','0000-00-00','2018-07-09','2018-02-17'),
(3,13,'J','001/GMO/PT AD/VII/18','2018-01-01','2018-04-04','2018-04-04','2018-04-04','2018-04-23','2018-04-23','2018-05-30','2018-02-07','2018-02-09','2018-07-25','2018-07-30','2018-10-29','4700000042','2018-08-15','2018-10-29','4700000042','0000-00-00','2018-10-29','0000-00-00'),
(4,6,'B','334/SML/RESI/HS1/BSD/VII/2018','2018-09-04','2018-09-19','2018-08-15','2018-08-15','2018-08-31','2018-08-20','2018-09-04','2018-08-24','2018-08-29','2018-09-06','2018-09-10','2018-09-21','7500000038','2018-09-21','2018-09-21','4500000038','0000-00-00','2018-09-21','0000-00-00'),
(4,21,'B','334/SML/RESI/HS1/BSD/VII/2018','2018-09-04','2018-09-19','2018-08-15','2018-08-15','2018-08-31','2018-08-20','2018-09-04','2018-08-24','2018-08-29','2018-09-06','2018-09-10','2018-09-21','7500000038','2018-09-21','2018-09-21','4500000038','0000-00-00','2018-09-21','0000-00-00'),
(5,16,'J','SPK/134/ICE/IV/2018','2018-06-01','2019-05-31','2018-04-09','2018-04-09','2018-05-15','2018-05-18','2018-06-04','2018-05-22','2018-06-13','2018-07-04','2018-07-06','2018-07-11','4700000030','2018-07-11','2018-07-11','4700000030','0000-00-00','2018-10-08','0000-00-00'),
(5,22,'J','SPK/134/ICE/IV/2018','2018-06-01','2019-05-31','2018-04-09','2018-04-09','2018-05-15','2018-05-18','2018-06-04','2018-05-22','2018-06-13','2018-07-04','2018-07-06','2018-07-11','4700000030','2018-07-11','2018-07-11','4700000030','0000-00-00','2018-10-08','0000-00-00'),
(6,0,'B','07/PHDI/SPKK-MKT/VI/18','2018-08-16','2018-08-24','2018-07-05','2018-07-09','2018-07-18','2018-07-18','2018-08-08','2018-07-02','2018-07-11','2018-07-27','2018-08-13','2018-08-16','7500000022','2018-08-14','2018-08-16','4500000024','0000-00-00','2018-08-16','0000-00-00'),
(6,5,'B','07/PHDI/SPKK-MKT/VI/18','2018-08-16','2018-08-24','2018-07-05','2018-07-09','2018-07-18','2018-07-18','2018-08-08','2018-07-02','2018-07-11','2018-07-27','2018-08-13','2018-08-16','7500000022','2018-08-14','2018-08-16','4500000024','0000-00-00','2018-08-16','0000-00-00'),
(6,16,'B','07/PHDI/SPKK-MKT/VI/18','2018-08-16','2018-08-24','2018-07-05','2018-07-09','2018-07-18','2018-07-18','2018-08-08','2018-07-02','2018-07-11','2018-07-27','2018-08-13','2018-08-16','7500000022','2018-08-14','2018-08-16','4500000024','0000-00-00','2018-08-16','0000-00-00'),
(6,19,'B','07/PHDI/SPKK-MKT/VI/18','2018-08-16','2018-08-24','2018-07-05','2018-07-09','2018-07-18','2018-07-18','2018-08-08','2018-07-02','2018-07-11','2018-07-27','2018-08-13','2018-08-16','7500000022','2018-08-14','2018-08-16','4500000024','0000-00-00','2018-08-16','0000-00-00'),
(6,36,'B','07/PHDI/SPKK-MKT/VI/18','2018-08-16','2018-08-24','2018-07-05','2018-07-09','2018-07-18','2018-07-18','2018-08-08','2018-07-02','2018-07-11','2018-07-27','2018-08-13','2018-08-16','7500000022','2018-08-14','2018-08-16','4500000024','0000-00-00','2018-08-16','0000-00-00'),
(7,19,'B','4500031811','2018-07-01','2018-07-01','2018-06-05','2018-06-05','2018-06-25','2018-06-28','2018-06-28','2018-07-12','2018-07-12','2018-07-26','2018-07-30','2018-07-26','7500000020','2018-07-25','2018-07-26','4500000021','0000-00-00','2018-07-26','0000-00-00'),
(8,54,'B','4500000025','2018-08-16','2018-10-11','0000-00-00','0000-00-00','0000-00-00','2018-07-26','2018-08-10','2018-07-27','2018-07-31','2018-08-03','2018-08-15','2018-08-16','7500000025','2018-08-14','2018-08-16','4500000025','0000-00-00','2018-08-16','0000-00-00'),
(9,1,'B','018/SPK/SAM/VII/2018','2018-08-02','2018-08-09','2018-06-21','2018-06-21','2018-07-09','2018-07-12','2018-07-20','2018-07-25','2018-07-26','2018-08-01','2018-08-06','2018-08-13','7500000024','2018-08-10','2018-08-13','4500000023','0000-00-00','2018-08-13','0000-00-00'),
(9,1,'J','018/SPK/SAM/VII/2018','2018-08-02','2018-08-09','2018-06-21','2018-06-21','2018-07-09','2018-07-12','2018-07-20','2018-07-25','2018-07-26','2018-08-01','2018-08-06','2018-08-13','7500000024','2018-08-10','2018-08-13','4500000023','0000-00-00','2018-08-13','0000-00-00'),
(10,3,'B','5000016593','2018-09-07','2018-09-28','2018-05-22','2018-05-22','2018-06-12','2018-06-25','2018-07-16','2018-07-25','2018-08-14','2018-09-04','2018-09-10','2018-09-07','7500000033','2018-09-05','2018-09-07','4500000032','0000-00-00','2018-09-07','0000-00-00'),
(10,3,'J','5000016593','2018-09-07','2018-09-28','2018-05-22','2018-05-22','2018-06-12','2018-06-25','2018-07-16','2018-07-25','2018-08-14','2018-09-04','2018-09-10','2018-09-07','7500000033','2018-09-05','2018-09-07','4500000032','0000-00-00','2018-09-07','0000-00-00'),
(11,13,'J','001/GMO/PT AD/VII/18','2018-01-01','2018-04-04','2018-04-04','2018-04-04','2018-04-23','2018-04-23','2018-05-30','2018-02-07','2018-02-09','2018-07-25','2018-07-30','2018-10-29','4700000042','2018-08-15','2018-10-29','4700000042','0000-00-00','2018-10-29','0000-00-00'),
(12,0,'B','0000-3607','0000-00-00','0000-00-00','2018-07-18','2018-07-19','2018-08-02','2018-10-10','2018-10-29','2018-07-27','2018-08-03','2018-10-10','2018-11-14','2018-11-08','7500000062','2018-11-08','2018-11-08','4500000052','0000-00-00','2018-11-09','0000-00-00'),
(12,5,'B','0000-3607','0000-00-00','0000-00-00','2018-07-18','2018-07-19','2018-08-02','2018-10-10','2018-10-29','2018-07-27','2018-08-03','2018-10-10','2018-11-14','2018-11-08','7500000062','2018-11-08','2018-11-08','4500000052','0000-00-00','2018-11-09','0000-00-00'),
(12,54,'B','0000-3607','0000-00-00','0000-00-00','2018-07-18','2018-07-19','2018-08-02','2018-10-10','2018-10-29','2018-07-27','2018-08-03','2018-10-10','2018-11-14','2018-11-08','7500000062','2018-11-08','2018-11-08','4500000052','0000-00-00','2018-11-09','0000-00-00'),
(13,0,'B','0','0000-00-00','0000-00-00','0000-00-00','0000-00-00','0000-00-00','0000-00-00','0000-00-00','0000-00-00','0000-00-00','0000-00-00','0000-00-00','0000-00-00','0','0000-00-00','0000-00-00','0','0000-00-00','0000-00-00','0000-00-00'),
(14,3,'B','4500037264','2018-08-21','2018-09-04','2018-05-22','2018-05-22','2018-06-12','2018-06-25','2018-07-16','2018-08-02','2018-08-02','2018-08-07','2018-08-08','2018-08-21','7500000027','2018-08-21','2018-08-21','4500000026','0000-00-00','2018-08-21','0000-00-00'),
(15,6,'J','001/SPK/BSD-SAM/X/2018','2018-09-04','2018-09-18','2018-06-21','2018-07-03','2018-07-09','2018-07-12','2018-07-27','2018-08-27','2018-08-28','2018-09-04','2018-09-10','2018-09-25','4700000047','2018-09-06','2018-09-25','4700000047','0000-00-00','2018-10-12','0000-00-00'),
(16,6,'J','001/SPK/BSD-SAM/X/2018','2018-09-04','2018-09-18','2018-06-21','2018-07-03','2018-07-09','2018-07-12','2018-07-27','2018-08-27','2018-08-28','2018-09-04','2018-09-10','2018-09-25','4700000047','2018-09-06','2018-09-25','4700000047','0000-00-00','2018-10-12','0000-00-00'),
(17,1,'B','00201/PO/V/2018','2018-08-10','2018-08-24','2018-07-05','2018-07-09','2018-07-12','2018-07-24','2018-08-01','2018-07-12','2018-07-17','2018-07-27','2018-08-02','2018-08-10','7500000021','2018-08-09','2018-08-10','4500000022','0000-00-00','2018-08-10','0000-00-00'),
(18,3,'B','031/SPK/DCP/ME/IX/18','2018-09-17','2018-10-29','2018-07-06','2018-07-11','2018-07-27','2018-07-30','2018-08-21','2018-07-17','2018-07-31','2018-08-24','2018-08-28','2018-09-17','7500000035','2018-09-06','2018-09-17','4500000036','0000-00-00','2018-09-17','0000-00-00'),
(18,3,'J','031/SPK/DCP/ME/IX/18','2018-09-17','2018-10-29','2018-07-06','2018-07-11','2018-07-27','2018-07-30','2018-08-21','2018-07-17','2018-07-31','2018-08-24','2018-08-28','2018-09-17','7500000035','2018-09-06','2018-09-17','4500000036','0000-00-00','2018-09-17','0000-00-00'),
(18,6,'B','031/SPK/DCP/ME/IX/18','2018-09-17','2018-10-29','2018-07-06','2018-07-11','2018-07-27','2018-07-30','2018-08-21','2018-07-17','2018-07-31','2018-08-24','2018-08-28','2018-09-17','7500000035','2018-09-06','2018-09-17','4500000036','0000-00-00','2018-09-17','0000-00-00'),
(18,20,'B','031/SPK/DCP/ME/IX/18','2018-09-17','2018-10-29','2018-07-06','2018-07-11','2018-07-27','2018-07-30','2018-08-21','2018-07-17','2018-07-31','2018-08-24','2018-08-28','2018-09-17','7500000035','2018-09-06','2018-09-17','4500000036','0000-00-00','2018-09-17','0000-00-00'),
(18,24,'B','031/SPK/DCP/ME/IX/18','2018-09-17','2018-10-29','2018-07-06','2018-07-11','2018-07-27','2018-07-30','2018-08-21','2018-07-17','2018-07-31','2018-08-24','2018-08-28','2018-09-17','7500000035','2018-09-06','2018-09-17','4500000036','0000-00-00','2018-09-17','0000-00-00'),
(18,25,'B','031/SPK/DCP/ME/IX/18','2018-09-17','2018-10-29','2018-07-06','2018-07-11','2018-07-27','2018-07-30','2018-08-21','2018-07-17','2018-07-31','2018-08-24','2018-08-28','2018-09-17','7500000035','2018-09-06','2018-09-17','4500000036','0000-00-00','2018-09-17','0000-00-00'),
(19,0,'B','0','0000-00-00','0000-00-00','2018-09-05','2018-09-19','2018-10-01','0000-00-00','0000-00-00','0000-00-00','0000-00-00','0000-00-00','0000-00-00','0000-00-00','0','0000-00-00','0000-00-00','0','0000-00-00','0000-00-00','0000-00-00'),
(20,0,'B','0','0000-00-00','0000-00-00','2018-09-05','2018-09-19','2018-10-01','0000-00-00','0000-00-00','0000-00-00','0000-00-00','0000-00-00','0000-00-00','0000-00-00','0','0000-00-00','0000-00-00','0','0000-00-00','0000-00-00','0000-00-00'),
(21,0,'B','0','0000-00-00','0000-00-00','0000-00-00','0000-00-00','0000-00-00','0000-00-00','0000-00-00','0000-00-00','0000-00-00','0000-00-00','0000-00-00','0000-00-00','0','0000-00-00','0000-00-00','0','0000-00-00','0000-00-00','0000-00-00'),
(22,26,'B','4500033892','0000-00-00','0000-00-00','2018-09-13','2018-09-17','2018-09-17','2018-09-27','2018-10-10','2018-10-23','2018-10-24','2018-10-24','2018-11-01','2018-10-31','7500000056','2018-10-31','2018-10-31','4500000050','0000-00-00','2018-11-01','0000-00-00'),
(23,37,'B','4700001179/SPPB/PAP-TNK-ME/XI/18','2018-10-18','2018-11-15','2018-09-18','2018-09-19','2008-10-01','2018-09-28','2018-10-18','2018-09-27','2018-09-28','2018-10-12','2018-10-24','2018-12-06','7500000066\r\n','2018-12-05','2018-12-06','4500000066','0000-00-00','2018-12-07','0000-00-00'),
(23,37,'J','4700001179/SPPB/PAP-TNK-ME/XI/18','2018-10-18','2018-11-15','2018-09-18','2018-09-19','2008-10-01','2018-09-28','2018-10-18','2018-09-27','2018-09-28','2018-10-12','2018-10-24','2018-12-06','7500000066\r\n','2018-12-05','2018-12-06','4500000066','0000-00-00','2018-12-07','0000-00-00'),
(24,3,'B','4700001179/SPPB/PAP-TNK-ME/XI/18','2018-11-01','2018-12-31','2018-09-18','2018-09-19','2008-10-01','2018-09-28','2018-10-23','2018-09-26','2018-10-04','2018-10-12','2019-01-31','2018-11-14','7500000068','2018-11-14','2018-11-14','4500000055','0000-00-00','2018-11-15','0000-00-00'),
(24,3,'J','4700001179/SPPB/PAP-TNK-ME/XI/18','2018-11-01','2018-12-31','2018-09-18','2018-09-19','2008-10-01','2018-09-28','2018-10-23','2018-09-26','2018-10-04','2018-10-12','2019-01-31','2018-11-14','7500000068','2018-11-14','2018-11-14','4500000055','0000-00-00','2018-11-15','0000-00-00'),
(24,4,'B','4700001179/SPPB/PAP-TNK-ME/XI/18','2018-11-01','2018-12-31','2018-09-18','2018-09-19','2008-10-01','2018-09-28','2018-10-23','2018-09-26','2018-10-04','2018-10-12','2019-01-31','2018-11-14','7500000068','2018-11-14','2018-11-14','4500000055','0000-00-00','2018-11-15','0000-00-00'),
(24,4,'J','4700001179/SPPB/PAP-TNK-ME/XI/18','2018-11-01','2018-12-31','2018-09-18','2018-09-19','2008-10-01','2018-09-28','2018-10-23','2018-09-26','2018-10-04','2018-10-12','2019-01-31','2018-11-14','7500000068','2018-11-14','2018-11-14','4500000055','0000-00-00','2018-11-15','0000-00-00'),
(24,16,'B','4700001179/SPPB/PAP-TNK-ME/XI/18','2018-11-01','2018-12-31','2018-09-18','2018-09-19','2008-10-01','2018-09-28','2018-10-23','2018-09-26','2018-10-04','2018-10-12','2019-01-31','2018-11-14','7500000068','2018-11-14','2018-11-14','4500000055','0000-00-00','2018-11-15','0000-00-00'),
(24,36,'B','4700001179/SPPB/PAP-TNK-ME/XI/18','2018-11-01','2018-12-31','2018-09-18','2018-09-19','2008-10-01','2018-09-28','2018-10-23','2018-09-26','2018-10-04','2018-10-12','2019-01-31','2018-11-14','7500000068','2018-11-14','2018-11-14','4500000055','0000-00-00','2018-11-15','0000-00-00'),
(25,17,'B','4700001179/SPPB/PAP-TNK-ME/XI/18','2018-10-18','2018-11-15','2018-09-18','2018-09-19','2008-10-01','2018-09-28','2018-10-18','2018-09-27','2018-09-28','2018-10-12','2018-10-24','2018-12-06','7500000066\r\n','2018-12-05','2018-12-06','4500000066','0000-00-00','2018-12-07','0000-00-00'),
(26,16,'B','003/KBG-PSGK/XI/18','0000-00-00','0000-00-00','2018-10-11','2018-10-15','0000-00-00','2018-10-04','2018-10-29','2018-09-25','2018-10-10','2018-11-13','2018-11-15','2018-11-16','7500000072','2018-11-16','2018-11-16','4500000060','0000-00-00','2018-11-16','0000-00-00'),
(26,20,'B','003/KBG-PSGK/XI/18','0000-00-00','0000-00-00','2018-10-11','2018-10-15','0000-00-00','2018-10-04','2018-10-29','2018-09-25','2018-10-10','2018-11-13','2018-11-15','2018-11-16','7500000072','2018-11-16','2018-11-16','4500000060','0000-00-00','2018-11-16','0000-00-00'),
(26,36,'B','003/KBG-PSGK/XI/18','0000-00-00','0000-00-00','2018-10-11','2018-10-15','0000-00-00','2018-10-04','2018-10-29','2018-09-25','2018-10-10','2018-11-13','2018-11-15','2018-11-16','7500000072','2018-11-16','2018-11-16','4500000060','0000-00-00','2018-11-16','0000-00-00'),
(27,27,'B','Formulir Permintaan Barang','2018-11-05','2018-11-19','2018-10-01','2018-10-03','0000-00-00','2018-10-04','2018-10-30','2018-10-18','2018-10-22','2018-11-01','2018-11-05','2018-11-12','7500000056','2018-10-31','2018-11-12','4500000050','0000-00-00','2018-11-12','0000-00-00'),
(28,31,'B','4500038473','0000-00-00','0000-00-00','2018-10-08','2018-10-10','0000-00-00','2018-10-10','2018-11-02','2018-11-08','2018-11-09','2019-07-16','2019-07-22','2019-07-22','7500000109','2019-02-27','2019-07-22','4500000118','0000-00-00','2019-07-23','0000-00-00'),
(28,31,'J','4500038473','0000-00-00','0000-00-00','2018-10-08','2018-10-10','0000-00-00','2018-10-10','2018-11-02','2018-11-08','2018-11-09','2019-07-16','2019-07-22','2019-07-22','7500000109','2019-02-27','2019-07-22','4500000118','0000-00-00','2019-07-23','0000-00-00'),
(29,31,'B','0','0000-00-00','0000-00-00','2018-10-08','2018-10-10','0000-00-00','2018-10-10','2018-11-02','2018-11-08','2018-11-09','2018-11-22','2019-03-23','2019-03-04','7500000113','2019-02-27','2019-03-04','4500000122','0000-00-00','0000-00-00','0000-00-00'),
(29,31,'J','0','0000-00-00','0000-00-00','2018-10-08','2018-10-10','0000-00-00','2018-10-10','2018-11-02','2018-11-08','2018-11-09','2018-11-22','2019-03-23','2019-03-04','7500000113','2019-02-27','2019-03-04','4500000122','0000-00-00','0000-00-00','0000-00-00'),
(30,31,'B','4500038031','0000-00-00','0000-00-00','2018-10-08','2018-10-10','0000-00-00','2018-10-10','2018-11-02','2018-11-08','2018-11-09','2019-05-21','2019-06-26','2019-07-01','7500000111','2019-02-27','2019-07-01','4500000117','0000-00-00','2019-07-01','0000-00-00'),
(30,31,'J','4500038031','0000-00-00','0000-00-00','2018-10-08','2018-10-10','0000-00-00','2018-10-10','2018-11-02','2018-11-08','2018-11-09','2019-05-21','2019-06-26','2019-07-01','7500000111','2019-02-27','2019-07-01','4500000117','0000-00-00','2019-07-01','0000-00-00'),
(31,31,'B','007/PO-KB/VII/2019','0000-00-00','0000-00-00','2018-10-08','2018-10-10','0000-00-00','2018-10-10','2018-11-02','2018-11-08','2018-11-09','2018-11-28','2019-03-26','2019-07-25','7500000108','2019-02-27','2019-07-25','4500000120','0000-00-00','2019-07-25','0000-00-00'),
(31,31,'J','007/PO-KB/VII/2019','0000-00-00','0000-00-00','2018-10-08','2018-10-10','0000-00-00','2018-10-10','2018-11-02','2018-11-08','2018-11-09','2018-11-28','2019-03-26','2019-07-25','7500000108','2019-02-27','2019-07-25','4500000120','0000-00-00','2019-07-25','0000-00-00'),
(32,31,'B','4500038653','0000-00-00','0000-00-00','2018-10-08','2018-10-10','0000-00-00','2018-10-10','2018-11-02','2018-11-08','2018-11-09','2018-11-28','2019-03-19','2019-03-04','7500000112','2019-02-27','2019-03-04','4500000121','0000-00-00','2019-07-19','0000-00-00'),
(32,31,'J','4500038653','0000-00-00','0000-00-00','2018-10-08','2018-10-10','0000-00-00','2018-10-10','2018-11-02','2018-11-08','2018-11-09','2018-11-28','2019-03-19','2019-03-04','7500000112','2019-02-27','2019-03-04','4500000121','0000-00-00','2019-07-19','0000-00-00'),
(33,31,'B','0','0000-00-00','0000-00-00','2018-10-08','2018-10-10','0000-00-00','2018-10-10','2018-11-02','2018-11-08','2018-11-09','0000-00-00','0000-00-00','2019-03-04','7500000106','2019-02-27','2019-03-04','4500000119','0000-00-00','0000-00-00','0000-00-00'),
(33,31,'J','0','0000-00-00','0000-00-00','2018-10-08','2018-10-10','0000-00-00','2018-10-10','2018-11-02','2018-11-08','2018-11-09','0000-00-00','0000-00-00','2019-03-04','7500000106','2019-02-27','2019-03-04','4500000119','0000-00-00','0000-00-00','0000-00-00'),
(34,6,'B','334/SML/RESI/HS1/BSD/VII/2018','2018-09-04','2018-09-19','2018-08-15','2018-08-15','2018-08-31','2018-08-20','2018-09-04','2018-08-24','2018-08-29','2018-09-06','2018-09-10','2018-09-21','7500000038','2018-09-21','2018-09-21','4500000038','0000-00-00','2018-09-21','0000-00-00'),
(35,33,'B','0','0000-00-00','0000-00-00','2018-09-28','2018-10-05','0000-00-00','2018-10-03','2018-10-30','2018-10-29','2018-10-30','0000-00-00','0000-00-00','0000-00-00','7500000095','2019-01-08','0000-00-00','','0000-00-00','0000-00-00','0000-00-00'),
(36,33,'B','0','0000-00-00','0000-00-00','2018-09-28','2018-10-05','0000-00-00','2018-10-03','2018-10-30','2018-10-29','2018-10-30','0000-00-00','0000-00-00','0000-00-00','7500000095','2019-01-08','0000-00-00','','0000-00-00','0000-00-00','0000-00-00'),
(37,33,'B','0','0000-00-00','0000-00-00','2018-09-28','2018-10-05','0000-00-00','2018-10-03','2018-10-30','2018-10-29','2018-10-30','0000-00-00','0000-00-00','0000-00-00','7500000095','2019-01-08','0000-00-00','','0000-00-00','0000-00-00','0000-00-00'),
(38,33,'B','0','0000-00-00','0000-00-00','2018-09-28','2018-10-05','0000-00-00','2018-10-03','2018-10-30','2018-10-29','2018-10-30','0000-00-00','0000-00-00','0000-00-00','7500000095','2019-01-08','0000-00-00','','0000-00-00','0000-00-00','0000-00-00'),
(39,33,'B','0','0000-00-00','0000-00-00','2018-09-28','2018-10-05','0000-00-00','2018-10-03','2018-10-30','2018-10-29','2018-10-30','0000-00-00','0000-00-00','0000-00-00','7500000095','2019-01-08','0000-00-00','','0000-00-00','0000-00-00','0000-00-00'),
(40,33,'B','0','0000-00-00','0000-00-00','2018-09-28','2018-10-05','0000-00-00','2018-10-03','2018-10-30','2018-10-29','2018-10-30','0000-00-00','0000-00-00','0000-00-00','7500000095','2019-01-08','0000-00-00','','0000-00-00','0000-00-00','0000-00-00'),
(41,33,'B','0','0000-00-00','0000-00-00','2018-09-28','2018-10-05','0000-00-00','2018-10-03','2018-10-30','2018-10-29','2018-10-30','0000-00-00','0000-00-00','0000-00-00','7500000095','2019-01-08','0000-00-00','','0000-00-00','0000-00-00','0000-00-00'),
(42,20,'B','0','0000-00-00','0000-00-00','2018-09-28','2018-10-05','0000-00-00','2018-10-03','2018-10-30','2018-10-29','2018-10-30','0000-00-00','0000-00-00','0000-00-00','7500000095','2019-01-08','0000-00-00','','0000-00-00','0000-00-00','0000-00-00'),
(42,33,'B','0','0000-00-00','0000-00-00','2018-09-28','2018-10-05','0000-00-00','2018-10-03','2018-10-30','2018-10-29','2018-10-30','0000-00-00','0000-00-00','0000-00-00','7500000095','2019-01-08','0000-00-00','','0000-00-00','0000-00-00','0000-00-00'),
(43,33,'B','0','0000-00-00','0000-00-00','2018-09-28','2018-10-05','0000-00-00','2018-10-03','2018-10-30','2018-10-29','2018-10-30','0000-00-00','0000-00-00','0000-00-00','7500000095','2019-01-08','0000-00-00','','0000-00-00','0000-00-00','0000-00-00'),
(44,33,'B','0','0000-00-00','0000-00-00','2018-09-28','2018-10-05','0000-00-00','2018-10-03','2018-10-30','2018-10-29','2018-10-30','0000-00-00','0000-00-00','0000-00-00','7500000095','2019-01-08','0000-00-00','','0000-00-00','0000-00-00','0000-00-00'),
(45,33,'B','0','0000-00-00','0000-00-00','2018-09-28','2018-10-05','0000-00-00','2018-10-03','2018-10-30','2018-10-29','2018-10-30','0000-00-00','0000-00-00','0000-00-00','7500000095','2019-01-08','0000-00-00','','0000-00-00','0000-00-00','0000-00-00'),
(46,33,'B','0','0000-00-00','0000-00-00','2018-09-28','2018-10-05','0000-00-00','2018-10-03','2018-10-30','2018-10-29','2018-10-30','0000-00-00','0000-00-00','0000-00-00','7500000095','2019-01-08','0000-00-00','','0000-00-00','0000-00-00','0000-00-00'),
(47,1,'B','0067/SPK-ITCCMMG/XII/2018','0000-00-00','0000-00-00','2018-09-28','2018-10-05','0000-00-00','2018-11-15','2018-11-28','2018-09-19','2018-10-01','2018-10-29','2018-12-14','2018-12-14','7500000061','2018-12-13','2018-12-14','4500000068','0000-00-00','2018-12-14','0000-00-00'),
(47,1,'J','0067/SPK-ITCCMMG/XII/2018','0000-00-00','0000-00-00','2018-09-28','2018-10-05','0000-00-00','2018-11-15','2018-11-28','2018-09-19','2018-10-01','2018-10-29','2018-12-14','2018-12-14','7500000077','2018-12-13','2018-12-14','4500000068','0000-00-00','2018-12-14','0000-00-00'),
(47,8,'B','0067/SPK-ITCCMMG/XII/2018','0000-00-00','0000-00-00','2018-09-28','2018-10-05','0000-00-00','2018-11-15','2018-11-28','2018-09-19','2018-10-01','2018-10-29','2018-12-14','2018-12-14','7500000077','2018-12-13','2018-12-14','4500000068','0000-00-00','2018-12-14','0000-00-00'),
(47,25,'B','0067/SPK-ITCCMMG/XII/2018','0000-00-00','0000-00-00','2018-09-28','2018-10-05','0000-00-00','2018-11-15','2018-11-28','2018-09-19','2018-10-01','2018-10-29','2018-12-14','2018-12-14','7500000077','2018-12-13','2018-12-14','4500000068','0000-00-00','2018-12-14','0000-00-00'),
(47,62,'B','0067/SPK-ITCCMMG/XII/2018','0000-00-00','0000-00-00','2018-09-28','2018-10-05','0000-00-00','2018-11-15','2018-11-28','2018-09-19','2018-10-01','2018-10-29','2018-12-14','2018-12-14','7500000077','2018-12-13','2018-12-14','4500000068','0000-00-00','2018-12-14','0000-00-00'),
(48,1,'B','028/SPK-ITCRM/XII/2018','0000-00-00','0000-00-00','2018-09-28','2018-10-05','0000-00-00','2018-10-03','2018-11-28','2018-09-19','2018-10-01','2018-10-29','2018-12-14','2018-12-14','7500000077','2018-12-13','2018-12-14','4500000068','0000-00-00','2018-12-14','0000-00-00'),
(48,1,'J','028/SPK-ITCRM/XII/2018','0000-00-00','0000-00-00','2018-09-28','2018-10-05','0000-00-00','2018-10-03','2018-11-28','2018-09-19','2018-10-01','2018-10-29','2018-12-14','2018-12-14','7500000077','2018-12-13','2018-12-14','4500000068','0000-00-00','2018-12-14','0000-00-00'),
(48,8,'B','028/SPK-ITCRM/XII/2018','0000-00-00','0000-00-00','2018-09-28','2018-10-05','0000-00-00','2018-10-03','2018-11-28','2018-09-19','2018-10-01','2018-10-29','2018-12-14','2018-12-14','7500000077','2018-12-13','2018-12-14','4500000068','0000-00-00','2018-12-14','0000-00-00'),
(48,25,'B','028/SPK-ITCRM/XII/2018','0000-00-00','0000-00-00','2018-09-28','2018-10-05','0000-00-00','2018-10-03','2018-11-28','2018-09-19','2018-10-01','2018-10-29','2018-12-14','2018-12-14','7500000077','2018-12-13','2018-12-14','4500000068','0000-00-00','2018-12-14','0000-00-00'),
(48,62,'B','028/SPK-ITCRM/XII/2018','0000-00-00','0000-00-00','2018-09-28','2018-10-05','0000-00-00','2018-10-03','2018-11-28','2018-09-19','2018-10-01','2018-10-29','2018-12-14','2018-12-14','7500000077','2018-12-13','2018-12-14','4500000068','0000-00-00','2018-12-14','0000-00-00'),
(49,1,'B','005/GS/FM/II/2019','0000-00-00','0000-00-00','2018-09-28','2018-10-05','0000-00-00','2018-10-03','2018-11-28','2018-09-19','2018-10-01','2018-10-29','2018-12-14','2018-12-14','7500000077','2018-12-13','2018-12-14','4500000068','0000-00-00','2018-12-14','0000-00-00'),
(49,1,'J','005/GS/FM/II/2019','0000-00-00','0000-00-00','2018-09-28','2018-10-05','0000-00-00','2018-10-03','2018-11-28','2018-09-19','2018-10-01','2018-10-29','2018-12-14','2018-12-14','7500000077','2018-12-13','2018-12-14','4500000068','0000-00-00','2018-12-14','0000-00-00'),
(49,8,'B','005/GS/FM/II/2019','0000-00-00','0000-00-00','2018-09-28','2018-10-05','0000-00-00','2018-10-03','2018-11-28','2018-09-19','2018-10-01','2018-10-29','2018-12-14','2018-12-14','7500000077','2018-12-13','2018-12-14','4500000068','0000-00-00','2018-12-14','0000-00-00'),
(49,25,'B','005/GS/FM/II/2019','0000-00-00','0000-00-00','2018-09-28','2018-10-05','0000-00-00','2018-10-03','2018-11-28','2018-09-19','2018-10-01','2018-10-29','2018-12-14','2018-12-14','7500000077','2018-12-13','2018-12-14','4500000068','0000-00-00','2018-12-14','0000-00-00'),
(49,62,'B','005/GS/FM/II/2019','0000-00-00','0000-00-00','2018-09-28','2018-10-05','0000-00-00','2018-10-03','2018-11-28','2018-09-19','2018-10-01','2018-10-29','2018-12-14','2018-12-14','7500000077','2018-12-13','2018-12-14','4500000068','0000-00-00','2018-12-14','0000-00-00'),
(50,1,'B','034/GS/KN/XII/2018','0000-00-00','0000-00-00','2018-09-28','2018-10-05','0000-00-00','2018-10-03','2018-11-28','2018-09-19','2018-10-01','2018-10-29','2018-12-14','2018-12-14','7500000077','2018-12-13','2018-12-14','4500000068','0000-00-00','2018-12-14','0000-00-00'),
(50,1,'J','034/GS/KN/XII/2018','0000-00-00','0000-00-00','2018-09-28','2018-10-05','0000-00-00','2018-10-03','2018-11-28','2018-09-19','2018-10-01','2018-10-29','2018-12-14','2018-12-14','7500000077','2018-12-13','2018-12-14','4500000068','0000-00-00','2018-12-14','0000-00-00'),
(50,8,'B','034/GS/KN/XII/2018','0000-00-00','0000-00-00','2018-09-28','2018-10-05','0000-00-00','2018-10-03','2018-11-28','2018-09-19','2018-10-01','2018-10-29','2018-12-14','2018-12-14','7500000077','2018-12-13','2018-12-14','4500000068','0000-00-00','2018-12-14','0000-00-00'),
(50,25,'B','034/GS/KN/XII/2018','0000-00-00','0000-00-00','2018-09-28','2018-10-05','0000-00-00','2018-10-03','2018-11-28','2018-09-19','2018-10-01','2018-10-29','2018-12-14','2018-12-14','7500000077','2018-12-13','2018-12-14','4500000068','0000-00-00','2018-12-14','0000-00-00'),
(50,62,'B','034/GS/KN/XII/2018','0000-00-00','0000-00-00','2018-09-28','2018-10-05','0000-00-00','2018-10-03','2018-11-28','2018-09-19','2018-10-01','2018-10-29','2018-12-14','2018-12-14','7500000077','2018-12-13','2018-12-14','4500000068','0000-00-00','2018-12-14','0000-00-00'),
(51,1,'B','001/GS/GITC-PH/II/2019','0000-00-00','0000-00-00','2018-09-28','2018-10-05','0000-00-00','2018-10-03','2018-11-28','2018-09-19','2018-10-01','2018-10-29','2018-12-14','2018-12-14','7500000077','2018-12-13','2018-12-14','4500000068','0000-00-00','2018-12-14','0000-00-00'),
(51,1,'J','001/GS/GITC-PH/II/2019','0000-00-00','0000-00-00','2018-09-28','2018-10-05','0000-00-00','2018-10-03','2018-11-28','2018-09-19','2018-10-01','2018-10-29','2018-12-14','2018-12-14','7500000077','2018-12-13','2018-12-14','4500000068','0000-00-00','2018-12-14','0000-00-00'),
(51,8,'B','001/GS/GITC-PH/II/2019','0000-00-00','0000-00-00','2018-09-28','2018-10-05','0000-00-00','2018-10-03','2018-11-28','2018-09-19','2018-10-01','2018-10-29','2018-12-14','2018-12-14','7500000077','2018-12-13','2018-12-14','4500000068','0000-00-00','2018-12-14','0000-00-00'),
(51,25,'B','001/GS/GITC-PH/II/2019','0000-00-00','0000-00-00','2018-09-28','2018-10-05','0000-00-00','2018-10-03','2018-11-28','2018-09-19','2018-10-01','2018-10-29','2018-12-14','2018-12-14','7500000077','2018-12-13','2018-12-14','4500000068','0000-00-00','2018-12-14','0000-00-00'),
(51,62,'B','001/GS/GITC-PH/II/2019','0000-00-00','0000-00-00','2018-09-28','2018-10-05','0000-00-00','2018-10-03','2018-11-28','2018-09-19','2018-10-01','2018-10-29','2018-12-14','2018-12-14','7500000077','2018-12-13','2018-12-14','4500000068','0000-00-00','2018-12-14','0000-00-00'),
(52,1,'B','010/SPK/PM/ITC-DEPOK/PZN/II/2019','0000-00-00','0000-00-00','2018-09-28','2018-10-05','0000-00-00','2018-10-03','2018-11-28','2018-09-19','2018-10-01','2018-10-29','2018-12-14','2018-12-14','7500000077','2018-12-13','2018-12-14','4500000068','0000-00-00','2018-12-14','0000-00-00'),
(52,1,'J','010/SPK/PM/ITC-DEPOK/PZN/II/2019','0000-00-00','0000-00-00','2018-09-28','2018-10-05','0000-00-00','2018-10-03','2018-11-28','2018-09-19','2018-10-01','2018-10-29','2018-12-14','2018-12-14','7500000077','2018-12-13','2018-12-14','4500000068','0000-00-00','2018-12-14','0000-00-00'),
(52,8,'B','010/SPK/PM/ITC-DEPOK/PZN/II/2019','0000-00-00','0000-00-00','2018-09-28','2018-10-05','0000-00-00','2018-10-03','2018-11-28','2018-09-19','2018-10-01','2018-10-29','2018-12-14','2018-12-14','7500000077','2018-12-13','2018-12-14','4500000068','0000-00-00','2018-12-14','0000-00-00'),
(52,25,'B','010/SPK/PM/ITC-DEPOK/PZN/II/2019','0000-00-00','0000-00-00','2018-09-28','2018-10-05','0000-00-00','2018-10-03','2018-11-28','2018-09-19','2018-10-01','2018-10-29','2018-12-14','2018-12-14','7500000077','2018-12-13','2018-12-14','4500000068','0000-00-00','2018-12-14','0000-00-00'),
(52,62,'B','010/SPK/PM/ITC-DEPOK/PZN/II/2019','0000-00-00','0000-00-00','2018-09-28','2018-10-05','0000-00-00','2018-10-03','2018-11-28','2018-09-19','2018-10-01','2018-10-29','2018-12-14','2018-12-14','7500000077','2018-12-13','2018-12-14','4500000068','0000-00-00','2018-12-14','0000-00-00'),
(53,1,'B','003/SPK/GS-GA/KM2M/II/2019','0000-00-00','0000-00-00','2018-09-28','2018-10-05','0000-00-00','2018-10-03','2018-11-28','2018-09-19','2018-10-01','2018-10-29','2018-12-14','2018-12-14','7500000077','2018-12-13','2018-12-14','4500000068','0000-00-00','2018-12-14','0000-00-00'),
(53,1,'J','003/SPK/GS-GA/KM2M/II/2019','0000-00-00','0000-00-00','2018-09-28','2018-10-05','0000-00-00','2018-10-03','2018-11-28','2018-09-19','2018-10-01','2018-10-29','2018-12-14','2018-12-14','7500000077','2018-12-13','2018-12-14','4500000068','0000-00-00','2018-12-14','0000-00-00'),
(53,8,'B','003/SPK/GS-GA/KM2M/II/2019','0000-00-00','0000-00-00','2018-09-28','2018-10-05','0000-00-00','2018-10-03','2018-11-28','2018-09-19','2018-10-01','2018-10-29','2018-12-14','2018-12-14','7500000077','2018-12-13','2018-12-14','4500000068','0000-00-00','2018-12-14','0000-00-00'),
(53,25,'B','003/SPK/GS-GA/KM2M/II/2019','0000-00-00','0000-00-00','2018-09-28','2018-10-05','0000-00-00','2018-10-03','2018-11-28','2018-09-19','2018-10-01','2018-10-29','2018-12-14','2018-12-14','7500000077','2018-12-13','2018-12-14','4500000068','0000-00-00','2018-12-14','0000-00-00'),
(53,62,'B','003/SPK/GS-GA/KM2M/II/2019','0000-00-00','0000-00-00','2018-09-28','2018-10-05','0000-00-00','2018-10-03','2018-11-28','2018-09-19','2018-10-01','2018-10-29','2018-12-14','2018-12-14','7500000077','2018-12-13','2018-12-14','4500000068','0000-00-00','2018-12-14','0000-00-00'),
(54,1,'B','012/GS/M2M/II/2019','0000-00-00','0000-00-00','2018-09-28','2018-10-05','0000-00-00','2018-10-03','2018-11-28','2018-09-19','2018-10-01','2018-10-29','2018-12-14','2018-12-14','7500000077','2018-12-13','2018-12-14','4500000068','0000-00-00','2018-12-14','0000-00-00'),
(54,1,'J','012/GS/M2M/II/2019','0000-00-00','0000-00-00','2018-09-28','2018-10-05','0000-00-00','2018-10-03','2018-11-28','2018-09-19','2018-10-01','2018-10-29','2018-12-14','2018-12-14','7500000077','2018-12-13','2018-12-14','4500000068','0000-00-00','2018-12-14','0000-00-00'),
(54,8,'B','012/GS/M2M/II/2019','0000-00-00','0000-00-00','2018-09-28','2018-10-05','0000-00-00','2018-10-03','2018-11-28','2018-09-19','2018-10-01','2018-10-29','2018-12-14','2018-12-14','7500000077','2018-12-13','2018-12-14','4500000068','0000-00-00','2018-12-14','0000-00-00'),
(54,25,'B','012/GS/M2M/II/2019','0000-00-00','0000-00-00','2018-09-28','2018-10-05','0000-00-00','2018-10-03','2018-11-28','2018-09-19','2018-10-01','2018-10-29','2018-12-14','2018-12-14','7500000077','2018-12-13','2018-12-14','4500000068','0000-00-00','2018-12-14','0000-00-00'),
(54,62,'B','012/GS/M2M/II/2019','0000-00-00','0000-00-00','2018-09-28','2018-10-05','0000-00-00','2018-10-03','2018-11-28','2018-09-19','2018-10-01','2018-10-29','2018-12-14','2018-12-14','7500000077','2018-12-13','2018-12-14','4500000068','0000-00-00','2018-12-14','0000-00-00'),
(55,3,'B','0','0000-00-00','0000-00-00','2018-10-19','0000-00-00','0000-00-00','2018-10-19','2018-11-05','2019-01-18','2019-01-21','0000-00-00','0000-00-00','0000-00-00','7500000101','0000-00-00','0000-00-00','','0000-00-00','0000-00-00','0000-00-00'),
(56,3,'B','0','0000-00-00','0000-00-00','2018-10-19','0000-00-00','0000-00-00','2018-10-19','2018-11-05','2018-11-28','2018-12-03','0000-00-00','0000-00-00','0000-00-00','7500000093','2019-01-04','0000-00-00','4500000106','0000-00-00','0000-00-00','0000-00-00'),
(57,20,'B','0','0000-00-00','0000-00-00','2018-10-19','0000-00-00','0000-00-00','2018-10-19','2018-11-05','2018-11-28','2018-12-03','0000-00-00','0000-00-00','0000-00-00','7500000093','2019-01-04','0000-00-00','4500000106','0000-00-00','0000-00-00','0000-00-00'),
(58,19,'B','4500033978','2018-10-01','2019-09-30','2018-08-14','2018-08-31','2018-09-05','2018-09-25','2018-10-09','2018-10-04','2018-10-04','2018-10-10','2018-10-26','2018-10-18','7500000048','2018-10-18','2018-10-18','4500000043','0000-00-00','2018-10-18','0000-00-00'),
(59,27,'B','4500033978','2018-10-01','2019-09-30','2018-08-14','2018-08-31','2018-09-05','2018-09-25','2018-10-09','2018-10-04','2018-10-04','2018-10-10','2018-10-26','2018-10-18','7500000048','2018-10-18','2018-10-18','4500000043','0000-00-00','2018-10-18','0000-00-00'),
(60,28,'B','4500033978','2018-10-01','2019-09-30','2018-08-14','2018-08-31','2018-09-05','2018-09-25','2018-10-09','2018-10-04','2018-10-04','2018-10-10','2018-10-26','2018-10-18','7500000048','2018-10-18','2018-10-18','4500000043','0000-00-00','2018-10-18','0000-00-00'),
(61,55,'B','4500033995','2018-10-01','2019-09-30','2018-08-14','2018-08-31','2018-09-05','2018-09-25','2018-10-09','2018-10-04','2018-10-04','2018-10-10','2018-10-26','2018-10-18','7500000051','2018-10-18','2018-10-18','4500000047','0000-00-00','2018-10-18','0000-00-00'),
(61,55,'J','4500033978','2018-10-01','2019-09-30','2018-08-14','2018-08-31','2018-09-05','2018-09-25','2018-10-09','2018-10-04','2018-10-04','2018-10-10','2018-10-26','2018-10-18','7500000052','2018-10-18','2018-10-18','4500000046','0000-00-00','2018-10-18','0000-00-00'),
(62,0,'B','4500033978','2018-10-01','2019-09-30','2018-08-14','2018-08-31','2018-09-05','2018-09-25','2018-10-09','2018-10-04','2018-10-04','2018-10-10','2018-10-26','2018-10-18','7500000048','2018-10-18','2018-10-18','4500000043','0000-00-00','2018-10-18','0000-00-00'),
(63,33,'B','C022-4500089352 /20.10.2018','0000-00-00','0000-00-00','2018-10-30','2018-11-03','2018-11-16','2018-11-01','2018-11-19','2018-12-05','2018-12-05','2018-12-14','2028-12-26','2019-12-19','7500000084','2018-12-18','2019-12-19','4500000072','0000-00-00','2019-12-19','0000-00-00'),
(64,33,'B','C032-4500089349 /20.10.2018','0000-00-00','0000-00-00','2018-10-30','2018-11-03','2018-11-16','2018-11-01','2018-11-19','2018-11-22','2018-11-23','2018-12-14','2028-12-26','2019-12-19','7500000078','2018-12-18','2019-12-19','4500000071','0000-00-00','2019-12-19','0000-00-00'),
(65,33,'B','A012-4500089589','0000-00-00','0000-00-00','2018-10-30','2018-11-03','2018-11-16','2018-11-01','2018-11-19','2018-11-22','2018-11-23','2018-12-14','2028-12-26','2019-12-19','7500000080','2018-12-18','2019-12-19','4500000070','0000-00-00','2019-12-19','0000-00-00'),
(66,33,'B','H301-4500089127 /22.10.2018','0000-00-00','0000-00-00','2018-10-30','2018-11-03','2018-11-16','2018-11-01','2018-11-19','2018-11-22','2018-11-23','2018-12-14','2028-12-26','2019-12-19','7500000079','2018-12-18','2019-12-19','4500000069','0000-00-00','2019-12-19','0000-00-00'),
(67,32,'B','4500037419','0000-00-00','0000-00-00','2018-10-26','0000-00-00','0000-00-00','2018-10-26','2018-12-03','2019-01-23','0000-00-00','2019-05-14','2019-05-15','2019-05-15','7500000118','2019-05-15','2019-05-15','4500000136','0000-00-00','2019-05-16','0000-00-00'),
(68,32,'B','4500037419','0000-00-00','0000-00-00','2018-10-26','0000-00-00','0000-00-00','2018-10-26','2018-12-03','2019-01-23','0000-00-00','2019-05-14','2019-05-15','2019-05-15','7500000118','2019-05-15','2019-05-15','4500000136','0000-00-00','2019-05-16','0000-00-00'),
(69,3,'B','004/PO/BMGU/X/18','0000-00-00','0000-00-00','2018-11-13','2018-11-16','0000-00-00','2018-11-13','2018-12-03','2018-11-28','2018-12-04','2018-12-14','2018-12-26','2018-12-27','7500000087','2018-12-21','2018-12-27','4500000076','0000-00-00','2018-12-27','0000-00-00'),
(69,3,'J','004/PO/BMGU/X/18','0000-00-00','0000-00-00','2018-11-13','2018-11-16','0000-00-00','2018-11-13','2018-12-03','2018-11-28','2018-12-04','2018-12-14','2018-12-26','2018-12-27','7500000087','2018-12-21','2018-12-27','4500000076','0000-00-00','2018-12-27','0000-00-00'),
(69,33,'B','004/PO/BMGU/X/18','0000-00-00','0000-00-00','2018-11-13','2018-11-16','0000-00-00','2018-11-13','2018-12-03','2018-11-28','2018-12-04','2018-12-14','2018-12-26','2018-12-27','7500000087','2018-12-21','2018-12-27','4500000076','0000-00-00','2018-12-27','0000-00-00'),
(69,36,'B','004/PO/BMGU/X/18','0000-00-00','0000-00-00','2018-11-13','2018-11-16','0000-00-00','2018-11-13','2018-12-03','2018-11-28','2018-12-04','2018-12-14','2018-12-26','2018-12-27','7500000087','2018-12-21','2018-12-27','4500000076','0000-00-00','2018-12-27','0000-00-00'),
(70,7,'B','4500037329','0000-00-00','0000-00-00','2018-11-21','0000-00-00','0000-00-00','2018-11-16','2018-12-03','2019-01-25','2019-02-07','2019-05-13','2019-05-15','2019-05-15','7500000114','2019-05-15','2019-05-15','4500000137','0000-00-00','2019-05-16','0000-00-00'),
(70,7,'J','4500037329','0000-00-00','0000-00-00','2018-11-21','0000-00-00','0000-00-00','2018-11-16','2018-12-03','2019-01-25','2019-02-07','2019-05-13','2019-05-15','2019-05-15','7500000114','2019-05-15','2019-05-15','4500000137','0000-00-00','2019-05-16','0000-00-00'),
(71,33,'B','H301-4500089127 /22.10.2018','0000-00-00','0000-00-00','2018-10-30','2018-11-03','2018-11-16','2018-11-01','2018-11-19','2018-11-22','2018-11-23','2018-12-14','2028-12-26','2019-12-19','7500000079','2018-12-18','2019-12-19','4500000069','0000-00-00','2019-12-19','0000-00-00'),
(72,3,'B','PO 002','0000-00-00','0000-00-00','2018-11-29','2018-12-03','0000-00-00','2018-11-26','2018-12-03','2018-12-11','2018-12-12','2018-12-14','2018-12-28','2018-12-28','7500000091','2018-12-21','2018-12-28','4500000081','0000-00-00','2018-12-28','0000-00-00'),
(72,27,'B','PO 002','0000-00-00','0000-00-00','2018-11-29','2018-12-03','0000-00-00','2018-11-26','2018-12-03','2018-12-11','2018-12-12','2018-12-14','2018-12-28','2018-12-28','7500000091','2018-12-21','2018-12-28','4500000081','0000-00-00','2018-12-28','0000-00-00'),
(72,33,'B','PO 002','0000-00-00','0000-00-00','2018-11-29','2018-12-03','0000-00-00','2018-11-26','2018-12-03','2018-12-11','2018-12-12','2018-12-14','2018-12-28','2018-12-28','7500000091','2018-12-21','2018-12-28','4500000081','0000-00-00','2018-12-28','0000-00-00'),
(73,6,'B','0','0000-00-00','0000-00-00','2018-11-21','2018-11-26','0000-00-00','2018-11-29','2018-12-12','2018-12-12','2018-12-20','0000-00-00','0000-00-00','0000-00-00','7500000098','2019-01-10','0000-00-00','4500000109','0000-00-00','0000-00-00','0000-00-00'),
(73,6,'J','0','0000-00-00','0000-00-00','2018-11-21','2018-11-26','0000-00-00','2018-11-29','2018-12-12','2018-12-12','2018-12-20','0000-00-00','0000-00-00','0000-00-00','7500000098','2019-01-10','0000-00-00','4500000109','0000-00-00','0000-00-00','0000-00-00'),
(74,20,'B','020/SPK-DSM/COMM-1/MKT/I/2019','2018-12-12','2019-01-17','2018-11-21','2018-11-26','0000-00-00','2018-11-29','2018-12-12','2018-12-12','2018-12-20','2019-01-02','2019-01-16','2019-01-07','7500000094','2019-01-07','2019-01-07','4500000104','0000-00-00','2019-01-16','0000-00-00'),
(75,27,'B','0','0000-00-00','0000-00-00','2018-12-11','2018-12-18','0000-00-00','2018-12-07','2019-01-07','2018-12-12','2018-12-20','0000-00-00','0000-00-00','0000-00-00','7500000099','2019-01-10','0000-00-00','4500000110','0000-00-00','0000-00-00','0000-00-00'),
(76,7,'B','0','0000-00-00','0000-00-00','2018-12-26','0000-00-00','0000-00-00','2019-01-08','2019-01-17','2019-02-12','2019-02-12','0000-00-00','0000-00-00','0000-00-00','7500000104','2019-02-25','0000-00-00','4500000116','0000-00-00','0000-00-00','0000-00-00'),
(77,0,'B','0','0000-00-00','0000-00-00','2018-12-26','2018-12-28','0000-00-00','0000-00-00','0000-00-00','0000-00-00','0000-00-00','0000-00-00','0000-00-00','0000-00-00','0','0000-00-00','0000-00-00','0','0000-00-00','0000-00-00','0000-00-00'),
(78,0,'B','0','0000-00-00','0000-00-00','2018-12-26','2018-12-28','0000-00-00','0000-00-00','0000-00-00','0000-00-00','0000-00-00','0000-00-00','0000-00-00','0000-00-00','0','0000-00-00','0000-00-00','0','0000-00-00','0000-00-00','0000-00-00'),
(79,28,'B','4500036402','0000-00-00','0000-00-00','0000-00-00','0000-00-00','0000-00-00','2019-01-10','2019-01-17','2019-01-21','2019-01-21','2018-04-02','2018-04-03','2018-03-07','7500000004','2018-03-05','2018-03-07','4500000003','0000-00-00','2018-03-07','0000-00-00'),
(80,35,'B','SPPB-HS2/4700008459/A1-6A/II/2019','0000-00-00','0000-00-00','2019-01-06','0000-00-00','0000-00-00','2019-01-10','2019-01-23','2019-01-25','2019-01-28','2019-01-31','2019-02-01','2019-02-06','7500000102','2019-02-04','2019-02-06','4500000112','0000-00-00','2019-02-06','0000-00-00'),
(81,54,'B','008/PO/AERIUM/HC-GA/I/2019','0000-00-00','0000-00-00','2019-01-16','0000-00-00','0000-00-00','2019-01-17','2019-01-25','2019-01-22','2019-01-23','0000-00-00','2019-02-12','2019-02-12','7500000103','2019-02-11','2019-02-12','4500000114','0000-00-00','2019-02-13','0000-00-00'),
(82,56,'B','0','0000-00-00','0000-00-00','2019-01-10','0000-00-00','0000-00-00','2019-01-17','2019-02-18','2019-04-11','2019-04-15','0000-00-00','0000-00-00','0000-00-00','0','0000-00-00','0000-00-00','0','0000-00-00','0000-00-00','0000-00-00'),
(82,56,'J','0','0000-00-00','0000-00-00','2019-01-10','0000-00-00','0000-00-00','2019-01-17','2019-02-18','2019-04-11','2019-04-15','0000-00-00','0000-00-00','0000-00-00','0','0000-00-00','0000-00-00','0','0000-00-00','0000-00-00','0000-00-00'),
(83,4,'B','0','0000-00-00','0000-00-00','2019-02-28','0000-00-00','0000-00-00','2019-01-17','2019-01-30','2019-02-12','0000-00-00','0000-00-00','0000-00-00','0000-00-00','0','0000-00-00','0000-00-00','0','0000-00-00','0000-00-00','0000-00-00'),
(83,8,'B','0','0000-00-00','0000-00-00','2019-02-28','0000-00-00','0000-00-00','2019-01-17','2019-01-30','2019-02-12','0000-00-00','0000-00-00','0000-00-00','0000-00-00','0','0000-00-00','0000-00-00','0','0000-00-00','0000-00-00','0000-00-00'),
(83,33,'B','0','0000-00-00','0000-00-00','2019-02-28','0000-00-00','0000-00-00','2019-01-17','2019-01-30','2019-02-12','0000-00-00','0000-00-00','0000-00-00','0000-00-00','0','0000-00-00','0000-00-00','0','0000-00-00','0000-00-00','0000-00-00'),
(83,36,'B','0','0000-00-00','0000-00-00','2019-02-28','0000-00-00','0000-00-00','2019-01-17','2019-01-30','2019-02-12','0000-00-00','0000-00-00','0000-00-00','0000-00-00','0','0000-00-00','0000-00-00','0','0000-00-00','0000-00-00','0000-00-00'),
(83,57,'B','0','0000-00-00','0000-00-00','2019-02-28','0000-00-00','0000-00-00','2019-01-17','2019-01-30','2019-02-12','0000-00-00','0000-00-00','0000-00-00','0000-00-00','0','0000-00-00','0000-00-00','0','0000-00-00','0000-00-00','0000-00-00'),
(84,4,'B','4700001259/SPPB/PAP-TNK-ME/II/19','0000-00-00','0000-00-00','2019-01-28','0000-00-00','0000-00-00','2019-01-17','2019-02-11','2019-03-21','2019-03-21','2019-03-26','2019-03-29','2019-04-04','7500000121','2019-04-04','2019-04-04','4500000129','0000-00-00','2019-04-05','0000-00-00'),
(85,54,'B','4500036633, 4500036634, 4500036687','0000-00-00','0000-00-00','2019-01-06','0000-00-00','0000-00-00','2019-04-23','2019-01-25','2019-03-19','2019-04-25','2019-05-22','2019-05-27','2019-05-28','7500000132','2019-05-21','2019-05-28','4500000139','0000-00-00','2019-05-29','0000-00-00'),
(86,36,'B','0','0000-00-00','0000-00-00','2019-01-21','0000-00-00','0000-00-00','2019-01-21','2019-01-30','2019-03-25','0000-00-00','0000-00-00','0000-00-00','0000-00-00','0','0000-00-00','0000-00-00','0','0000-00-00','0000-00-00','0000-00-00'),
(87,58,'B','4500036402','0000-00-00','0000-00-00','2019-01-08','0000-00-00','0000-00-00','2019-01-10','2019-02-08','2019-01-18','2019-01-21','2019-02-15','2019-02-20','2019-02-28','7500000100','2019-01-25','2019-02-28','4500000111','0000-00-00','2019-03-22','0000-00-00'),
(88,20,'B','003/KBG-PSGK/XI/18','0000-00-00','0000-00-00','2018-10-11','2018-10-15','0000-00-00','2018-10-04','2018-10-29','2018-09-25','2018-10-10','2018-11-13','2018-11-15','2018-11-16','7500000072','2018-11-16','2018-11-16','4500000060','0000-00-00','2018-11-16','0000-00-00'),
(89,37,'B','4500001957','0000-00-00','0000-00-00','2019-01-31','0000-00-00','0000-00-00','2019-02-01','2019-02-13','2019-02-12','2019-02-12','2019-03-19','2019-03-25','2019-03-25','7500000105','2019-02-27','2019-03-25','4500000123','0000-00-00','2019-03-26','0000-00-00'),
(90,0,'B','0','0000-00-00','0000-00-00','2019-02-07','0000-00-00','0000-00-00','2019-02-11','0000-00-00','0000-00-00','0000-00-00','0000-00-00','0000-00-00','0000-00-00','0','0000-00-00','0000-00-00','0','0000-00-00','0000-00-00','0000-00-00'),
(90,0,'J','0','0000-00-00','0000-00-00','2019-02-07','0000-00-00','0000-00-00','2019-02-11','0000-00-00','0000-00-00','0000-00-00','0000-00-00','0000-00-00','0000-00-00','0','0000-00-00','0000-00-00','0','0000-00-00','0000-00-00','0000-00-00'),
(91,38,'B','4500037419','0000-00-00','0000-00-00','2019-02-07','0000-00-00','0000-00-00','2019-02-11','2019-02-20','0000-00-00','0000-00-00','2019-05-14','2019-05-15','2019-05-15','7500000130\r\n','2019-05-10','2019-05-15','4500000135','0000-00-00','2019-05-16','0000-00-00'),
(92,39,'B','SPK – MARCOMM/BSD – 045/III/2019','0000-00-00','0000-00-00','2019-02-27','0000-00-00','0000-00-00','2019-02-11','2019-02-20','2019-03-25','2019-04-02','2019-05-21','2019-05-27','2019-05-28','7500000134','2019-05-23','2019-05-28','4500000140','0000-00-00','2019-05-29','0000-00-00'),
(92,59,'B','SPK – MARCOMM/BSD – 045/III/2019','0000-00-00','0000-00-00','2019-02-27','0000-00-00','0000-00-00','2019-02-11','2019-02-20','2019-03-25','2019-04-02','2019-05-21','2019-05-27','2019-05-28','7500000134','2019-05-23','2019-05-28','4500000140','0000-00-00','2019-05-29','0000-00-00'),
(93,1,'J','0','0000-00-00','0000-00-00','2019-02-01','0000-00-00','0000-00-00','2019-02-11','2019-02-20','0000-00-00','0000-00-00','0000-00-00','0000-00-00','0000-00-00','0','0000-00-00','0000-00-00','0','0000-00-00','0000-00-00','0000-00-00'),
(94,0,'B','0','0000-00-00','0000-00-00','2019-02-12','0000-00-00','0000-00-00','2019-02-13','0000-00-00','0000-00-00','0000-00-00','0000-00-00','0000-00-00','0000-00-00','0','0000-00-00','0000-00-00','0','0000-00-00','0000-00-00','0000-00-00'),
(95,0,'B','0','0000-00-00','0000-00-00','2019-02-12','0000-00-00','0000-00-00','2019-02-13','0000-00-00','0000-00-00','0000-00-00','0000-00-00','0000-00-00','0000-00-00','0','0000-00-00','0000-00-00','0','0000-00-00','0000-00-00','0000-00-00'),
(96,0,'B','0','0000-00-00','0000-00-00','2019-02-13','0000-00-00','0000-00-00','0000-00-00','0000-00-00','0000-00-00','0000-00-00','0000-00-00','0000-00-00','0000-00-00','0','0000-00-00','0000-00-00','0','0000-00-00','0000-00-00','0000-00-00'),
(97,42,'B','0','0000-00-00','0000-00-00','2019-02-14','0000-00-00','0000-00-00','2019-02-19','2019-03-04','0000-00-00','0000-00-00','0000-00-00','0000-00-00','0000-00-00','0','0000-00-00','0000-00-00','0','0000-00-00','0000-00-00','0000-00-00'),
(97,42,'J','0','0000-00-00','0000-00-00','2019-02-14','0000-00-00','0000-00-00','2019-02-19','2019-03-04','0000-00-00','0000-00-00','0000-00-00','0000-00-00','0000-00-00','0','0000-00-00','0000-00-00','0','0000-00-00','0000-00-00','0000-00-00'),
(98,0,'B','0','0000-00-00','0000-00-00','2019-02-27','0000-00-00','0000-00-00','2019-02-20','2019-03-04','0000-00-00','0000-00-00','0000-00-00','0000-00-00','0000-00-00','0','0000-00-00','0000-00-00','0','0000-00-00','0000-00-00','0000-00-00'),
(98,28,'B','0','0000-00-00','0000-00-00','2019-02-27','0000-00-00','0000-00-00','2019-02-20','2019-03-04','0000-00-00','0000-00-00','0000-00-00','0000-00-00','0000-00-00','0','0000-00-00','0000-00-00','0','0000-00-00','0000-00-00','0000-00-00'),
(99,54,'B','4500036796','0000-00-00','0000-00-00','2019-02-27','0000-00-00','0000-00-00','2019-02-20','2019-02-27','2019-03-25','2019-03-26','2019-04-09','2019-04-22','2019-04-23','7500000120','2019-03-29','2019-04-23','4500000127','0000-00-00','2019-04-24','0000-00-00'),
(100,0,'B','0','0000-00-00','0000-00-00','0000-00-00','0000-00-00','0000-00-00','2019-02-22','0000-00-00','0000-00-00','0000-00-00','0000-00-00','0000-00-00','0000-00-00','0','0000-00-00','0000-00-00','0','0000-00-00','0000-00-00','0000-00-00'),
(100,0,'J','0','0000-00-00','0000-00-00','0000-00-00','0000-00-00','0000-00-00','2019-02-22','0000-00-00','0000-00-00','0000-00-00','0000-00-00','0000-00-00','0000-00-00','0','0000-00-00','0000-00-00','0','0000-00-00','0000-00-00','0000-00-00'),
(101,8,'B','0','0000-00-00','0000-00-00','2019-02-27','0000-00-00','0000-00-00','2019-02-26','2019-03-11','0000-00-00','0000-00-00','0000-00-00','0000-00-00','0000-00-00','7500000117','2019-03-29','0000-00-00','0','0000-00-00','0000-00-00','0000-00-00'),
(101,33,'B','0','0000-00-00','0000-00-00','2019-02-27','0000-00-00','0000-00-00','2019-02-26','2019-03-11','0000-00-00','0000-00-00','0000-00-00','0000-00-00','0000-00-00','7500000117','2019-03-29','0000-00-00','0','0000-00-00','0000-00-00','0000-00-00'),
(101,54,'B','0','0000-00-00','0000-00-00','2019-02-27','0000-00-00','0000-00-00','2019-02-26','2019-03-11','0000-00-00','0000-00-00','0000-00-00','0000-00-00','0000-00-00','7500000117','2019-03-29','0000-00-00','0','0000-00-00','0000-00-00','0000-00-00'),
(102,0,'B','0','0000-00-00','0000-00-00','2019-02-27','0000-00-00','0000-00-00','0000-00-00','0000-00-00','0000-00-00','0000-00-00','0000-00-00','0000-00-00','0000-00-00','0','0000-00-00','0000-00-00','0','0000-00-00','0000-00-00','0000-00-00'),
(102,0,'J','0','0000-00-00','0000-00-00','2019-02-27','0000-00-00','0000-00-00','0000-00-00','0000-00-00','0000-00-00','0000-00-00','0000-00-00','0000-00-00','0000-00-00','0','0000-00-00','0000-00-00','0','0000-00-00','0000-00-00','0000-00-00'),
(103,0,'J','SPK No.5000001207\nSPK No.5000001208','0000-00-00','0000-00-00','2019-03-11','0000-00-00','0000-00-00','2019-02-28','2019-03-14','2019-02-12','2019-03-27','2019-07-17','2019-07-22','0000-00-00','4700000182','2019-07-17','0000-00-00','4700000182','0000-00-00','0000-00-00','0000-00-00'),
(104,33,'B','4500001585','0000-00-00','0000-00-00','2019-02-28','0000-00-00','0000-00-00','2019-02-28','2019-03-14','2019-03-21','2019-03-27','2019-03-28','2019-04-02','2019-04-01','7500000119','2019-03-29','2019-04-01','4500000126','0000-00-00','2019-04-02','0000-00-00'),
(104,56,'B','4500001585','0000-00-00','0000-00-00','2019-02-28','0000-00-00','0000-00-00','2019-02-28','2019-03-14','2019-03-21','2019-03-27','2019-03-28','2019-04-02','2019-04-01','7500000119','2019-03-29','2019-04-01','4500000126','0000-00-00','2019-04-02','0000-00-00'),
(104,56,'J','4500001585','0000-00-00','0000-00-00','2019-02-28','0000-00-00','0000-00-00','2019-03-04','2019-03-19','2019-03-21','2019-03-27','2019-04-05','2019-04-09','0000-00-00','4700000141','2019-04-09','0000-00-00','4700000141','0000-00-00','0000-00-00','0000-00-00'),
(105,60,'B','SPPB no.4700008867','0000-00-00','0000-00-00','2019-03-06','0000-00-00','0000-00-00','2019-03-12','2019-03-27','2019-04-22','2019-04-23','2019-06-14','2019-06-18','2019-06-18','7500000133','2019-05-22','2019-06-18','4500000141','0000-00-00','2019-06-19','0000-00-00'),
(106,36,'B','SPPB no.4700008867','0000-00-00','0000-00-00','2019-03-06','0000-00-00','0000-00-00','2019-03-12','2019-03-27','2019-04-22','2019-04-23','2019-06-14','2019-06-18','2019-06-18','7500000133','2019-05-22','2019-06-18','4500000141','0000-00-00','2019-06-19','0000-00-00'),
(106,36,'J','SPKB no. 4700008866','0000-00-00','0000-00-00','0000-00-00','0000-00-00','0000-00-00','2019-03-12','2019-03-29','2019-04-22','2019-04-23','2019-06-14','2019-06-18','0000-00-00','4700000150','2019-05-08','0000-00-00','4700000150','0000-00-00','0000-00-00','0000-00-00'),
(107,33,'B','SPPB no.4700008867','0000-00-00','0000-00-00','2019-03-06','0000-00-00','0000-00-00','2019-03-12','2019-03-27','2019-04-22','2019-04-23','2019-06-14','2019-06-18','2019-06-18','7500000133','2019-05-22','2019-06-18','4500000141','0000-00-00','2019-06-19','0000-00-00'),
(108,63,'B','0','0000-00-00','0000-00-00','2019-03-12','0000-00-00','0000-00-00','2019-03-29','2019-04-08','2019-04-11','2019-05-15','0000-00-00','0000-00-00','0000-00-00','0','0000-00-00','0000-00-00','0','0000-00-00','0000-00-00','0000-00-00'),
(108,63,'J','0','0000-00-00','0000-00-00','2019-03-12','0000-00-00','0000-00-00','2019-03-29','2019-04-08','2019-04-11','2019-05-15','0000-00-00','0000-00-00','0000-00-00','0','0000-00-00','0000-00-00','0','0000-00-00','0000-00-00','0000-00-00'),
(109,63,'B','0','0000-00-00','0000-00-00','2019-03-12','0000-00-00','0000-00-00','2019-03-29','2019-04-08','2019-04-11','2019-05-15','0000-00-00','0000-00-00','0000-00-00','0','0000-00-00','0000-00-00','0','0000-00-00','0000-00-00','0000-00-00'),
(109,63,'J','0','0000-00-00','0000-00-00','2019-03-12','0000-00-00','0000-00-00','2019-03-29','2019-04-08','2019-04-11','2019-05-15','0000-00-00','0000-00-00','0000-00-00','0','0000-00-00','0000-00-00','0','0000-00-00','0000-00-00','0000-00-00'),
(110,0,'B','0','0000-00-00','0000-00-00','0000-00-00','0000-00-00','0000-00-00','2019-03-18','0000-00-00','0000-00-00','0000-00-00','0000-00-00','0000-00-00','0000-00-00','0','0000-00-00','0000-00-00','0','0000-00-00','0000-00-00','0000-00-00'),
(111,6,'B','0','0000-00-00','0000-00-00','2019-03-19','0000-00-00','0000-00-00','2019-03-18','2019-03-26','0000-00-00','0000-00-00','0000-00-00','0000-00-00','0000-00-00','0','0000-00-00','0000-00-00','0','0000-00-00','0000-00-00','0000-00-00'),
(111,6,'J','0','0000-00-00','0000-00-00','2019-03-19','0000-00-00','0000-00-00','2019-03-18','2019-03-26','0000-00-00','0000-00-00','0000-00-00','0000-00-00','0000-00-00','0','0000-00-00','0000-00-00','0','0000-00-00','0000-00-00','0000-00-00'),
(112,36,'B','0','0000-00-00','0000-00-00','0000-00-00','0000-00-00','0000-00-00','2019-03-21','2019-04-04','2019-04-09','2019-04-23','2019-07-15','2019-07-19','2019-07-19','7500000146','2019-07-02','2019-07-19','4500000149','0000-00-00','2019-07-19','0000-00-00'),
(112,36,'J','0','0000-00-00','0000-00-00','0000-00-00','0000-00-00','0000-00-00','2019-03-21','2019-04-04','2019-04-09','2019-04-23','2019-07-15','2019-07-19','0000-00-00','4700000163','2019-07-02','0000-00-00','4700000163','0000-00-00','0000-00-00','0000-00-00'),
(113,4,'B','4700001259/SPPB/PAP-TNK-ME/II/19','0000-00-00','0000-00-00','2019-01-28','0000-00-00','0000-00-00','2019-01-17','2019-02-11','2019-03-21','2019-03-21','2019-03-26','2019-03-29','2019-04-04','7500000121','2019-04-04','2019-04-04','4500000129','0000-00-00','2019-04-05','0000-00-00'),
(114,42,'B','0','0000-00-00','0000-00-00','0000-00-00','0000-00-00','0000-00-00','2019-05-02','2019-05-04','0000-00-00','0000-00-00','0000-00-00','0000-00-00','0000-00-00','0','0000-00-00','0000-00-00','0','0000-00-00','0000-00-00','0000-00-00'),
(114,42,'J','0','0000-00-00','0000-00-00','0000-00-00','0000-00-00','0000-00-00','2019-05-02','2019-05-04','0000-00-00','0000-00-00','0000-00-00','0000-00-00','0000-00-00','0','0000-00-00','0000-00-00','0','0000-00-00','0000-00-00','0000-00-00'),
(115,37,'B','4500002067','0000-00-00','0000-00-00','0000-00-00','0000-00-00','0000-00-00','2019-04-09','2019-04-24','2019-05-13','2019-05-13','2019-05-16','2019-05-20','2019-05-21','7500000131','2019-05-15','2019-05-21','4500000138','0000-00-00','2019-05-22','0000-00-00'),
(116,46,'B','0','0000-00-00','0000-00-00','0000-00-00','0000-00-00','0000-00-00','2019-04-29','2019-05-20','2019-05-09','2019-05-13','0000-00-00','0000-00-00','0000-00-00','0','0000-00-00','0000-00-00','0','0000-00-00','0000-00-00','0000-00-00'),
(117,33,'B','0','0000-00-00','0000-00-00','0000-00-00','0000-00-00','0000-00-00','2019-04-29','2019-05-20','2019-05-09','2019-05-13','0000-00-00','0000-00-00','0000-00-00','0','0000-00-00','0000-00-00','0','0000-00-00','0000-00-00','0000-00-00'),
(118,56,'B','0','0000-00-00','0000-00-00','0000-00-00','0000-00-00','0000-00-00','2019-04-29','2019-05-20','2019-05-09','2019-05-13','0000-00-00','0000-00-00','0000-00-00','0','0000-00-00','0000-00-00','0','0000-00-00','0000-00-00','0000-00-00'),
(119,56,'J','0','0000-00-00','0000-00-00','0000-00-00','0000-00-00','0000-00-00','2019-04-29','2019-05-20','2019-05-09','2019-05-13','0000-00-00','0000-00-00','0000-00-00','0','0000-00-00','0000-00-00','0','0000-00-00','0000-00-00','0000-00-00'),
(120,47,'B','0','0000-00-00','0000-00-00','0000-00-00','0000-00-00','0000-00-00','2019-04-29','2019-05-20','2019-05-09','2019-05-13','0000-00-00','0000-00-00','0000-00-00','0','0000-00-00','0000-00-00','0','0000-00-00','0000-00-00','0000-00-00'),
(120,47,'J','0','0000-00-00','0000-00-00','0000-00-00','0000-00-00','0000-00-00','2019-04-29','2019-05-20','2019-05-09','2019-05-13','0000-00-00','0000-00-00','0000-00-00','0','0000-00-00','0000-00-00','0','0000-00-00','0000-00-00','0000-00-00'),
(121,3,'B','027/SPK/DCP/ME/VI/2019','0000-00-00','0000-00-00','0000-00-00','0000-00-00','0000-00-00','2019-04-23','2019-05-06','2019-05-09','2019-05-24','2019-07-24','2019-07-29','2019-07-29','7500000148','2019-07-24','2019-07-29','4500000150','0000-00-00','2019-07-29','0000-00-00'),
(122,20,'B','027/SPK/DCP/ME/VI/2019','0000-00-00','0000-00-00','0000-00-00','0000-00-00','0000-00-00','2019-04-23','2019-05-06','2019-05-09','2019-05-24','2019-07-24','2019-07-29','2019-07-29','7500000148','2019-07-24','2019-07-29','4500000150','0000-00-00','2019-07-29','0000-00-00'),
(123,33,'B','027/SPK/DCP/ME/VI/2019','0000-00-00','0000-00-00','0000-00-00','0000-00-00','0000-00-00','2019-04-23','2019-05-06','2019-05-09','2019-05-24','2019-07-24','2019-07-29','2019-07-29','7500000148','2019-07-24','2019-07-29','4500000150','0000-00-00','2019-07-29','0000-00-00'),
(124,33,'B','0','0000-00-00','0000-00-00','0000-00-00','0000-00-00','0000-00-00','2019-04-25','2019-05-09','2019-05-03','2019-05-03','0000-00-00','0000-00-00','0000-00-00','7500000137','2019-05-29','0000-00-00','0','0000-00-00','0000-00-00','0000-00-00'),
(125,33,'B','0','0000-00-00','0000-00-00','0000-00-00','0000-00-00','0000-00-00','2019-04-25','2019-05-09','2019-05-02','2019-05-03','0000-00-00','0000-00-00','0000-00-00','7500000135','2019-05-29','0000-00-00','0','0000-00-00','0000-00-00','0000-00-00'),
(126,54,'B','4500036633, 4500036634, 4500036687','0000-00-00','0000-00-00','2019-01-06','0000-00-00','0000-00-00','2019-04-23','2019-05-09','2019-03-19','2019-03-21','2019-05-22','2019-05-27','2019-05-28','7500000132','2019-05-21','2019-05-28','4500000139','0000-00-00','2019-05-29','0000-00-00'),
(127,54,'B','0','0000-00-00','0000-00-00','0000-00-00','0000-00-00','0000-00-00','2019-04-25','2019-05-09','2019-05-03','2019-05-03','0000-00-00','0000-00-00','0000-00-00','7500000137','2019-05-29','0000-00-00','0','0000-00-00','0000-00-00','0000-00-00'),
(128,54,'B','0','0000-00-00','0000-00-00','0000-00-00','0000-00-00','0000-00-00','2019-04-25','2019-05-09','2019-05-02','2019-05-03','0000-00-00','0000-00-00','0000-00-00','7500000135','2019-05-29','0000-00-00','0','0000-00-00','0000-00-00','0000-00-00'),
(129,20,'B','0','0000-00-00','0000-00-00','0000-00-00','0000-00-00','0000-00-00','2019-04-29','2019-05-20','2019-05-09','2019-05-13','0000-00-00','0000-00-00','0000-00-00','0','0000-00-00','0000-00-00','0','0000-00-00','0000-00-00','0000-00-00'),
(130,20,'B','0','0000-00-00','0000-00-00','0000-00-00','0000-00-00','0000-00-00','2019-04-29','2019-05-20','2019-05-09','2019-05-13','0000-00-00','0000-00-00','0000-00-00','0','0000-00-00','0000-00-00','0','0000-00-00','0000-00-00','0000-00-00'),
(131,61,'B','0','0000-00-00','0000-00-00','0000-00-00','0000-00-00','0000-00-00','2019-05-06','2019-05-20','2019-05-09','2019-05-13','0000-00-00','0000-00-00','0000-00-00','0','0000-00-00','0000-00-00','0','0000-00-00','0000-00-00','0000-00-00'),
(131,61,'J','0','0000-00-00','0000-00-00','0000-00-00','0000-00-00','0000-00-00','2019-04-29','2019-05-20','2019-05-09','2019-05-13','0000-00-00','0000-00-00','0000-00-00','0','0000-00-00','0000-00-00','0','0000-00-00','0000-00-00','0000-00-00'),
(132,36,'B','0','0000-00-00','0000-00-00','0000-00-00','0000-00-00','0000-00-00','2019-04-25','2019-05-09','2019-05-03','2019-05-03','0000-00-00','0000-00-00','0000-00-00','7500000137','2019-05-29','0000-00-00','0','0000-00-00','0000-00-00','0000-00-00'),
(132,36,'J','0','0000-00-00','0000-00-00','0000-00-00','0000-00-00','0000-00-00','2019-05-06','2019-05-22','2019-05-03','2019-05-03','0000-00-00','0000-00-00','0000-00-00','0','0000-00-00','0000-00-00','0','0000-00-00','0000-00-00','0000-00-00'),
(133,33,'B','0','0000-00-00','0000-00-00','0000-00-00','0000-00-00','0000-00-00','2019-05-06','2019-05-17','2019-05-24','2019-05-27','0000-00-00','0000-00-00','0000-00-00','0','0000-00-00','0000-00-00','0','0000-00-00','0000-00-00','0000-00-00'),
(134,54,'B','0','0000-00-00','0000-00-00','0000-00-00','0000-00-00','0000-00-00','2019-05-10','2019-05-24','2019-05-24','2019-05-24','0000-00-00','0000-00-00','0000-00-00','0','0000-00-00','0000-00-00','0','0000-00-00','0000-00-00','0000-00-00'),
(135,8,'B','4500038202','0000-00-00','0000-00-00','0000-00-00','0000-00-00','0000-00-00','2019-05-23','2019-06-17','2019-06-18','2019-06-19','2019-06-28','2019-07-01','2019-06-28','7500000145','2019-06-27','2019-06-28','4500000143','0000-00-00','2019-06-28','0000-00-00'),
(136,20,'B','0','0000-00-00','0000-00-00','0000-00-00','0000-00-00','0000-00-00','2019-06-27','2019-07-04','2019-06-21','2019-06-27','0000-00-00','0000-00-00','0000-00-00','0','0000-00-00','0000-00-00','0','0000-00-00','0000-00-00','0000-00-00'),
(137,56,'B','0','0000-00-00','0000-00-00','0000-00-00','0000-00-00','0000-00-00','2019-06-27','2019-07-04','2019-06-21','2019-06-27','0000-00-00','0000-00-00','0000-00-00','0','0000-00-00','0000-00-00','0','0000-00-00','0000-00-00','0000-00-00'),
(138,54,'B','0','0000-00-00','0000-00-00','0000-00-00','0000-00-00','0000-00-00','2019-06-27','2019-07-04','2019-06-21','2019-06-27','0000-00-00','0000-00-00','0000-00-00','0','0000-00-00','0000-00-00','0','0000-00-00','0000-00-00','0000-00-00'),
(139,33,'B','0','0000-00-00','0000-00-00','0000-00-00','0000-00-00','0000-00-00','2019-06-27','2019-07-04','2019-06-21','2019-06-27','0000-00-00','0000-00-00','0000-00-00','0','0000-00-00','0000-00-00','0','0000-00-00','0000-00-00','0000-00-00'),
(140,56,'J','0','0000-00-00','0000-00-00','0000-00-00','0000-00-00','0000-00-00','2019-06-28','2019-07-04','2019-06-21','2019-06-27','0000-00-00','0000-00-00','0000-00-00','0','0000-00-00','0000-00-00','0','0000-00-00','0000-00-00','0000-00-00'),
(141,18,'B','4500038827','0000-00-00','0000-00-00','0000-00-00','0000-00-00','0000-00-00','2019-05-28','2019-06-21','0000-00-00','0000-00-00','0000-00-00','0000-00-00','0000-00-00','0','0000-00-00','0000-00-00','0','0000-00-00','0000-00-00','0000-00-00'),
(142,20,'B','0','0000-00-00','0000-00-00','0000-00-00','0000-00-00','0000-00-00','2019-06-27','2019-07-05','2019-06-19','2019-06-20','0000-00-00','0000-00-00','0000-00-00','0','0000-00-00','0000-00-00','0','0000-00-00','0000-00-00','0000-00-00'),
(142,20,'J','0','0000-00-00','0000-00-00','0000-00-00','0000-00-00','0000-00-00','2019-06-27','2019-07-05','2019-06-19','2019-06-20','0000-00-00','0000-00-00','0000-00-00','0','0000-00-00','0000-00-00','0','0000-00-00','0000-00-00','0000-00-00'),
(143,37,'B','0','0000-00-00','0000-00-00','0000-00-00','0000-00-00','0000-00-00','2019-06-12','2019-06-21','0000-00-00','0000-00-00','0000-00-00','0000-00-00','0000-00-00','0','0000-00-00','0000-00-00','0','0000-00-00','0000-00-00','0000-00-00'),
(143,37,'J','0','0000-00-00','0000-00-00','0000-00-00','0000-00-00','0000-00-00','2019-06-12','2019-06-21','0000-00-00','0000-00-00','0000-00-00','0000-00-00','0000-00-00','0','0000-00-00','0000-00-00','0','0000-00-00','0000-00-00','0000-00-00'),
(144,37,'B','0','0000-00-00','0000-00-00','0000-00-00','0000-00-00','0000-00-00','2019-06-12','2019-06-21','0000-00-00','0000-00-00','0000-00-00','0000-00-00','0000-00-00','0','0000-00-00','0000-00-00','0','0000-00-00','0000-00-00','0000-00-00'),
(144,37,'J','0','0000-00-00','0000-00-00','0000-00-00','0000-00-00','0000-00-00','2019-06-12','2019-06-21','0000-00-00','0000-00-00','0000-00-00','0000-00-00','0000-00-00','0','0000-00-00','0000-00-00','0','0000-00-00','0000-00-00','0000-00-00'),
(145,36,'B','00350/PO/V/2019','0000-00-00','0000-00-00','0000-00-00','0000-00-00','0000-00-00','2019-06-12','2019-06-21','2019-06-18','2019-06-19','2019-06-26','2019-06-27','2019-06-28','7500000140','2019-06-28','2019-06-28','4500000144','0000-00-00','2019-06-28','0000-00-00'),
(146,35,'J','0','0000-00-00','0000-00-00','0000-00-00','0000-00-00','0000-00-00','2019-07-03','2019-07-15','0000-00-00','0000-00-00','0000-00-00','0000-00-00','0000-00-00','0','0000-00-00','0000-00-00','0','0000-00-00','0000-00-00','0000-00-00'),
(147,56,'B','0','0000-00-00','0000-00-00','0000-00-00','0000-00-00','0000-00-00','2019-07-04','2019-07-15','0000-00-00','0000-00-00','0000-00-00','0000-00-00','0000-00-00','0','0000-00-00','0000-00-00','0','0000-00-00','0000-00-00','0000-00-00'),
(147,56,'J','0','0000-00-00','0000-00-00','0000-00-00','0000-00-00','0000-00-00','2019-07-04','2019-07-15','0000-00-00','0000-00-00','0000-00-00','0000-00-00','0000-00-00','0','0000-00-00','0000-00-00','0','0000-00-00','0000-00-00','0000-00-00'),
(148,6,'B','0','0000-00-00','0000-00-00','0000-00-00','0000-00-00','0000-00-00','2019-07-10','2019-07-22','0000-00-00','0000-00-00','0000-00-00','0000-00-00','0000-00-00','0','0000-00-00','0000-00-00','0','0000-00-00','0000-00-00','0000-00-00'),
(149,0,'B','0','0000-00-00','0000-00-00','0000-00-00','0000-00-00','0000-00-00','2019-07-22','0000-00-00','0000-00-00','0000-00-00','0000-00-00','0000-00-00','0000-00-00','0','0000-00-00','0000-00-00','0','0000-00-00','0000-00-00','0000-00-00'),
(150,0,'B','0','0000-00-00','0000-00-00','0000-00-00','0000-00-00','0000-00-00','2019-07-22','0000-00-00','0000-00-00','0000-00-00','0000-00-00','0000-00-00','0000-00-00','0','0000-00-00','0000-00-00','0','0000-00-00','0000-00-00','0000-00-00'),
(151,0,'J','0','0000-00-00','0000-00-00','0000-00-00','0000-00-00','0000-00-00','2019-07-22','0000-00-00','0000-00-00','0000-00-00','0000-00-00','0000-00-00','0000-00-00','0','0000-00-00','0000-00-00','0','0000-00-00','0000-00-00','0000-00-00'),
(152,0,'J','0','0000-00-00','0000-00-00','0000-00-00','0000-00-00','0000-00-00','2019-07-22','0000-00-00','0000-00-00','0000-00-00','0000-00-00','0000-00-00','0000-00-00','0','0000-00-00','0000-00-00','0','0000-00-00','0000-00-00','0000-00-00'),
(153,33,'B','H301-4500089127 /22.10.2018','0000-00-00','0000-00-00','2018-10-30','2018-11-03','2018-11-16','2018-11-01','2018-11-19','2018-11-22','2018-11-23','2018-12-14','2028-12-26','2019-12-19','7500000079','2018-12-18','2019-12-19','4500000069','0000-00-00','2019-12-19','0000-00-00'),
(154,33,'B','H301-4500089127 /22.10.2018','0000-00-00','0000-00-00','2018-10-30','2018-11-03','2018-11-16','2018-11-01','2018-11-19','2018-11-22','2018-11-23','2018-12-14','2028-12-26','2019-12-19','7500000079','2018-12-18','2019-12-19','4500000069','0000-00-00','2019-12-19','0000-00-00'),
(155,37,'B',NULL,NULL,NULL,NULL,NULL,NULL,NULL,NULL,NULL,NULL,NULL,NULL,NULL,NULL,NULL,NULL,NULL,NULL,NULL,NULL),
(156,68,'B',NULL,NULL,NULL,NULL,NULL,NULL,NULL,NULL,NULL,NULL,NULL,NULL,NULL,NULL,NULL,NULL,NULL,NULL,NULL,NULL),
(156,68,'J',NULL,NULL,NULL,NULL,NULL,NULL,NULL,NULL,NULL,NULL,NULL,NULL,NULL,NULL,NULL,NULL,NULL,NULL,NULL,NULL),
(160,36,'B',NULL,NULL,NULL,NULL,NULL,NULL,NULL,NULL,NULL,NULL,NULL,NULL,NULL,NULL,NULL,NULL,NULL,NULL,NULL,NULL),
(161,62,'B',NULL,NULL,NULL,NULL,NULL,NULL,NULL,NULL,NULL,NULL,NULL,NULL,NULL,NULL,NULL,NULL,NULL,NULL,NULL,NULL),
(162,69,'B',NULL,NULL,NULL,NULL,NULL,NULL,NULL,NULL,NULL,NULL,NULL,NULL,NULL,NULL,NULL,NULL,NULL,NULL,NULL,NULL),
(165,54,'B',NULL,NULL,NULL,NULL,NULL,NULL,NULL,NULL,NULL,NULL,NULL,NULL,NULL,NULL,NULL,NULL,NULL,NULL,NULL,NULL),
(166,66,'B',NULL,NULL,NULL,NULL,NULL,NULL,NULL,NULL,NULL,NULL,NULL,NULL,NULL,NULL,NULL,NULL,NULL,NULL,NULL,NULL),
(166,66,'J',NULL,NULL,NULL,NULL,NULL,NULL,NULL,NULL,NULL,NULL,NULL,NULL,NULL,NULL,NULL,NULL,NULL,NULL,NULL,NULL),
(167,36,'B',NULL,NULL,NULL,NULL,NULL,NULL,NULL,NULL,NULL,NULL,NULL,NULL,NULL,NULL,NULL,NULL,NULL,NULL,NULL,NULL),
(168,49,'B',NULL,NULL,NULL,NULL,NULL,NULL,NULL,NULL,NULL,NULL,NULL,NULL,NULL,NULL,NULL,NULL,NULL,NULL,NULL,NULL),
(168,72,'J',NULL,NULL,NULL,NULL,NULL,NULL,NULL,NULL,NULL,NULL,NULL,NULL,NULL,NULL,NULL,NULL,NULL,NULL,NULL,NULL),
(169,54,'B',NULL,NULL,NULL,NULL,NULL,NULL,NULL,NULL,NULL,NULL,NULL,NULL,NULL,NULL,NULL,NULL,NULL,NULL,NULL,NULL),
(170,37,'J',NULL,NULL,NULL,NULL,NULL,NULL,NULL,NULL,NULL,NULL,NULL,NULL,NULL,NULL,NULL,NULL,NULL,NULL,NULL,NULL),
(172,37,'B',NULL,NULL,NULL,NULL,NULL,NULL,NULL,NULL,NULL,NULL,NULL,NULL,NULL,NULL,NULL,NULL,NULL,NULL,NULL,NULL);

/*Data for the table `tipe_customer` */

insert  into `tipe_customer`(`id_tipe_customer`,`nama_tipe_customer`,`status_tipe_customer`) values 
(1,'SML Group','A'),
(2,'External','A'),
(3,'JV','A'),
(4,'SML & Subs','A');

/*Data for the table `vendor` */

insert  into `vendor`(`id_vendor`,`nama_vendor`,`npwp_vendor`,`alamat_vendor`,`city_id`,`kode_pos_vendor`,`telp_vendor`,`email_vendor`,`website_vendor`,`bidang_usaha_vendor`,`pic_vendor`,`telp_pic_vendor`,`path_foto_vendor`,`status_vendor`) values 
(1,'PT NEC Indonesia','','Summitmas I, lantai 4, Jl. Jendral Sudirman Kav. 61-62, Jakarta','3173','12190','','','','','Arif Budi Subekti','021-5201215','','A'),
(2,'CV Wirelessindo','','Ruko Pesona Cilebut, Blok C1 No. 23, Cilebut Barat','3271','16710','','','','','Heru Sugiyarto','0812 9474631','','A'),
(3,'PT Agiva Indonesia','','Talavera Office Park Lt. 28, Jl. TB Simatupang Kav  22-26','3173','12430','','','','','Arvin Dharmawan','0855 8550019','','A'),
(4,'PT Dwidaya Aji Lestari','','Gedung Wisma NH Lt. 1. Jl. Raya Pasar Minggu No.2 B-C, Pancoran','3171','','','','','','Agus Salim','0813 82130431','','A'),
(5,'PT Virtus Technology Indonesia','','Graha BIP Lt. 7, Jl. Jend. Gatot Subroto Kav. 23','3171','','','','','','Margaretta Gunawan','021-80622288','','A'),
(6,'PT Nalindo Surya Digital','','Jl. Pemuda Raya No 130 Rawamangun','3172','13220','','sales@nalindonetwork.com','','','Idon Suwandono','0812 13109823','','A'),
(7,'PT Packet System Indonesia','','The Manhattan Square, Mid Tower, Lanttai 25, l. TB imatupang Kav 1s, Cilandak','3173','12560','021-29710500','','www.packet-system.com','','','','','A'),
(8,'PT Mitra Integrasi Informatika','','APL Tower Lt. 37, Jl. Letjen S. Parman Kav. 28, RT012/006, Tj. Duren Selatan','3174','11470','021-29345777','contact@mii.co.id','','','','','','A'),
(9,'PT Creoactive Cipta Media','','Jl. Raya Joglo No. 25 RT007/003, Srengseng, Kembangan','3174','11630','','','','','Agustina Nuryanthi','021-58909780','','A'),
(10,'PT Solusi Transportasi Indonesia','','Lippo Kuningan Lt. 27 Jl. H.R. Rasuna Said Kav. B-12, Karet, Setiabudi','3171','','','','','','','','','A'),
(11,'PT IDC Indonesia','','Menara Sun Life Lt. 20 Unit J, Jl. Dr. Ide Anak Agung Gede Agung Blok 6.3, Kawasan Mega Kuningan, Kuningan Timur, Setiabudi','3171','12950','','','','','Ridha Sulaiman','021-5203496','','A'),
(12,'PT Madani Solusi Internasional','83.536.386.2.013.000','Jl. Ciputat Raya No 1B, RT001/008, Pondok Pinang Kebayoran Lama','3171','12310','','','','','Moh. Luthfi Handayani','021-27510175','','A'),
(13,'PT Realta Chakradarma','','Jl. Petojo Melintang No 25A','3173','10160','021-3861772','realta@realta.co.id','','','Budhiarto Setiadi','021-3861772','','A'),
(14,'PT Innov Inc','','Apartemen Taman Rasuna Tower 18 Lobby Selatan, Jl. HR. Rasuna Said, Jakarta','3171','','','','','','Nugi Kresno','0897 1928076','','A'),
(15,'PT Matagroup Media Indonesia','','Gedung  Epicentrum Walk Lt. 5 Office Suites South 529A Rasuna Epicentrum Jl. Rasuna Said Karet Kuningan Setiabudi','3171','','','','','','Vicky Firman Moeis','021-7222153','','A'),
(16,'PT Dimension Data Indonesia','','Menara DBS Lt. 22, Jl. Prof. Dr. Satrio Kav. 3-5','3171','','021-28548000','','','','','','','A'),
(17,'PT Ipro Solusi Canggih','','Ruko Mutiara Taman Palem Blok A18 No.10-11, Cengkareng','3174','11730','','','','','William Setiawan','021-29020111 / ','','A'),
(18,'PT Virtuz Technology','','Centennial Tower Lt. 12, Jl. Jendral Gatot Subroto Kav. 24-25','3171','12930','','','','','','','','A'),
(19,'PT Asaba Computer Centre','','Jl. Setiabudi Selatan No.1','3171','','','','','','','','','A'),
(20,'PT Atlantis Infotama Teknika','','Komp. Green Garden I9/47-48 Kedoya Utara RT001/004 Kebon Jeruk','3174','11520','021-58305577','info@ait.co.id','','','Edy Fahmi','0858 85892337','','A'),
(21,'PT Data Komunikasi Internusa','','Rukan Sentra Niaga Blok D No. 12 Green Lake City, Jl. Kresek Raya','','','','','','','Dhiky','0812 99328145','','A'),
(22,'PT Serpong Mas Telematika','','Jl. Grand Boulevard, BSD Green Office Park 6 Lt.2, BSD City','3671','15345','021-50368368','arif.indra@@smtel.co.id \nrinjani.saputro@gmail.com','-','','Arif Indra Saputro','81297097978','','A'),
(23,'PT Bhakti Solusindo','','Komplek Ruko BJI-Ruko Warna Warni Jl. Semangat Raya no. 66A, 69A','3173','10730','021-6000999 \nex','chandra.paramita@bhaktisolusindo.com','','','Chandra Paramita','8,15E+11','','A'),
(24,'PT Pratama Persada Teknologi','','Jl. Bandung Blok D 592 Duren Jaya','3275','','021-82691604','','','','','','','A'),
(25,'PT Deltasindo Raya Sejahtera','','Ruko Niaga Roxy Mas Blok E2 No.36 Jl. KH. Hasyim Ashari 125','3173','10150','021-29226688','sales@deltasindo.com','www.deltasindo.com','','','','','A'),
(26,'PT Daya Cipta Mandiri Solusi','','Graha Utaka 26, Jl.Utan Kayu Raya No.26A','3173','13120','021-29622097','askme@dayaciptamandiri.com','www.dayaciptamandiri.com','','','','','A'),
(27,'PT Bizzy Commerce Indonesia','','Gedung Dimo Lt.2 Jl.Timor No.6 - Menteng','3173','10350','021-29784578','johand.dimalouw@bizzy.co.id','www.bizzy.co.id','','Johand','81318386378','','A'),
(28,'PT Cipta Satria Informatika','','Jl. Keuangan I No.11, Cilandak Barat','3171','12430','021-7656040','agung.pramudito@ciptasatria.com','www.ciptasatria.com','','Agung','85692962103','','A'),
(29,'PT Teknologika ','','Jl. Tanjung Duren Raya Kav 351-B','3174','11470','021-56981151','fadlani@teknologika.biz','','','Fadlan','81293853474','','A'),
(30,'PT Techpac Indo Informatika','','Komplek Graha Mas Blok B No.19 Jl. Perjuangan No.1, Kebun Jeruk ','3174','','021-5311326','thomas.lo@techpac.co.id','','','Thomas','8161975321','','A'),
(31,'PT STAL Teknika ','','Komplek Harmoni Plaza Blok B No. 45, Jl. Suryopranoto No. 2 RT/RW. 002/008,Petojo Utara Gambir','3173','10130','021-6312683','stal@cbn.net.id\nmarketing@stal.co.id','','','','','','A'),
(32,'PT Nagitec ','','Komplek Ruko Saladin Square Blok C No.42 Jl. Margonda Raya No. 39','3276','16431','021-29315738','','www.nagitec.com','','Eko rian wijangko','81382388816','','A'),
(33,'PT Westcon Group','','GD. MD Place Tower 1 Lt. 5 Jl. Setiabudi Selatan No.07 RT.05 RW.01, Kel. Setiabudi Kec. Setiabudi','3171','12910','021-80621400','jusy.cecilia@westcon.com','','','','','','A'),
(34,'PT Duta Primasindo Abadi','','Jl. P Tubagus Angke (Jelambar Barat III No.2 C-0) ','3173','11460','5677214, \n56754','','','','','','','A'),
(35,'PT Eka Mas Republik','','Jl. Teuku Cik Ditiro No. 37 Menteng','3173','10310','0241 555 08','miryanti.aprina@myrepublic.co.id','www.myrepublic.co.id/business','','Miryanti','811823746','','A'),
(36,'PT Limawira Wisesa','','Graha Mas Pemuda Blok AA No.15 Jl.Pemuda ','3172','13220','021-4788 2000','','','','','','','A'),
(37,'PT Mitralink Solusi ','','Gedung Berca Indonesia, Jl.Palmerah Utara No.14 Slipi Pertamburan','3174','11480','021-53673958','','','','','','','A'),
(38,'PT Central Data Technology','','Centennial Tower 12th Floor, Jl. Gatot Subroto Kav 24-25 ','3173','12930','021-5258066','ritha.defitri@centraldatatech.com','www.centraldatatech.com','','Ritha','81210519040','','A'),
(39,'PT Ampnet Mega Pasific','','Jl. RE Martadinata No.12AA , Ancol','3175','14430','021-6903311','trias@ampnet-online.com','www.ampnet-online.com','','Six Trias','','','A'),
(40,'TIA System Solution','','Jl. Salak No.54 RT09/RW01 - Pancoran Mas Depok ','3276','16433','818756327','achmad@tiasystem.com','www.tiasystem.com','','','','','A'),
(41,'PT Pratama Datamaksima','','Gd. Sakura Lantai 2 R.202, Jl. Hati Suci No.4, Kp. Bali, Tanah Abang','3173','','021-2303465','','','','','','','A'),
(42,'PT Haluan Rekadaya Konsultindo','','Mega Plaza Lt.4 Jl.HR. Rasuna Said Kav C-3 RT 003/RW 001','3171','12920','021-520 4873','ridhwan.latif@haluancorp.com','','','','','','A'),
(43,'PT Epcon Mitra Guna','','Jl. Arjuna Selatan No.35 Kemanggisan','3174','','021-535 6986','amel@epcon.co.id ','','','Amel','82367666241','','A'),
(44,'PT Dasa Putra','','Jl. Raya Serpong Kp. Wates RT.06 RW.03 Pakulonan Serpong','3671','','021-53125626','info@klikfast.com','','','Bapak Kusnadi','0812-8018-6299','','A'),
(45,'PT Mata Utama','','Perkantoran Gandaria 8 Lt. 8 Jl. Sultan Iskandar Muda, Kebayoran Lama','3171','','021-29401696','damhaizal@matautama.com ','','','Damhaizal','0812-8247-1937','','A'),
(46,'PT ACA Pasific','','Satrio Tower Lt. 19 Unit 01, Jl. Prof DR. Satrio KAV C4 Kuningan Timur Setiabudi','3171','','021-25981100','mursid@acapacific.co.id ','','','Mursid Hertanto  ','8129313809','','A'),
(47,'PT. Toa Galva Prima Karya','','Jl. Hayam Wuruk No.27 Lt. 4 Kebon Kelapa, Gambir ','','','0213457201','epranatala@galva.co.id','','','Eddy Pranatala  ','81293317385','','A'),
(48,'PT Pilar Global Solusi','','Jl. KH. Wahid Hasyim No.10 B-C Menteng','3173','','',' ekyhabara@pgsolusi.com','','','Eky','82210040614','','A'),
(49,'PT Sagitta Indonesia','','18th Floor, Cyber2 Tower No. 13, Jl. H. R. Rasuna Said No.RT.7, RT.7/RW.2, Kuningan, Kuningan Tim., Kecamatan Setiabudi, Kota Jakarta Selatan, Daerah Khusus Ibukota Jakarta 12950','3171','12950','081311592359','stone@sagittaindonesia.com','https://pt-sagitta-indonesia.business.site/?m=true','Security System Supplier','Ruan Hui (stone)','',NULL,'A'),
(50,'PT Amanera Bersama Abadi','','Graha Raum Jl. Tembus Kalimalang No.1 Lt. 2 No. C Jakasampurna','','','021-89453202','kinanti94@yahoo.com','','','Kinanti','','','A'),
(51,'PT Trimitra Kolaborasi Mandiri','','Premier Park 2 Blok AA-10, Cikokol ','3671','15117','021-22594349','sales@3kom.co.id','','','Yosep Purbaseta','8121072011','','A'),
(52,'PT Karya Rekaelektronika Sinergi Indonesia (kresindo)','','Kp. Telajung Jl. Metro Telajung No.68 RT.002 RW. 009','3275','','021-82611616','matheosjeffry@yahoo.com','','','Matheos','','','A'),
(53,'PT Prima Data Utama Sentosa','','','','','','','','','','','','A'),
(54,'PT Sentral Mitra Informatika','','','','','','','','','','','','A'),
(55,'PT Techpac Indo','','','','','','','','','','','','A'),
(56,'PT Mitra Security Asia','','','','','','','','','','','','A'),
(57,'PT Profis Solusindo','','','','','','','','','','','','A'),
(58,'PT Cipta Satria Informatika','','','','','','','','','','','','A'),
(59,'PT Enabler','','','','','','','','','','','','A'),
(60,'PT Ampnet Mega Pacific','','','','','','','','','','','','A'),
(61,'PT TIA System','','','','','','','','','','','','A'),
(62,'PT Spartadua Ribujaya','','','','','','','','','','','','A'),
(63,'PT Putra Towerindo Persada','','Menara Dea Lantai 11, JL Mega Kuningan, No 1, RT.5/RW.2, Kuningan, Kuningan Timur','','12950','0215760830','iwan.bambang@putrapersada.co.id','','','Iwan Bambang','',NULL,'A'),
(64,'PT Harvest Baskara Technology','31.280.380.2-048.000','Jl. Cilosari No.21 RT.009 RW.004, Jakarta Pusat','3173','0','0213907222','hadiansyah@harvestbaskara.com','','Telekomunikasi','Hadiansyah','0213907222',NULL,'A'),
(65,'3 KOM (Trimitra Kolaborasi Mandiri)',' 71.073.706.5-034.000','Premier Park 2, Blok AA No 10, Cikokol.','3671','15117','02122594349','sales@3kom.co.id','https://3kom.co.id','IT & Telecommunications Systems Integrator','N/A','0',NULL,'A'),
(66,'PT Awan Integrasi Sandidata','71.087.315.9-012.000','Kebayoran Square Business Park - Blok KQ/A-16 Bintaro Jaya Sektor 7, Jl. Boulevard Bintaro Jaya , Kota Tangerang Selatan, Banten 15224','','15224','02129393999','eproc@vibicloud.com','https://www.vibicloud.com/','Konsultan Jasa IT','Alvonsus Bram Radityo Nugroho','02129393999',NULL,'A');

/*!40101 SET SQL_MODE=@OLD_SQL_MODE */;
/*!40014 SET FOREIGN_KEY_CHECKS=@OLD_FOREIGN_KEY_CHECKS */;
/*!40014 SET UNIQUE_CHECKS=@OLD_UNIQUE_CHECKS */;
/*!40111 SET SQL_NOTES=@OLD_SQL_NOTES */;
